[INFO] Starting Food Pricing pipeline Sat 11/15/2025 19:17:54.31 
[INFO] R: "C:\Users\vlcollier\AppData\Local\Programs\R\R-4.4.1\bin\Rscript.exe" 
[INFO] Runner: "G:\.shortcut-targets-by-id\10hwxlrEnEox7VqS6tvo44Q8rX59qZcSg\Drones_MV\GITHUB\ISER\MJones\FOOD_SECURITY\FOOD_PRICING\DATA_PULL_SCRIPTS\Python_setup\central_food_pull.R" 
[INFO] Logs: "G:\.shortcut-targets-by-id\10hwxlrEnEox7VqS6tvo44Q8rX59qZcSg\Drones_MV\GITHUB\ISER\MJones\FOOD_SECURITY\FOOD_PRICING\DATA_PULL_SCRIPTS\Scraping_Logs" 
[DEBUG] WM wait=360m poll=120s 
 
Warning messages:
1: package 'reticulate' was built under R version 4.4.2 
2: package 'fs' was built under R version 4.4.2 
3: package 'glue' was built under R version 4.4.2 
python:         C:/Users/vlcollier/.venvs/FP_env/Scripts/python.exe
libpython:      C:/Users/vlcollier/AppData/Local/r-reticulate/r-reticulate/pyenv/pyenv-win/versions/3.12.7/python312.dll
pythonhome:     C:/Users/vlcollier/.venvs/FP_env
version:        3.12.7 (tags/v3.12.7:0b05ead, Oct  1 2024, 03:06:41) [MSC v.1941 64 bit (AMD64)]
Architecture:   64bit
numpy:          C:/Users/vlcollier/.venvs/FP_env/Lib/site-packages/numpy
numpy_version:  2.1.3

NOTE: Python version was forced by use_python() function
LOG_DIR (R) => G:/.shortcut-targets-by-id/10hwxlrEnEox7VqS6tvo44Q8rX59qZcSg/Drones_MV/GITHUB/ISER/MJones/FOOD_SECURITY/FOOD_PRICING/DATA_PULL_SCRIPTS/Scraping_Logs
FM log path => G:/.shortcut-targets-by-id/10hwxlrEnEox7VqS6tvo44Q8rX59qZcSg/Drones_MV/GITHUB/ISER/MJones/FOOD_SECURITY/FOOD_PRICING/DATA_PULL_SCRIPTS/Scraping_Logs/FM_20251115.log
Resolved scripts:
  ACC: G:/.shortcut-targets-by-id/10hwxlrEnEox7VqS6tvo44Q8rX59qZcSg/Drones_MV/GITHUB/ISER/MJones/FOOD_SECURITY/FOOD_PRICING/DATA_PULL_SCRIPTS/ACC/ACC_PULL36.py
  CS : G:/.shortcut-targets-by-id/10hwxlrEnEox7VqS6tvo44Q8rX59qZcSg/Drones_MV/GITHUB/ISER/MJones/FOOD_SECURITY/FOOD_PRICING/DATA_PULL_SCRIPTS/CS/BrightData/Carrs8-BrightData.py
  FM : G:/.shortcut-targets-by-id/10hwxlrEnEox7VqS6tvo44Q8rX59qZcSg/Drones_MV/GITHUB/ISER/MJones/FOOD_SECURITY/FOOD_PRICING/DATA_PULL_SCRIPTS/FM/FM9_vc.py
  WM : G:/.shortcut-targets-by-id/10hwxlrEnEox7VqS6tvo44Q8rX59qZcSg/Drones_MV/GITHUB/ISER/MJones/FOOD_SECURITY/FOOD_PRICING/DATA_PULL_SCRIPTS/WM/Bright_Data/Scripts/Walmart_Bright_Data11.py
WM env: BRIGHTDATA_API_KEY=fb96b4…
  |                                                                              |                                                                      |   0%
──── Food Pull: 3 job(s) ─────────────────
(1/3) ACC — starting
[2025-11-15 19:17:56] START:   G:/.shortcut-targets-by-id/10hwxlrEnEox7VqS6tvo44Q8rX59qZcSg/Drones_MV/GITHUB/ISER/MJones/FOOD_SECURITY/FOOD_PRICING/DATA_PULL_SCRIPTS/ACC/ACC_PULL36.py
Starting ACC data scraping...

Processing ZIP 99574 (store 235)
  (1/347) Searching keyword: 'Gold Medal Flour'
  (2/347) Searching keyword: 'Sugar granulated'
  (3/347) Searching keyword: 'Carnation Evaporated milk'
  (4/347) Searching keyword: 'Cereal Kellogg's corn flakes'
  (5/347) Searching keyword: 'Quaker Oatmeal 18 oz canister'
  (6/347) Searching keyword: 'rice long grain'
  (7/347) Searching keyword: 'White Bread loaf'
  (8/347) Searching keyword: 'Wheat Bread loaf'
  (9/347) Searching keyword: 'Spaghetti'
  (10/347) Searching keyword: 'Tortillas Mission soft taco'
  (11/347) Searching keyword: 'Pilot Bread'
  (12/347) Searching keyword: 'Nabisco saltine crackers'
  (13/347) Searching keyword: 'Ground beef lean'
  (14/347) Searching keyword: 'Chuck roast'
  (15/347) Searching keyword: 'Steak round'
  (16/347) Searching keyword: 'Steak New york'
  (17/347) Searching keyword: 'Chicken whole'
  (18/347) Searching keyword: 'Chicken breast'
  (19/347) Searching keyword: 'Bacon thick'
  (20/347) Searching keyword: 'Pork chops center'
  (21/347) Searching keyword: 'Ham boneless'
  (22/347) Searching keyword: 'Hot Dogs'
  (23/347) Searching keyword: 'Spam'
  (24/347) Searching keyword: 'Tuna light chunk oil'
  (25/347) Searching keyword: 'Eggs 18 count'
  (26/347) Searching keyword: 'Eggs Dozen'
  (27/347) Searching keyword: 'Milk whole 1 gallon'
  (28/347) Searching keyword: 'Milk 2% 1 gallon'
  (29/347) Searching keyword: 'Butter salted'
  (30/347) Searching keyword: 'Tillamook cheddar cheese 2 lb'
  (31/347) Searching keyword: 'Kraft American singles'
  (32/347) Searching keyword: 'Darigold Sour cream 17'
  (33/347) Searching keyword: 'Yoplait Yogurt blueberry'
  (34/347) Searching keyword: 'Vanilla Ice cream'
  (35/347) Searching keyword: 'Red Delicious Apples'
  (36/347) Searching keyword: 'Bananas'
  (37/347) Searching keyword: 'Oranges'
  (38/347) Searching keyword: 'Russet Potatoes'
  (39/347) Searching keyword: 'Iceberg Lettuce'
  (40/347) Searching keyword: 'Tomatoes large'
  (41/347) Searching keyword: 'yellow Onions'
  (42/347) Searching keyword: 'Canned Corn Del Monte'
  (43/347) Searching keyword: 'Canned green beans Del Monte'
  (44/347) Searching keyword: 'Dole Canned mandarin oranges'
  (45/347) Searching keyword: 'Orange juice frozen'
  (46/347) Searching keyword: 'Coke 13'
  (47/347) Searching keyword: 'Pepsi 13'
  (48/347) Searching keyword: '8 Up'
  (49/347) Searching keyword: 'Folgers Coffee'
  (50/347) Searching keyword: 'Lipton Tea bags'
  (51/347) Searching keyword: 'Top Ramen chicken'
  (52/347) Searching keyword: 'Heinz Ketchup'
  (53/347) Searching keyword: 'Smuckers Jelly strawberry'
  (54/347) Searching keyword: 'JIF Peanut Butter creamy'
  (55/347) Searching keyword: 'Vegetable'
  (56/347) Searching keyword: 'Infant Formula'
  (57/347) Searching keyword: 'ground beef'
  (58/347) Searching keyword: 'whole chicken'
  (59/347) Searching keyword: 'bacon'
  (60/347) Searching keyword: 'sausage'
  (61/347) Searching keyword: 'pork chops'
  (62/347) Searching keyword: 'deli meat'
  (63/347) Searching keyword: 'steak'
  (64/347) Searching keyword: 'turkey breast'
  (65/347) Searching keyword: 'ham'
  (66/347) Searching keyword: 'salami'
  (67/347) Searching keyword: 'meatballs'
  (68/347) Searching keyword: 'roast beef'
  (69/347) Searching keyword: 'frozen chicken nuggets'
  (70/347) Searching keyword: 'milk'
  (71/347) Searching keyword: 'eggs'
  (72/347) Searching keyword: 'butter'
  (73/347) Searching keyword: 'sour cream'
  (74/347) Searching keyword: 'shredded cheese'
  (75/347) Searching keyword: 'cream cheese'
  (76/347) Searching keyword: 'yogurt'
  (77/347) Searching keyword: 'cottage cheese'
  (78/347) Searching keyword: 'ice cream'
  (79/347) Searching keyword: 'half and half'
  (80/347) Searching keyword: 'apples'
  (81/347) Searching keyword: 'grapes'
  (82/347) Searching keyword: 'carrots'
  (83/347) Searching keyword: 'tomatoes'
  (84/347) Searching keyword: 'lettuce'
  (85/347) Searching keyword: 'broccoli'
  (86/347) Searching keyword: 'potatoes'
  (87/347) Searching keyword: 'onions'
  (88/347) Searching keyword: 'white bread'
  (89/347) Searching keyword: 'whole wheat bread'
  (90/347) Searching keyword: 'hamburger buns'
  (91/347) Searching keyword: 'tortillas'
  (92/347) Searching keyword: 'bagels'
  (93/347) Searching keyword: 'English muffins'
  (94/347) Searching keyword: 'pita bread'
  (95/347) Searching keyword: 'croissants'
  (96/347) Searching keyword: 'dinner rolls'
  (97/347) Searching keyword: 'gluten free bread'
  (98/347) Searching keyword: 'white rice'
  (99/347) Searching keyword: 'brown rice'
  (100/347) Searching keyword: 'elbow macaroni'
  (101/347) Searching keyword: 'lasagna noodles'
  (102/347) Searching keyword: 'instant rice'
  (103/347) Searching keyword: 'ramen'
  (104/347) Searching keyword: 'quinoa'
  (105/347) Searching keyword: 'couscous'
  (106/347) Searching keyword: 'flour'
  (107/347) Searching keyword: 'canned corn'
  (108/347) Searching keyword: 'canned beans'
  (109/347) Searching keyword: 'peanut butter'
  (110/347) Searching keyword: 'jelly'
  (111/347) Searching keyword: 'mayonnaise'
  (112/347) Searching keyword: 'ketchup'
  (113/347) Searching keyword: 'mustard'
  (114/347) Searching keyword: 'cooking oil'
  (115/347) Searching keyword: 'vinegar'
  (116/347) Searching keyword: 'sugar'
  (117/347) Searching keyword: 'toilet paper'
  (118/347) Searching keyword: 'paper towels'
  (119/347) Searching keyword: 'laundry detergent'
  (120/347) Searching keyword: 'dish soap'
  (121/347) Searching keyword: 'trash bags'
  (122/347) Searching keyword: 'cleaning wipes'
  (123/347) Searching keyword: 'air freshener'
  (124/347) Searching keyword: 'aluminum foil'
  (125/347) Searching keyword: 'ziplock bags'
  (126/347) Searching keyword: 'sponges'
  (127/347) Searching keyword: 'coffee'
  (128/347) Searching keyword: 'tea'
  (129/347) Searching keyword: 'orange juice'
  (130/347) Searching keyword: 'apple juice'
  (131/347) Searching keyword: 'soda'
  (132/347) Searching keyword: 'bottled water'
  (133/347) Searching keyword: 'energy drink'
  (134/347) Searching keyword: 'sports drink'
  (135/347) Searching keyword: 'lemonade'
  (136/347) Searching keyword: 'hot cocoa'
  (137/347) Searching keyword: 'potato chips'
  (138/347) Searching keyword: 'crackers'
  (139/347) Searching keyword: 'cookies'
  (140/347) Searching keyword: 'pretzels'
  (141/347) Searching keyword: 'granola bars'
  (142/347) Searching keyword: 'fruit snacks'
  (143/347) Searching keyword: 'popcorn'
  (144/347) Searching keyword: 'trail mix'
  (145/347) Searching keyword: 'jerky'
  (146/347) Searching keyword: 'nuts'
  (147/347) Searching keyword: 'toothpaste'
  (148/347) Searching keyword: 'shampoo'
  (149/347) Searching keyword: 'bar soap'
  (150/347) Searching keyword: 'deodorant'
  (151/347) Searching keyword: 'razor'
  (152/347) Searching keyword: 'apple'
  (153/347) Searching keyword: 'apricot'
  (154/347) Searching keyword: 'artichoke'
  (155/347) Searching keyword: 'arugula'
  (156/347) Searching keyword: 'asparagus'
  (157/347) Searching keyword: 'avocado'
  (158/347) Searching keyword: 'banana'
  (159/347) Searching keyword: 'beet'
  (160/347) Searching keyword: 'bell pepper'
  (161/347) Searching keyword: 'blackberry'
  (162/347) Searching keyword: 'blueberry'
  (163/347) Searching keyword: 'bok choy'
  (164/347) Searching keyword: 'brussels sprouts'
  (165/347) Searching keyword: 'cabbage'
  (166/347) Searching keyword: 'cantaloupe'
  (167/347) Searching keyword: 'carrot'
  (168/347) Searching keyword: 'cauliflower'
  (169/347) Searching keyword: 'celery'
  (170/347) Searching keyword: 'chard'
  (171/347) Searching keyword: 'cherry'
  (172/347) Searching keyword: 'chili pepper'
  (173/347) Searching keyword: 'collard greens'
  (174/347) Searching keyword: 'cucumber'
  (175/347) Searching keyword: 'eggplant'
  (176/347) Searching keyword: 'endive'
  (177/347) Searching keyword: 'escarole'
  (178/347) Searching keyword: 'fig'
  (179/347) Searching keyword: 'garlic'
  (180/347) Searching keyword: 'ginger'
  (181/347) Searching keyword: 'grape'
  (182/347) Searching keyword: 'grapefruit'
  (183/347) Searching keyword: 'green beans'
  (184/347) Searching keyword: 'green onion'
  (185/347) Searching keyword: 'green pepper'
  (186/347) Searching keyword: 'habanero'
  (187/347) Searching keyword: 'honeydew'
  (188/347) Searching keyword: 'jalapeno'
  (189/347) Searching keyword: 'kale'
  (190/347) Searching keyword: 'kiwi'
  (191/347) Searching keyword: 'leek'
  (192/347) Searching keyword: 'lemon'
  (193/347) Searching keyword: 'lime'
  (194/347) Searching keyword: 'mango'
  (195/347) Searching keyword: 'mushroom'
  (196/347) Searching keyword: 'mustard greens'
  (197/347) Searching keyword: 'nectarine'
  (198/347) Searching keyword: 'okra'
  (199/347) Searching keyword: 'onion'
  (200/347) Searching keyword: 'orange'
  (201/347) Searching keyword: 'papaya'
  (202/347) Searching keyword: 'parsnip'
  (203/347) Searching keyword: 'peach'
  (204/347) Searching keyword: 'pear'
  (205/347) Searching keyword: 'pineapple'
  (206/347) Searching keyword: 'plum'
  (207/347) Searching keyword: 'pomegranate'
  (208/347) Searching keyword: 'potato'
  (209/347) Searching keyword: 'pumpkin'
  (210/347) Searching keyword: 'radicchio'
  (211/347) Searching keyword: 'radish'
  (212/347) Searching keyword: 'raspberry'
  (213/347) Searching keyword: 'red cabbage'
  (214/347) Searching keyword: 'red pepper'
  (215/347) Searching keyword: 'romaine lettuce'
  (216/347) Searching keyword: 'rutabaga'
  (217/347) Searching keyword: 'shallot'
  (218/347) Searching keyword: 'snap peas'
  (219/347) Searching keyword: 'snow peas'
  (220/347) Searching keyword: 'spinach'
  (221/347) Searching keyword: 'squash'
  (222/347) Searching keyword: 'strawberry'
  (223/347) Searching keyword: 'sweet potato'
  (224/347) Searching keyword: 'tomato'
  (225/347) Searching keyword: 'turnip'
  (226/347) Searching keyword: 'watermelon'
  (227/347) Searching keyword: 'yellow pepper'
  (228/347) Searching keyword: 'zucchini'
  (229/347) Searching keyword: 'Almond'
  (230/347) Searching keyword: 'Dressing'
  (231/347) Searching keyword: 'Bagel'
  (232/347) Searching keyword: 'Bean'
  (233/347) Searching keyword: 'Soup'
  (234/347) Searching keyword: 'Beef'
  (235/347) Searching keyword: 'Beverages'
  (236/347) Searching keyword: 'Juice'
  (237/347) Searching keyword: 'Bread'
  (238/347) Searching keyword: 'Breakfast bar'
  (239/347) Searching keyword: 'Burrito'
  (240/347) Searching keyword: 'Cactus'
  (241/347) Searching keyword: 'oil'
  (242/347) Searching keyword: 'Canola'
  (243/347) Searching keyword: 'dip'
  (244/347) Searching keyword: 'Cassava'
  (245/347) Searching keyword: 'granola bar'
  (246/347) Searching keyword: 'Cereal'
  (247/347) Searching keyword: 'Cheese'
  (248/347) Searching keyword: 'Chicken'
  (249/347) Searching keyword: 'Chickpea'
  (250/347) Searching keyword: 'Chili'
  (251/347) Searching keyword: 'Chip'
  (252/347) Searching keyword: 'Chocolate'
  (253/347) Searching keyword: 'syrup'
  (254/347) Searching keyword: 'hazelnut'
  (255/347) Searching keyword: 'Coconut'
  (256/347) Searching keyword: 'Cod'
  (257/347) Searching keyword: 'creamer'
  (258/347) Searching keyword: 'Coleslaw'
  (259/347) Searching keyword: 'Collard'
  (260/347) Searching keyword: 'cilantro'
  (261/347) Searching keyword: 'Corn'
  (262/347) Searching keyword: 'Cowpeas'
  (263/347) Searching keyword: 'Cracker'
  (264/347) Searching keyword: 'Cranberry'
  (265/347) Searching keyword: 'wheat'
  (266/347) Searching keyword: 'Cream'
  (267/347) Searching keyword: 'Egg'
  (268/347) Searching keyword: 'Eggnog'
  (269/347) Searching keyword: 'Fava'
  (270/347) Searching keyword: 'Fish'
  (271/347) Searching keyword: 'Flan'
  (272/347) Searching keyword: 'rice'
  (273/347) Searching keyword: 'hot dog'
  (274/347) Searching keyword: 'Frankfurter'
  (275/347) Searching keyword: 'cocktail'
  (276/347) Searching keyword: 'Fruit juice'
  (277/347) Searching keyword: 'Gelatin'
  (278/347) Searching keyword: 'Goat'
  (279/347) Searching keyword: 'Greens'
  (280/347) Searching keyword: 'Guava'
  (281/347) Searching keyword: 'Hominy'
  (282/347) Searching keyword: 'Honey'
  (283/347) Searching keyword: 'Ice'
  (284/347) Searching keyword: 'Icing'
  (285/347) Searching keyword: 'Italian dressing'
  (286/347) Searching keyword: 'preserve'
  (287/347) Searching keyword: 'Jam'
  (288/347) Searching keyword: 'Lard'
  (289/347) Searching keyword: 'Lentil'
  (290/347) Searching keyword: 'Macaroni'
  (291/347) Searching keyword: 'Margarine'
  (292/347) Searching keyword: 'Marmalade'
  (293/347) Searching keyword: 'Masa harina'
  (294/347) Searching keyword: 'Melon'
  (295/347) Searching keyword: 'Mozzarella'
  (296/347) Searching keyword: 'Multigrain'
  (297/347) Searching keyword: 'Noodle'
  (298/347) Searching keyword: 'Nopal'
  (299/347) Searching keyword: 'Nutrition bar'
  (300/347) Searching keyword: 'Nut'
  (301/347) Searching keyword: 'Oat bran'
  (302/347) Searching keyword: 'Oatmeal'
  (303/347) Searching keyword: 'Parsley'
  (304/347) Searching keyword: 'Passion fruit'
  (305/347) Searching keyword: 'Pasta'
  (306/347) Searching keyword: 'Peanut'
  (307/347) Searching keyword: 'Pea'
  (308/347) Searching keyword: 'Pepper'
  (309/347) Searching keyword: 'Persimmon'
  (310/347) Searching keyword: 'relish'
  (311/347) Searching keyword: 'Pinto'
  (312/347) Searching keyword: 'Pizza'
  (313/347) Searching keyword: 'Plantain'
  (314/347) Searching keyword: 'Poppy seed'
  (315/347) Searching keyword: 'Pork'
  (316/347) Searching keyword: 'Prune'
  (317/347) Searching keyword: 'Pudding'
  (318/347) Searching keyword: 'Ravioli'
  (319/347) Searching keyword: 'kidney'
  (320/347) Searching keyword: 'Roll'
  (321/347) Searching keyword: 'Salad'
  (322/347) Searching keyword: 'Salsa'
  (323/347) Searching keyword: 'Salt'
  (324/347) Searching keyword: 'Sandwich'
  (325/347) Searching keyword: 'Sauce'
  (326/347) Searching keyword: 'Sauerkraut'
  (327/347) Searching keyword: 'Seafood'
  (328/347) Searching keyword: 'Sesame'
  (329/347) Searching keyword: 'Sherbet'
  (330/347) Searching keyword: 'Snack'
  (331/347) Searching keyword: 'Soft drink'
  (332/347) Searching keyword: 'Soy'
  (333/347) Searching keyword: 'Soybean'
  (334/347) Searching keyword: 'Spice'
  (335/347) Searching keyword: 'Strawberries'
  (336/347) Searching keyword: 'Sweetener'
  (337/347) Searching keyword: 'Tahini'
  (338/347) Searching keyword: 'Tangerine'
  (339/347) Searching keyword: 'Topping'
  (340/347) Searching keyword: 'Tortilla'
  (341/347) Searching keyword: 'Tuna'
  (342/347) Searching keyword: 'Whipped'
  (343/347) Searching keyword: 'Whiting'
  (344/347) Searching keyword: 'jicama'
  (345/347) Searching keyword: 'Yellow'
  (346/347) Searching keyword: 'bottled water'
  (347/347) Searching keyword: 'bottled spring water'
  Saving and emailing results for store 235...
Payload results saved to G:\.shortcut-targets-by-id\10hwxlrEnEox7VqS6tvo44Q8rX59qZcSg\Drones_MV\UAV Rural Essential Goods Delivery\FOOD_PRICING\Data_Scraping\ACC\ACC_25_11\ACC_235_11_25.csv

Processing ZIP 99721 (store 122)
  (1/347) Searching keyword: 'Gold Medal Flour'
  (2/347) Searching keyword: 'Sugar granulated'
  (3/347) Searching keyword: 'Carnation Evaporated milk'
  (4/347) Searching keyword: 'Cereal Kellogg's corn flakes'
  (5/347) Searching keyword: 'Quaker Oatmeal 18 oz canister'
  (6/347) Searching keyword: 'rice long grain'
  (7/347) Searching keyword: 'White Bread loaf'
  (8/347) Searching keyword: 'Wheat Bread loaf'
  (9/347) Searching keyword: 'Spaghetti'
  (10/347) Searching keyword: 'Tortillas Mission soft taco'
  (11/347) Searching keyword: 'Pilot Bread'
  (12/347) Searching keyword: 'Nabisco saltine crackers'
  (13/347) Searching keyword: 'Ground beef lean'
  (14/347) Searching keyword: 'Chuck roast'
  (15/347) Searching keyword: 'Steak round'
  (16/347) Searching keyword: 'Steak New york'
  (17/347) Searching keyword: 'Chicken whole'
  (18/347) Searching keyword: 'Chicken breast'
  (19/347) Searching keyword: 'Bacon thick'
  (20/347) Searching keyword: 'Pork chops center'
  (21/347) Searching keyword: 'Ham boneless'
  (22/347) Searching keyword: 'Hot Dogs'
  (23/347) Searching keyword: 'Spam'
  (24/347) Searching keyword: 'Tuna light chunk oil'
  (25/347) Searching keyword: 'Eggs 18 count'
  (26/347) Searching keyword: 'Eggs Dozen'
  (27/347) Searching keyword: 'Milk whole 1 gallon'
  (28/347) Searching keyword: 'Milk 2% 1 gallon'
  (29/347) Searching keyword: 'Butter salted'
  (30/347) Searching keyword: 'Tillamook cheddar cheese 2 lb'
  (31/347) Searching keyword: 'Kraft American singles'
  (32/347) Searching keyword: 'Darigold Sour cream 17'
  (33/347) Searching keyword: 'Yoplait Yogurt blueberry'
  (34/347) Searching keyword: 'Vanilla Ice cream'
  (35/347) Searching keyword: 'Red Delicious Apples'
  (36/347) Searching keyword: 'Bananas'
  (37/347) Searching keyword: 'Oranges'
  (38/347) Searching keyword: 'Russet Potatoes'
  (39/347) Searching keyword: 'Iceberg Lettuce'
  (40/347) Searching keyword: 'Tomatoes large'
  (41/347) Searching keyword: 'yellow Onions'
  (42/347) Searching keyword: 'Canned Corn Del Monte'
  (43/347) Searching keyword: 'Canned green beans Del Monte'
  (44/347) Searching keyword: 'Dole Canned mandarin oranges'
  (45/347) Searching keyword: 'Orange juice frozen'
  (46/347) Searching keyword: 'Coke 13'
  (47/347) Searching keyword: 'Pepsi 13'
  (48/347) Searching keyword: '8 Up'
  (49/347) Searching keyword: 'Folgers Coffee'
  (50/347) Searching keyword: 'Lipton Tea bags'
  (51/347) Searching keyword: 'Top Ramen chicken'
  (52/347) Searching keyword: 'Heinz Ketchup'
  (53/347) Searching keyword: 'Smuckers Jelly strawberry'
  (54/347) Searching keyword: 'JIF Peanut Butter creamy'
  (55/347) Searching keyword: 'Vegetable'
  (56/347) Searching keyword: 'Infant Formula'
  (57/347) Searching keyword: 'ground beef'
  (58/347) Searching keyword: 'whole chicken'
  (59/347) Searching keyword: 'bacon'
  (60/347) Searching keyword: 'sausage'
  (61/347) Searching keyword: 'pork chops'
  (62/347) Searching keyword: 'deli meat'
  (63/347) Searching keyword: 'steak'
  (64/347) Searching keyword: 'turkey breast'
  (65/347) Searching keyword: 'ham'
  (66/347) Searching keyword: 'salami'
  (67/347) Searching keyword: 'meatballs'
  (68/347) Searching keyword: 'roast beef'
  (69/347) Searching keyword: 'frozen chicken nuggets'
  (70/347) Searching keyword: 'milk'
  (71/347) Searching keyword: 'eggs'
  (72/347) Searching keyword: 'butter'
  (73/347) Searching keyword: 'sour cream'
  (74/347) Searching keyword: 'shredded cheese'
  (75/347) Searching keyword: 'cream cheese'
  (76/347) Searching keyword: 'yogurt'
  (77/347) Searching keyword: 'cottage cheese'
  (78/347) Searching keyword: 'ice cream'
  (79/347) Searching keyword: 'half and half'
  (80/347) Searching keyword: 'apples'
  (81/347) Searching keyword: 'grapes'
  (82/347) Searching keyword: 'carrots'
  (83/347) Searching keyword: 'tomatoes'
  (84/347) Searching keyword: 'lettuce'
  (85/347) Searching keyword: 'broccoli'
  (86/347) Searching keyword: 'potatoes'
  (87/347) Searching keyword: 'onions'
  (88/347) Searching keyword: 'white bread'
  (89/347) Searching keyword: 'whole wheat bread'
  (90/347) Searching keyword: 'hamburger buns'
  (91/347) Searching keyword: 'tortillas'
  (92/347) Searching keyword: 'bagels'
  (93/347) Searching keyword: 'English muffins'
  (94/347) Searching keyword: 'pita bread'
  (95/347) Searching keyword: 'croissants'
  (96/347) Searching keyword: 'dinner rolls'
  (97/347) Searching keyword: 'gluten free bread'
  (98/347) Searching keyword: 'white rice'
  (99/347) Searching keyword: 'brown rice'
  (100/347) Searching keyword: 'elbow macaroni'
  (101/347) Searching keyword: 'lasagna noodles'
  (102/347) Searching keyword: 'instant rice'
  (103/347) Searching keyword: 'ramen'
  (104/347) Searching keyword: 'quinoa'
  (105/347) Searching keyword: 'couscous'
  (106/347) Searching keyword: 'flour'
  (107/347) Searching keyword: 'canned corn'
  (108/347) Searching keyword: 'canned beans'
  (109/347) Searching keyword: 'peanut butter'
  (110/347) Searching keyword: 'jelly'
  (111/347) Searching keyword: 'mayonnaise'
  (112/347) Searching keyword: 'ketchup'
  (113/347) Searching keyword: 'mustard'
  (114/347) Searching keyword: 'cooking oil'
  (115/347) Searching keyword: 'vinegar'
  (116/347) Searching keyword: 'sugar'
  (117/347) Searching keyword: 'toilet paper'
  (118/347) Searching keyword: 'paper towels'
  (119/347) Searching keyword: 'laundry detergent'
  (120/347) Searching keyword: 'dish soap'
  (121/347) Searching keyword: 'trash bags'
  (122/347) Searching keyword: 'cleaning wipes'
  (123/347) Searching keyword: 'air freshener'
  (124/347) Searching keyword: 'aluminum foil'
  (125/347) Searching keyword: 'ziplock bags'
  (126/347) Searching keyword: 'sponges'
  (127/347) Searching keyword: 'coffee'
  (128/347) Searching keyword: 'tea'
  (129/347) Searching keyword: 'orange juice'
  (130/347) Searching keyword: 'apple juice'
  (131/347) Searching keyword: 'soda'
  (132/347) Searching keyword: 'bottled water'
  (133/347) Searching keyword: 'energy drink'
  (134/347) Searching keyword: 'sports drink'
  (135/347) Searching keyword: 'lemonade'
  (136/347) Searching keyword: 'hot cocoa'
  (137/347) Searching keyword: 'potato chips'
  (138/347) Searching keyword: 'crackers'
  (139/347) Searching keyword: 'cookies'
  (140/347) Searching keyword: 'pretzels'
  (141/347) Searching keyword: 'granola bars'
  (142/347) Searching keyword: 'fruit snacks'
  (143/347) Searching keyword: 'popcorn'
  (144/347) Searching keyword: 'trail mix'
  (145/347) Searching keyword: 'jerky'
  (146/347) Searching keyword: 'nuts'
  (147/347) Searching keyword: 'toothpaste'
  (148/347) Searching keyword: 'shampoo'
  (149/347) Searching keyword: 'bar soap'
  (150/347) Searching keyword: 'deodorant'
  (151/347) Searching keyword: 'razor'
  (152/347) Searching keyword: 'apple'
  (153/347) Searching keyword: 'apricot'
  (154/347) Searching keyword: 'artichoke'
  (155/347) Searching keyword: 'arugula'
  (156/347) Searching keyword: 'asparagus'
  (157/347) Searching keyword: 'avocado'
  (158/347) Searching keyword: 'banana'
  (159/347) Searching keyword: 'beet'
  (160/347) Searching keyword: 'bell pepper'
  (161/347) Searching keyword: 'blackberry'
  (162/347) Searching keyword: 'blueberry'
  (163/347) Searching keyword: 'bok choy'
  (164/347) Searching keyword: 'brussels sprouts'
  (165/347) Searching keyword: 'cabbage'
  (166/347) Searching keyword: 'cantaloupe'
  (167/347) Searching keyword: 'carrot'
  (168/347) Searching keyword: 'cauliflower'
  (169/347) Searching keyword: 'celery'
  (170/347) Searching keyword: 'chard'
  (171/347) Searching keyword: 'cherry'
  (172/347) Searching keyword: 'chili pepper'
  (173/347) Searching keyword: 'collard greens'
  (174/347) Searching keyword: 'cucumber'
  (175/347) Searching keyword: 'eggplant'
  (176/347) Searching keyword: 'endive'
  (177/347) Searching keyword: 'escarole'
  (178/347) Searching keyword: 'fig'
  (179/347) Searching keyword: 'garlic'
  (180/347) Searching keyword: 'ginger'
  (181/347) Searching keyword: 'grape'
  (182/347) Searching keyword: 'grapefruit'
  (183/347) Searching keyword: 'green beans'
  (184/347) Searching keyword: 'green onion'
  (185/347) Searching keyword: 'green pepper'
  (186/347) Searching keyword: 'habanero'
  (187/347) Searching keyword: 'honeydew'
  (188/347) Searching keyword: 'jalapeno'
  (189/347) Searching keyword: 'kale'
  (190/347) Searching keyword: 'kiwi'
  (191/347) Searching keyword: 'leek'
  (192/347) Searching keyword: 'lemon'
  (193/347) Searching keyword: 'lime'
  (194/347) Searching keyword: 'mango'
  (195/347) Searching keyword: 'mushroom'
  (196/347) Searching keyword: 'mustard greens'
  (197/347) Searching keyword: 'nectarine'
  (198/347) Searching keyword: 'okra'
  (199/347) Searching keyword: 'onion'
  (200/347) Searching keyword: 'orange'
  (201/347) Searching keyword: 'papaya'
  (202/347) Searching keyword: 'parsnip'
  (203/347) Searching keyword: 'peach'
  (204/347) Searching keyword: 'pear'
  (205/347) Searching keyword: 'pineapple'
  (206/347) Searching keyword: 'plum'
  (207/347) Searching keyword: 'pomegranate'
  (208/347) Searching keyword: 'potato'
  (209/347) Searching keyword: 'pumpkin'
  (210/347) Searching keyword: 'radicchio'
  (211/347) Searching keyword: 'radish'
  (212/347) Searching keyword: 'raspberry'
  (213/347) Searching keyword: 'red cabbage'
  (214/347) Searching keyword: 'red pepper'
  (215/347) Searching keyword: 'romaine lettuce'
  (216/347) Searching keyword: 'rutabaga'
  (217/347) Searching keyword: 'shallot'
  (218/347) Searching keyword: 'snap peas'
  (219/347) Searching keyword: 'snow peas'
  (220/347) Searching keyword: 'spinach'
  (221/347) Searching keyword: 'squash'
  (222/347) Searching keyword: 'strawberry'
  (223/347) Searching keyword: 'sweet potato'
  (224/347) Searching keyword: 'tomato'
  (225/347) Searching keyword: 'turnip'
  (226/347) Searching keyword: 'watermelon'
  (227/347) Searching keyword: 'yellow pepper'
  (228/347) Searching keyword: 'zucchini'
  (229/347) Searching keyword: 'Almond'
  (230/347) Searching keyword: 'Dressing'
  (231/347) Searching keyword: 'Bagel'
  (232/347) Searching keyword: 'Bean'
  (233/347) Searching keyword: 'Soup'
  (234/347) Searching keyword: 'Beef'
  (235/347) Searching keyword: 'Beverages'
  (236/347) Searching keyword: 'Juice'
  (237/347) Searching keyword: 'Bread'
  (238/347) Searching keyword: 'Breakfast bar'
  (239/347) Searching keyword: 'Burrito'
  (240/347) Searching keyword: 'Cactus'
  (241/347) Searching keyword: 'oil'
  (242/347) Searching keyword: 'Canola'
  (243/347) Searching keyword: 'dip'
  (244/347) Searching keyword: 'Cassava'
  (245/347) Searching keyword: 'granola bar'
  (246/347) Searching keyword: 'Cereal'
  (247/347) Searching keyword: 'Cheese'
  (248/347) Searching keyword: 'Chicken'
  (249/347) Searching keyword: 'Chickpea'
  (250/347) Searching keyword: 'Chili'
  (251/347) Searching keyword: 'Chip'
  (252/347) Searching keyword: 'Chocolate'
  (253/347) Searching keyword: 'syrup'
  (254/347) Searching keyword: 'hazelnut'
  (255/347) Searching keyword: 'Coconut'
  (256/347) Searching keyword: 'Cod'
  (257/347) Searching keyword: 'creamer'
  (258/347) Searching keyword: 'Coleslaw'
  (259/347) Searching keyword: 'Collard'
  (260/347) Searching keyword: 'cilantro'
  (261/347) Searching keyword: 'Corn'
  (262/347) Searching keyword: 'Cowpeas'
  (263/347) Searching keyword: 'Cracker'
  (264/347) Searching keyword: 'Cranberry'
  (265/347) Searching keyword: 'wheat'
  (266/347) Searching keyword: 'Cream'
  (267/347) Searching keyword: 'Egg'
  (268/347) Searching keyword: 'Eggnog'
  (269/347) Searching keyword: 'Fava'
  (270/347) Searching keyword: 'Fish'
  (271/347) Searching keyword: 'Flan'
  (272/347) Searching keyword: 'rice'
  (273/347) Searching keyword: 'hot dog'
  (274/347) Searching keyword: 'Frankfurter'
  (275/347) Searching keyword: 'cocktail'
  (276/347) Searching keyword: 'Fruit juice'
  (277/347) Searching keyword: 'Gelatin'
  (278/347) Searching keyword: 'Goat'
  (279/347) Searching keyword: 'Greens'
  (280/347) Searching keyword: 'Guava'
  (281/347) Searching keyword: 'Hominy'
  (282/347) Searching keyword: 'Honey'
  (283/347) Searching keyword: 'Ice'
  (284/347) Searching keyword: 'Icing'
  (285/347) Searching keyword: 'Italian dressing'
  (286/347) Searching keyword: 'preserve'
  (287/347) Searching keyword: 'Jam'
  (288/347) Searching keyword: 'Lard'
  (289/347) Searching keyword: 'Lentil'
  (290/347) Searching keyword: 'Macaroni'
  (291/347) Searching keyword: 'Margarine'
  (292/347) Searching keyword: 'Marmalade'
  (293/347) Searching keyword: 'Masa harina'
  (294/347) Searching keyword: 'Melon'
  (295/347) Searching keyword: 'Mozzarella'
  (296/347) Searching keyword: 'Multigrain'
  (297/347) Searching keyword: 'Noodle'
  (298/347) Searching keyword: 'Nopal'
  (299/347) Searching keyword: 'Nutrition bar'
  (300/347) Searching keyword: 'Nut'
  (301/347) Searching keyword: 'Oat bran'
  (302/347) Searching keyword: 'Oatmeal'
  (303/347) Searching keyword: 'Parsley'
  (304/347) Searching keyword: 'Passion fruit'
  (305/347) Searching keyword: 'Pasta'
  (306/347) Searching keyword: 'Peanut'
  (307/347) Searching keyword: 'Pea'
  (308/347) Searching keyword: 'Pepper'
  (309/347) Searching keyword: 'Persimmon'
  (310/347) Searching keyword: 'relish'
  (311/347) Searching keyword: 'Pinto'
  (312/347) Searching keyword: 'Pizza'
  (313/347) Searching keyword: 'Plantain'
  (314/347) Searching keyword: 'Poppy seed'
  (315/347) Searching keyword: 'Pork'
  (316/347) Searching keyword: 'Prune'
  (317/347) Searching keyword: 'Pudding'
  (318/347) Searching keyword: 'Ravioli'
  (319/347) Searching keyword: 'kidney'
  (320/347) Searching keyword: 'Roll'
  (321/347) Searching keyword: 'Salad'
  (322/347) Searching keyword: 'Salsa'
  (323/347) Searching keyword: 'Salt'
  (324/347) Searching keyword: 'Sandwich'
  (325/347) Searching keyword: 'Sauce'
  (326/347) Searching keyword: 'Sauerkraut'
  (327/347) Searching keyword: 'Seafood'
  (328/347) Searching keyword: 'Sesame'
  (329/347) Searching keyword: 'Sherbet'
  (330/347) Searching keyword: 'Snack'
  (331/347) Searching keyword: 'Soft drink'
  (332/347) Searching keyword: 'Soy'
  (333/347) Searching keyword: 'Soybean'
  (334/347) Searching keyword: 'Spice'
  (335/347) Searching keyword: 'Strawberries'
  (336/347) Searching keyword: 'Sweetener'
  (337/347) Searching keyword: 'Tahini'
  (338/347) Searching keyword: 'Tangerine'
  (339/347) Searching keyword: 'Topping'
  (340/347) Searching keyword: 'Tortilla'
  (341/347) Searching keyword: 'Tuna'
  (342/347) Searching keyword: 'Whipped'
  (343/347) Searching keyword: 'Whiting'
  (344/347) Searching keyword: 'jicama'
  (345/347) Searching keyword: 'Yellow'
  (346/347) Searching keyword: 'bottled water'
  (347/347) Searching keyword: 'bottled spring water'
  Saving and emailing results for store 122...
Payload results saved to G:\.shortcut-targets-by-id\10hwxlrEnEox7VqS6tvo44Q8rX59qZcSg\Drones_MV\UAV Rural Essential Goods Delivery\FOOD_PRICING\Data_Scraping\ACC\ACC_25_11\ACC_122_11_25.csv

Processing ZIP 99557 (store 125)
  (1/347) Searching keyword: 'Gold Medal Flour'
  (2/347) Searching keyword: 'Sugar granulated'
  (3/347) Searching keyword: 'Carnation Evaporated milk'
  (4/347) Searching keyword: 'Cereal Kellogg's corn flakes'
  (5/347) Searching keyword: 'Quaker Oatmeal 18 oz canister'
  (6/347) Searching keyword: 'rice long grain'
  (7/347) Searching keyword: 'White Bread loaf'
  (8/347) Searching keyword: 'Wheat Bread loaf'
  (9/347) Searching keyword: 'Spaghetti'
  (10/347) Searching keyword: 'Tortillas Mission soft taco'
  (11/347) Searching keyword: 'Pilot Bread'
  (12/347) Searching keyword: 'Nabisco saltine crackers'
  (13/347) Searching keyword: 'Ground beef lean'
  (14/347) Searching keyword: 'Chuck roast'
  (15/347) Searching keyword: 'Steak round'
  (16/347) Searching keyword: 'Steak New york'
  (17/347) Searching keyword: 'Chicken whole'
  (18/347) Searching keyword: 'Chicken breast'
  (19/347) Searching keyword: 'Bacon thick'
  (20/347) Searching keyword: 'Pork chops center'
  (21/347) Searching keyword: 'Ham boneless'
  (22/347) Searching keyword: 'Hot Dogs'
  (23/347) Searching keyword: 'Spam'
  (24/347) Searching keyword: 'Tuna light chunk oil'
  (25/347) Searching keyword: 'Eggs 18 count'
  (26/347) Searching keyword: 'Eggs Dozen'
  (27/347) Searching keyword: 'Milk whole 1 gallon'
  (28/347) Searching keyword: 'Milk 2% 1 gallon'
  (29/347) Searching keyword: 'Butter salted'
  (30/347) Searching keyword: 'Tillamook cheddar cheese 2 lb'
  (31/347) Searching keyword: 'Kraft American singles'
  (32/347) Searching keyword: 'Darigold Sour cream 17'
  (33/347) Searching keyword: 'Yoplait Yogurt blueberry'
  (34/347) Searching keyword: 'Vanilla Ice cream'
  (35/347) Searching keyword: 'Red Delicious Apples'
  (36/347) Searching keyword: 'Bananas'
  (37/347) Searching keyword: 'Oranges'
  (38/347) Searching keyword: 'Russet Potatoes'
  (39/347) Searching keyword: 'Iceberg Lettuce'
  (40/347) Searching keyword: 'Tomatoes large'
  (41/347) Searching keyword: 'yellow Onions'
  (42/347) Searching keyword: 'Canned Corn Del Monte'
  (43/347) Searching keyword: 'Canned green beans Del Monte'
  (44/347) Searching keyword: 'Dole Canned mandarin oranges'
  (45/347) Searching keyword: 'Orange juice frozen'
  (46/347) Searching keyword: 'Coke 13'
  (47/347) Searching keyword: 'Pepsi 13'
  (48/347) Searching keyword: '8 Up'
  (49/347) Searching keyword: 'Folgers Coffee'
  (50/347) Searching keyword: 'Lipton Tea bags'
  (51/347) Searching keyword: 'Top Ramen chicken'
  (52/347) Searching keyword: 'Heinz Ketchup'
  (53/347) Searching keyword: 'Smuckers Jelly strawberry'
  (54/347) Searching keyword: 'JIF Peanut Butter creamy'
  (55/347) Searching keyword: 'Vegetable'
  (56/347) Searching keyword: 'Infant Formula'
  (57/347) Searching keyword: 'ground beef'
  (58/347) Searching keyword: 'whole chicken'
  (59/347) Searching keyword: 'bacon'
  (60/347) Searching keyword: 'sausage'
  (61/347) Searching keyword: 'pork chops'
  (62/347) Searching keyword: 'deli meat'
  (63/347) Searching keyword: 'steak'
  (64/347) Searching keyword: 'turkey breast'
  (65/347) Searching keyword: 'ham'
  (66/347) Searching keyword: 'salami'
  (67/347) Searching keyword: 'meatballs'
  (68/347) Searching keyword: 'roast beef'
  (69/347) Searching keyword: 'frozen chicken nuggets'
  (70/347) Searching keyword: 'milk'
  (71/347) Searching keyword: 'eggs'
  (72/347) Searching keyword: 'butter'
  (73/347) Searching keyword: 'sour cream'
  (74/347) Searching keyword: 'shredded cheese'
  (75/347) Searching keyword: 'cream cheese'
  (76/347) Searching keyword: 'yogurt'
  (77/347) Searching keyword: 'cottage cheese'
  (78/347) Searching keyword: 'ice cream'
  (79/347) Searching keyword: 'half and half'
  (80/347) Searching keyword: 'apples'
  (81/347) Searching keyword: 'grapes'
  (82/347) Searching keyword: 'carrots'
  (83/347) Searching keyword: 'tomatoes'
  (84/347) Searching keyword: 'lettuce'
  (85/347) Searching keyword: 'broccoli'
  (86/347) Searching keyword: 'potatoes'
  (87/347) Searching keyword: 'onions'
  (88/347) Searching keyword: 'white bread'
  (89/347) Searching keyword: 'whole wheat bread'
  (90/347) Searching keyword: 'hamburger buns'
  (91/347) Searching keyword: 'tortillas'
  (92/347) Searching keyword: 'bagels'
  (93/347) Searching keyword: 'English muffins'
  (94/347) Searching keyword: 'pita bread'
  (95/347) Searching keyword: 'croissants'
  (96/347) Searching keyword: 'dinner rolls'
  (97/347) Searching keyword: 'gluten free bread'
  (98/347) Searching keyword: 'white rice'
  (99/347) Searching keyword: 'brown rice'
  (100/347) Searching keyword: 'elbow macaroni'
  (101/347) Searching keyword: 'lasagna noodles'
  (102/347) Searching keyword: 'instant rice'
  (103/347) Searching keyword: 'ramen'
  (104/347) Searching keyword: 'quinoa'
  (105/347) Searching keyword: 'couscous'
  (106/347) Searching keyword: 'flour'
  (107/347) Searching keyword: 'canned corn'
  (108/347) Searching keyword: 'canned beans'
  (109/347) Searching keyword: 'peanut butter'
  (110/347) Searching keyword: 'jelly'
  (111/347) Searching keyword: 'mayonnaise'
  (112/347) Searching keyword: 'ketchup'
  (113/347) Searching keyword: 'mustard'
  (114/347) Searching keyword: 'cooking oil'
  (115/347) Searching keyword: 'vinegar'
  (116/347) Searching keyword: 'sugar'
  (117/347) Searching keyword: 'toilet paper'
  (118/347) Searching keyword: 'paper towels'
  (119/347) Searching keyword: 'laundry detergent'
  (120/347) Searching keyword: 'dish soap'
  (121/347) Searching keyword: 'trash bags'
  (122/347) Searching keyword: 'cleaning wipes'
  (123/347) Searching keyword: 'air freshener'
  (124/347) Searching keyword: 'aluminum foil'
  (125/347) Searching keyword: 'ziplock bags'
  (126/347) Searching keyword: 'sponges'
  (127/347) Searching keyword: 'coffee'
  (128/347) Searching keyword: 'tea'
  (129/347) Searching keyword: 'orange juice'
  (130/347) Searching keyword: 'apple juice'
  (131/347) Searching keyword: 'soda'
  (132/347) Searching keyword: 'bottled water'
  (133/347) Searching keyword: 'energy drink'
  (134/347) Searching keyword: 'sports drink'
  (135/347) Searching keyword: 'lemonade'
  (136/347) Searching keyword: 'hot cocoa'
  (137/347) Searching keyword: 'potato chips'
  (138/347) Searching keyword: 'crackers'
  (139/347) Searching keyword: 'cookies'
  (140/347) Searching keyword: 'pretzels'
  (141/347) Searching keyword: 'granola bars'
  (142/347) Searching keyword: 'fruit snacks'
  (143/347) Searching keyword: 'popcorn'
  (144/347) Searching keyword: 'trail mix'
  (145/347) Searching keyword: 'jerky'
  (146/347) Searching keyword: 'nuts'
  (147/347) Searching keyword: 'toothpaste'
  (148/347) Searching keyword: 'shampoo'
  (149/347) Searching keyword: 'bar soap'
  (150/347) Searching keyword: 'deodorant'
  (151/347) Searching keyword: 'razor'
  (152/347) Searching keyword: 'apple'
  (153/347) Searching keyword: 'apricot'
  (154/347) Searching keyword: 'artichoke'
  (155/347) Searching keyword: 'arugula'
  (156/347) Searching keyword: 'asparagus'
  (157/347) Searching keyword: 'avocado'
  (158/347) Searching keyword: 'banana'
  (159/347) Searching keyword: 'beet'
  (160/347) Searching keyword: 'bell pepper'
  (161/347) Searching keyword: 'blackberry'
  (162/347) Searching keyword: 'blueberry'
  (163/347) Searching keyword: 'bok choy'
  (164/347) Searching keyword: 'brussels sprouts'
  (165/347) Searching keyword: 'cabbage'
  (166/347) Searching keyword: 'cantaloupe'
  (167/347) Searching keyword: 'carrot'
  (168/347) Searching keyword: 'cauliflower'
  (169/347) Searching keyword: 'celery'
  (170/347) Searching keyword: 'chard'
  (171/347) Searching keyword: 'cherry'
  (172/347) Searching keyword: 'chili pepper'
  (173/347) Searching keyword: 'collard greens'
  (174/347) Searching keyword: 'cucumber'
  (175/347) Searching keyword: 'eggplant'
  (176/347) Searching keyword: 'endive'
  (177/347) Searching keyword: 'escarole'
  (178/347) Searching keyword: 'fig'
  (179/347) Searching keyword: 'garlic'
  (180/347) Searching keyword: 'ginger'
  (181/347) Searching keyword: 'grape'
  (182/347) Searching keyword: 'grapefruit'
  (183/347) Searching keyword: 'green beans'
  (184/347) Searching keyword: 'green onion'
  (185/347) Searching keyword: 'green pepper'
  (186/347) Searching keyword: 'habanero'
  (187/347) Searching keyword: 'honeydew'
  (188/347) Searching keyword: 'jalapeno'
  (189/347) Searching keyword: 'kale'
  (190/347) Searching keyword: 'kiwi'
  (191/347) Searching keyword: 'leek'
  (192/347) Searching keyword: 'lemon'
  (193/347) Searching keyword: 'lime'
  (194/347) Searching keyword: 'mango'
  (195/347) Searching keyword: 'mushroom'
  (196/347) Searching keyword: 'mustard greens'
  (197/347) Searching keyword: 'nectarine'
  (198/347) Searching keyword: 'okra'
  (199/347) Searching keyword: 'onion'
  (200/347) Searching keyword: 'orange'
  (201/347) Searching keyword: 'papaya'
  (202/347) Searching keyword: 'parsnip'
  (203/347) Searching keyword: 'peach'
  (204/347) Searching keyword: 'pear'
  (205/347) Searching keyword: 'pineapple'
  (206/347) Searching keyword: 'plum'
  (207/347) Searching keyword: 'pomegranate'
  (208/347) Searching keyword: 'potato'
  (209/347) Searching keyword: 'pumpkin'
  (210/347) Searching keyword: 'radicchio'
  (211/347) Searching keyword: 'radish'
  (212/347) Searching keyword: 'raspberry'
  (213/347) Searching keyword: 'red cabbage'
  (214/347) Searching keyword: 'red pepper'
  (215/347) Searching keyword: 'romaine lettuce'
  (216/347) Searching keyword: 'rutabaga'
  (217/347) Searching keyword: 'shallot'
  (218/347) Searching keyword: 'snap peas'
  (219/347) Searching keyword: 'snow peas'
  (220/347) Searching keyword: 'spinach'
  (221/347) Searching keyword: 'squash'
  (222/347) Searching keyword: 'strawberry'
  (223/347) Searching keyword: 'sweet potato'
  (224/347) Searching keyword: 'tomato'
  (225/347) Searching keyword: 'turnip'
  (226/347) Searching keyword: 'watermelon'
  (227/347) Searching keyword: 'yellow pepper'
  (228/347) Searching keyword: 'zucchini'
  (229/347) Searching keyword: 'Almond'
  (230/347) Searching keyword: 'Dressing'
  (231/347) Searching keyword: 'Bagel'
  (232/347) Searching keyword: 'Bean'
  (233/347) Searching keyword: 'Soup'
  (234/347) Searching keyword: 'Beef'
  (235/347) Searching keyword: 'Beverages'
  (236/347) Searching keyword: 'Juice'
  (237/347) Searching keyword: 'Bread'
  (238/347) Searching keyword: 'Breakfast bar'
  (239/347) Searching keyword: 'Burrito'
  (240/347) Searching keyword: 'Cactus'
  (241/347) Searching keyword: 'oil'
  (242/347) Searching keyword: 'Canola'
  (243/347) Searching keyword: 'dip'
  (244/347) Searching keyword: 'Cassava'
  (245/347) Searching keyword: 'granola bar'
  (246/347) Searching keyword: 'Cereal'
  (247/347) Searching keyword: 'Cheese'
  (248/347) Searching keyword: 'Chicken'
  (249/347) Searching keyword: 'Chickpea'
  (250/347) Searching keyword: 'Chili'
  (251/347) Searching keyword: 'Chip'
  (252/347) Searching keyword: 'Chocolate'
  (253/347) Searching keyword: 'syrup'
  (254/347) Searching keyword: 'hazelnut'
  (255/347) Searching keyword: 'Coconut'
  (256/347) Searching keyword: 'Cod'
  (257/347) Searching keyword: 'creamer'
  (258/347) Searching keyword: 'Coleslaw'
  (259/347) Searching keyword: 'Collard'
  (260/347) Searching keyword: 'cilantro'
  (261/347) Searching keyword: 'Corn'
  (262/347) Searching keyword: 'Cowpeas'
  (263/347) Searching keyword: 'Cracker'
  (264/347) Searching keyword: 'Cranberry'
  (265/347) Searching keyword: 'wheat'
  (266/347) Searching keyword: 'Cream'
  (267/347) Searching keyword: 'Egg'
  (268/347) Searching keyword: 'Eggnog'
  (269/347) Searching keyword: 'Fava'
  (270/347) Searching keyword: 'Fish'
  (271/347) Searching keyword: 'Flan'
  (272/347) Searching keyword: 'rice'
  (273/347) Searching keyword: 'hot dog'
  (274/347) Searching keyword: 'Frankfurter'
  (275/347) Searching keyword: 'cocktail'
  (276/347) Searching keyword: 'Fruit juice'
  (277/347) Searching keyword: 'Gelatin'
  (278/347) Searching keyword: 'Goat'
  (279/347) Searching keyword: 'Greens'
  (280/347) Searching keyword: 'Guava'
  (281/347) Searching keyword: 'Hominy'
  (282/347) Searching keyword: 'Honey'
  (283/347) Searching keyword: 'Ice'
  (284/347) Searching keyword: 'Icing'
  (285/347) Searching keyword: 'Italian dressing'
  (286/347) Searching keyword: 'preserve'
  (287/347) Searching keyword: 'Jam'
  (288/347) Searching keyword: 'Lard'
  (289/347) Searching keyword: 'Lentil'
  (290/347) Searching keyword: 'Macaroni'
  (291/347) Searching keyword: 'Margarine'
  (292/347) Searching keyword: 'Marmalade'
  (293/347) Searching keyword: 'Masa harina'
  (294/347) Searching keyword: 'Melon'
  (295/347) Searching keyword: 'Mozzarella'
  (296/347) Searching keyword: 'Multigrain'
  (297/347) Searching keyword: 'Noodle'
  (298/347) Searching keyword: 'Nopal'
  (299/347) Searching keyword: 'Nutrition bar'
  (300/347) Searching keyword: 'Nut'
  (301/347) Searching keyword: 'Oat bran'
  (302/347) Searching keyword: 'Oatmeal'
  (303/347) Searching keyword: 'Parsley'
  (304/347) Searching keyword: 'Passion fruit'
  (305/347) Searching keyword: 'Pasta'
  (306/347) Searching keyword: 'Peanut'
  (307/347) Searching keyword: 'Pea'
  (308/347) Searching keyword: 'Pepper'
  (309/347) Searching keyword: 'Persimmon'
  (310/347) Searching keyword: 'relish'
  (311/347) Searching keyword: 'Pinto'
  (312/347) Searching keyword: 'Pizza'
  (313/347) Searching keyword: 'Plantain'
  (314/347) Searching keyword: 'Poppy seed'
  (315/347) Searching keyword: 'Pork'
  (316/347) Searching keyword: 'Prune'
  (317/347) Searching keyword: 'Pudding'
  (318/347) Searching keyword: 'Ravioli'
  (319/347) Searching keyword: 'kidney'
  (320/347) Searching keyword: 'Roll'
  (321/347) Searching keyword: 'Salad'
  (322/347) Searching keyword: 'Salsa'
  (323/347) Searching keyword: 'Salt'
  (324/347) Searching keyword: 'Sandwich'
  (325/347) Searching keyword: 'Sauce'
  (326/347) Searching keyword: 'Sauerkraut'
  (327/347) Searching keyword: 'Seafood'
  (328/347) Searching keyword: 'Sesame'
  (329/347) Searching keyword: 'Sherbet'
  (330/347) Searching keyword: 'Snack'
  (331/347) Searching keyword: 'Soft drink'
  (332/347) Searching keyword: 'Soy'
  (333/347) Searching keyword: 'Soybean'
  (334/347) Searching keyword: 'Spice'
  (335/347) Searching keyword: 'Strawberries'
  (336/347) Searching keyword: 'Sweetener'
  (337/347) Searching keyword: 'Tahini'
  (338/347) Searching keyword: 'Tangerine'
  (339/347) Searching keyword: 'Topping'
  (340/347) Searching keyword: 'Tortilla'
  (341/347) Searching keyword: 'Tuna'
  (342/347) Searching keyword: 'Whipped'
  (343/347) Searching keyword: 'Whiting'
  (344/347) Searching keyword: 'jicama'
  (345/347) Searching keyword: 'Yellow'
  (346/347) Searching keyword: 'bottled water'
  (347/347) Searching keyword: 'bottled spring water'
  Saving and emailing results for store 125...
Payload results saved to G:\.shortcut-targets-by-id\10hwxlrEnEox7VqS6tvo44Q8rX59qZcSg\Drones_MV\UAV Rural Essential Goods Delivery\FOOD_PRICING\Data_Scraping\ACC\ACC_25_11\ACC_125_11_25.csv

Processing ZIP 99559 (store 135)
  (1/347) Searching keyword: 'Gold Medal Flour'
  (2/347) Searching keyword: 'Sugar granulated'
  (3/347) Searching keyword: 'Carnation Evaporated milk'
  (4/347) Searching keyword: 'Cereal Kellogg's corn flakes'
  (5/347) Searching keyword: 'Quaker Oatmeal 18 oz canister'
  (6/347) Searching keyword: 'rice long grain'
  (7/347) Searching keyword: 'White Bread loaf'
  (8/347) Searching keyword: 'Wheat Bread loaf'
  (9/347) Searching keyword: 'Spaghetti'
  (10/347) Searching keyword: 'Tortillas Mission soft taco'
  (11/347) Searching keyword: 'Pilot Bread'
  (12/347) Searching keyword: 'Nabisco saltine crackers'
  (13/347) Searching keyword: 'Ground beef lean'
  (14/347) Searching keyword: 'Chuck roast'
  (15/347) Searching keyword: 'Steak round'
  (16/347) Searching keyword: 'Steak New york'
  (17/347) Searching keyword: 'Chicken whole'
  (18/347) Searching keyword: 'Chicken breast'
  (19/347) Searching keyword: 'Bacon thick'
  (20/347) Searching keyword: 'Pork chops center'
  (21/347) Searching keyword: 'Ham boneless'
  (22/347) Searching keyword: 'Hot Dogs'
  (23/347) Searching keyword: 'Spam'
  (24/347) Searching keyword: 'Tuna light chunk oil'
  (25/347) Searching keyword: 'Eggs 18 count'
  (26/347) Searching keyword: 'Eggs Dozen'
  (27/347) Searching keyword: 'Milk whole 1 gallon'
  (28/347) Searching keyword: 'Milk 2% 1 gallon'
  (29/347) Searching keyword: 'Butter salted'
  (30/347) Searching keyword: 'Tillamook cheddar cheese 2 lb'
  (31/347) Searching keyword: 'Kraft American singles'
  (32/347) Searching keyword: 'Darigold Sour cream 17'
  (33/347) Searching keyword: 'Yoplait Yogurt blueberry'
  (34/347) Searching keyword: 'Vanilla Ice cream'
  (35/347) Searching keyword: 'Red Delicious Apples'
  (36/347) Searching keyword: 'Bananas'
  (37/347) Searching keyword: 'Oranges'
  (38/347) Searching keyword: 'Russet Potatoes'
  (39/347) Searching keyword: 'Iceberg Lettuce'
  (40/347) Searching keyword: 'Tomatoes large'
  (41/347) Searching keyword: 'yellow Onions'
  (42/347) Searching keyword: 'Canned Corn Del Monte'
  (43/347) Searching keyword: 'Canned green beans Del Monte'
  (44/347) Searching keyword: 'Dole Canned mandarin oranges'
  (45/347) Searching keyword: 'Orange juice frozen'
  (46/347) Searching keyword: 'Coke 13'
  (47/347) Searching keyword: 'Pepsi 13'
  (48/347) Searching keyword: '8 Up'
  (49/347) Searching keyword: 'Folgers Coffee'
  (50/347) Searching keyword: 'Lipton Tea bags'
  (51/347) Searching keyword: 'Top Ramen chicken'
  (52/347) Searching keyword: 'Heinz Ketchup'
  (53/347) Searching keyword: 'Smuckers Jelly strawberry'
  (54/347) Searching keyword: 'JIF Peanut Butter creamy'
  (55/347) Searching keyword: 'Vegetable'
  (56/347) Searching keyword: 'Infant Formula'
  (57/347) Searching keyword: 'ground beef'
  (58/347) Searching keyword: 'whole chicken'
  (59/347) Searching keyword: 'bacon'
  (60/347) Searching keyword: 'sausage'
  (61/347) Searching keyword: 'pork chops'
  (62/347) Searching keyword: 'deli meat'
  (63/347) Searching keyword: 'steak'
  (64/347) Searching keyword: 'turkey breast'
  (65/347) Searching keyword: 'ham'
  (66/347) Searching keyword: 'salami'
  (67/347) Searching keyword: 'meatballs'
  (68/347) Searching keyword: 'roast beef'
  (69/347) Searching keyword: 'frozen chicken nuggets'
  (70/347) Searching keyword: 'milk'
  (71/347) Searching keyword: 'eggs'
  (72/347) Searching keyword: 'butter'
  (73/347) Searching keyword: 'sour cream'
  (74/347) Searching keyword: 'shredded cheese'
  (75/347) Searching keyword: 'cream cheese'
  (76/347) Searching keyword: 'yogurt'
  (77/347) Searching keyword: 'cottage cheese'
  (78/347) Searching keyword: 'ice cream'
  (79/347) Searching keyword: 'half and half'
  (80/347) Searching keyword: 'apples'
  (81/347) Searching keyword: 'grapes'
  (82/347) Searching keyword: 'carrots'
  (83/347) Searching keyword: 'tomatoes'
  (84/347) Searching keyword: 'lettuce'
  (85/347) Searching keyword: 'broccoli'
  (86/347) Searching keyword: 'potatoes'
  (87/347) Searching keyword: 'onions'
  (88/347) Searching keyword: 'white bread'
  (89/347) Searching keyword: 'whole wheat bread'
  (90/347) Searching keyword: 'hamburger buns'
  (91/347) Searching keyword: 'tortillas'
  (92/347) Searching keyword: 'bagels'
  (93/347) Searching keyword: 'English muffins'
  (94/347) Searching keyword: 'pita bread'
  (95/347) Searching keyword: 'croissants'
  (96/347) Searching keyword: 'dinner rolls'
  (97/347) Searching keyword: 'gluten free bread'
  (98/347) Searching keyword: 'white rice'
  (99/347) Searching keyword: 'brown rice'
  (100/347) Searching keyword: 'elbow macaroni'
  (101/347) Searching keyword: 'lasagna noodles'
  (102/347) Searching keyword: 'instant rice'
  (103/347) Searching keyword: 'ramen'
  (104/347) Searching keyword: 'quinoa'
  (105/347) Searching keyword: 'couscous'
  (106/347) Searching keyword: 'flour'
  (107/347) Searching keyword: 'canned corn'
  (108/347) Searching keyword: 'canned beans'
  (109/347) Searching keyword: 'peanut butter'
  (110/347) Searching keyword: 'jelly'
  (111/347) Searching keyword: 'mayonnaise'
  (112/347) Searching keyword: 'ketchup'
  (113/347) Searching keyword: 'mustard'
  (114/347) Searching keyword: 'cooking oil'
  (115/347) Searching keyword: 'vinegar'
  (116/347) Searching keyword: 'sugar'
  (117/347) Searching keyword: 'toilet paper'
  (118/347) Searching keyword: 'paper towels'
  (119/347) Searching keyword: 'laundry detergent'
  (120/347) Searching keyword: 'dish soap'
  (121/347) Searching keyword: 'trash bags'
  (122/347) Searching keyword: 'cleaning wipes'
  (123/347) Searching keyword: 'air freshener'
  (124/347) Searching keyword: 'aluminum foil'
  (125/347) Searching keyword: 'ziplock bags'
  (126/347) Searching keyword: 'sponges'
  (127/347) Searching keyword: 'coffee'
  (128/347) Searching keyword: 'tea'
  (129/347) Searching keyword: 'orange juice'
  (130/347) Searching keyword: 'apple juice'
  (131/347) Searching keyword: 'soda'
  (132/347) Searching keyword: 'bottled water'
  (133/347) Searching keyword: 'energy drink'
  (134/347) Searching keyword: 'sports drink'
  (135/347) Searching keyword: 'lemonade'
  (136/347) Searching keyword: 'hot cocoa'
  (137/347) Searching keyword: 'potato chips'
  (138/347) Searching keyword: 'crackers'
  (139/347) Searching keyword: 'cookies'
  (140/347) Searching keyword: 'pretzels'
  (141/347) Searching keyword: 'granola bars'
  (142/347) Searching keyword: 'fruit snacks'
  (143/347) Searching keyword: 'popcorn'
  (144/347) Searching keyword: 'trail mix'
  (145/347) Searching keyword: 'jerky'
  (146/347) Searching keyword: 'nuts'
  (147/347) Searching keyword: 'toothpaste'
  (148/347) Searching keyword: 'shampoo'
  (149/347) Searching keyword: 'bar soap'
  (150/347) Searching keyword: 'deodorant'
  (151/347) Searching keyword: 'razor'
  (152/347) Searching keyword: 'apple'
  (153/347) Searching keyword: 'apricot'
  (154/347) Searching keyword: 'artichoke'
  (155/347) Searching keyword: 'arugula'
  (156/347) Searching keyword: 'asparagus'
  (157/347) Searching keyword: 'avocado'
  (158/347) Searching keyword: 'banana'
  (159/347) Searching keyword: 'beet'
  (160/347) Searching keyword: 'bell pepper'
  (161/347) Searching keyword: 'blackberry'
  (162/347) Searching keyword: 'blueberry'
  (163/347) Searching keyword: 'bok choy'
  (164/347) Searching keyword: 'brussels sprouts'
  (165/347) Searching keyword: 'cabbage'
  (166/347) Searching keyword: 'cantaloupe'
  (167/347) Searching keyword: 'carrot'
  (168/347) Searching keyword: 'cauliflower'
  (169/347) Searching keyword: 'celery'
  (170/347) Searching keyword: 'chard'
  (171/347) Searching keyword: 'cherry'
  (172/347) Searching keyword: 'chili pepper'
  (173/347) Searching keyword: 'collard greens'
  (174/347) Searching keyword: 'cucumber'
  (175/347) Searching keyword: 'eggplant'
  (176/347) Searching keyword: 'endive'
  (177/347) Searching keyword: 'escarole'
  (178/347) Searching keyword: 'fig'
  (179/347) Searching keyword: 'garlic'
  (180/347) Searching keyword: 'ginger'
  (181/347) Searching keyword: 'grape'
  (182/347) Searching keyword: 'grapefruit'
  (183/347) Searching keyword: 'green beans'
  (184/347) Searching keyword: 'green onion'
  (185/347) Searching keyword: 'green pepper'
  (186/347) Searching keyword: 'habanero'
  (187/347) Searching keyword: 'honeydew'
  (188/347) Searching keyword: 'jalapeno'
  (189/347) Searching keyword: 'kale'
  (190/347) Searching keyword: 'kiwi'
  (191/347) Searching keyword: 'leek'
  (192/347) Searching keyword: 'lemon'
  (193/347) Searching keyword: 'lime'
  (194/347) Searching keyword: 'mango'
  (195/347) Searching keyword: 'mushroom'
  (196/347) Searching keyword: 'mustard greens'
  (197/347) Searching keyword: 'nectarine'
  (198/347) Searching keyword: 'okra'
  (199/347) Searching keyword: 'onion'
  (200/347) Searching keyword: 'orange'
  (201/347) Searching keyword: 'papaya'
  (202/347) Searching keyword: 'parsnip'
  (203/347) Searching keyword: 'peach'
  (204/347) Searching keyword: 'pear'
  (205/347) Searching keyword: 'pineapple'
  (206/347) Searching keyword: 'plum'
  (207/347) Searching keyword: 'pomegranate'
  (208/347) Searching keyword: 'potato'
  (209/347) Searching keyword: 'pumpkin'
  (210/347) Searching keyword: 'radicchio'
  (211/347) Searching keyword: 'radish'
  (212/347) Searching keyword: 'raspberry'
  (213/347) Searching keyword: 'red cabbage'
  (214/347) Searching keyword: 'red pepper'
  (215/347) Searching keyword: 'romaine lettuce'
  (216/347) Searching keyword: 'rutabaga'
  (217/347) Searching keyword: 'shallot'
  (218/347) Searching keyword: 'snap peas'
  (219/347) Searching keyword: 'snow peas'
  (220/347) Searching keyword: 'spinach'
  (221/347) Searching keyword: 'squash'
  (222/347) Searching keyword: 'strawberry'
  (223/347) Searching keyword: 'sweet potato'
  (224/347) Searching keyword: 'tomato'
  (225/347) Searching keyword: 'turnip'
  (226/347) Searching keyword: 'watermelon'
  (227/347) Searching keyword: 'yellow pepper'
  (228/347) Searching keyword: 'zucchini'
  (229/347) Searching keyword: 'Almond'
  (230/347) Searching keyword: 'Dressing'
  (231/347) Searching keyword: 'Bagel'
  (232/347) Searching keyword: 'Bean'
  (233/347) Searching keyword: 'Soup'
  (234/347) Searching keyword: 'Beef'
  (235/347) Searching keyword: 'Beverages'
  (236/347) Searching keyword: 'Juice'
  (237/347) Searching keyword: 'Bread'
  (238/347) Searching keyword: 'Breakfast bar'
  (239/347) Searching keyword: 'Burrito'
  (240/347) Searching keyword: 'Cactus'
  (241/347) Searching keyword: 'oil'
  (242/347) Searching keyword: 'Canola'
  (243/347) Searching keyword: 'dip'
  (244/347) Searching keyword: 'Cassava'
  (245/347) Searching keyword: 'granola bar'
  (246/347) Searching keyword: 'Cereal'
  (247/347) Searching keyword: 'Cheese'
  (248/347) Searching keyword: 'Chicken'
  (249/347) Searching keyword: 'Chickpea'
  (250/347) Searching keyword: 'Chili'
  (251/347) Searching keyword: 'Chip'
  (252/347) Searching keyword: 'Chocolate'
  (253/347) Searching keyword: 'syrup'
  (254/347) Searching keyword: 'hazelnut'
  (255/347) Searching keyword: 'Coconut'
  (256/347) Searching keyword: 'Cod'
  (257/347) Searching keyword: 'creamer'
  (258/347) Searching keyword: 'Coleslaw'
  (259/347) Searching keyword: 'Collard'
  (260/347) Searching keyword: 'cilantro'
  (261/347) Searching keyword: 'Corn'
  (262/347) Searching keyword: 'Cowpeas'
  (263/347) Searching keyword: 'Cracker'
  (264/347) Searching keyword: 'Cranberry'
  (265/347) Searching keyword: 'wheat'
  (266/347) Searching keyword: 'Cream'
  (267/347) Searching keyword: 'Egg'
  (268/347) Searching keyword: 'Eggnog'
  (269/347) Searching keyword: 'Fava'
  (270/347) Searching keyword: 'Fish'
  (271/347) Searching keyword: 'Flan'
  (272/347) Searching keyword: 'rice'
  (273/347) Searching keyword: 'hot dog'
  (274/347) Searching keyword: 'Frankfurter'
  (275/347) Searching keyword: 'cocktail'
  (276/347) Searching keyword: 'Fruit juice'
  (277/347) Searching keyword: 'Gelatin'
  (278/347) Searching keyword: 'Goat'
  (279/347) Searching keyword: 'Greens'
  (280/347) Searching keyword: 'Guava'
  (281/347) Searching keyword: 'Hominy'
  (282/347) Searching keyword: 'Honey'
  (283/347) Searching keyword: 'Ice'
  (284/347) Searching keyword: 'Icing'
  (285/347) Searching keyword: 'Italian dressing'
  (286/347) Searching keyword: 'preserve'
  (287/347) Searching keyword: 'Jam'
  (288/347) Searching keyword: 'Lard'
  (289/347) Searching keyword: 'Lentil'
  (290/347) Searching keyword: 'Macaroni'
  (291/347) Searching keyword: 'Margarine'
  (292/347) Searching keyword: 'Marmalade'
  (293/347) Searching keyword: 'Masa harina'
  (294/347) Searching keyword: 'Melon'
  (295/347) Searching keyword: 'Mozzarella'
  (296/347) Searching keyword: 'Multigrain'
  (297/347) Searching keyword: 'Noodle'
  (298/347) Searching keyword: 'Nopal'
  (299/347) Searching keyword: 'Nutrition bar'
  (300/347) Searching keyword: 'Nut'
  (301/347) Searching keyword: 'Oat bran'
  (302/347) Searching keyword: 'Oatmeal'
  (303/347) Searching keyword: 'Parsley'
  (304/347) Searching keyword: 'Passion fruit'
  (305/347) Searching keyword: 'Pasta'
  (306/347) Searching keyword: 'Peanut'
  (307/347) Searching keyword: 'Pea'
  (308/347) Searching keyword: 'Pepper'
  (309/347) Searching keyword: 'Persimmon'
  (310/347) Searching keyword: 'relish'
  (311/347) Searching keyword: 'Pinto'
  (312/347) Searching keyword: 'Pizza'
  (313/347) Searching keyword: 'Plantain'
  (314/347) Searching keyword: 'Poppy seed'
  (315/347) Searching keyword: 'Pork'
  (316/347) Searching keyword: 'Prune'
  (317/347) Searching keyword: 'Pudding'
  (318/347) Searching keyword: 'Ravioli'
  (319/347) Searching keyword: 'kidney'
  (320/347) Searching keyword: 'Roll'
  (321/347) Searching keyword: 'Salad'
  (322/347) Searching keyword: 'Salsa'
  (323/347) Searching keyword: 'Salt'
  (324/347) Searching keyword: 'Sandwich'
  (325/347) Searching keyword: 'Sauce'
  (326/347) Searching keyword: 'Sauerkraut'
  (327/347) Searching keyword: 'Seafood'
  (328/347) Searching keyword: 'Sesame'
  (329/347) Searching keyword: 'Sherbet'
  (330/347) Searching keyword: 'Snack'
  (331/347) Searching keyword: 'Soft drink'
  (332/347) Searching keyword: 'Soy'
  (333/347) Searching keyword: 'Soybean'
  (334/347) Searching keyword: 'Spice'
  (335/347) Searching keyword: 'Strawberries'
  (336/347) Searching keyword: 'Sweetener'
  (337/347) Searching keyword: 'Tahini'
  (338/347) Searching keyword: 'Tangerine'
  (339/347) Searching keyword: 'Topping'
  (340/347) Searching keyword: 'Tortilla'
  (341/347) Searching keyword: 'Tuna'
  (342/347) Searching keyword: 'Whipped'
  (343/347) Searching keyword: 'Whiting'
  (344/347) Searching keyword: 'jicama'
  (345/347) Searching keyword: 'Yellow'
  (346/347) Searching keyword: 'bottled water'
  (347/347) Searching keyword: 'bottled spring water'
  Saving and emailing results for store 135...
Payload results saved to G:\.shortcut-targets-by-id\10hwxlrEnEox7VqS6tvo44Q8rX59qZcSg\Drones_MV\UAV Rural Essential Goods Delivery\FOOD_PRICING\Data_Scraping\ACC\ACC_25_11\ACC_135_11_25.csv

Processing ZIP 99740 (store 155)
  (1/347) Searching keyword: 'Gold Medal Flour'
  (2/347) Searching keyword: 'Sugar granulated'
  (3/347) Searching keyword: 'Carnation Evaporated milk'
  (4/347) Searching keyword: 'Cereal Kellogg's corn flakes'
  (5/347) Searching keyword: 'Quaker Oatmeal 18 oz canister'
  (6/347) Searching keyword: 'rice long grain'
  (7/347) Searching keyword: 'White Bread loaf'
  (8/347) Searching keyword: 'Wheat Bread loaf'
  (9/347) Searching keyword: 'Spaghetti'
  (10/347) Searching keyword: 'Tortillas Mission soft taco'
  (11/347) Searching keyword: 'Pilot Bread'
  (12/347) Searching keyword: 'Nabisco saltine crackers'
  (13/347) Searching keyword: 'Ground beef lean'
  (14/347) Searching keyword: 'Chuck roast'
  (15/347) Searching keyword: 'Steak round'
  (16/347) Searching keyword: 'Steak New york'
  (17/347) Searching keyword: 'Chicken whole'
  (18/347) Searching keyword: 'Chicken breast'
  (19/347) Searching keyword: 'Bacon thick'
  (20/347) Searching keyword: 'Pork chops center'
  (21/347) Searching keyword: 'Ham boneless'
  (22/347) Searching keyword: 'Hot Dogs'
  (23/347) Searching keyword: 'Spam'
  (24/347) Searching keyword: 'Tuna light chunk oil'
  (25/347) Searching keyword: 'Eggs 18 count'
  (26/347) Searching keyword: 'Eggs Dozen'
  (27/347) Searching keyword: 'Milk whole 1 gallon'
  (28/347) Searching keyword: 'Milk 2% 1 gallon'
  (29/347) Searching keyword: 'Butter salted'
  (30/347) Searching keyword: 'Tillamook cheddar cheese 2 lb'
  (31/347) Searching keyword: 'Kraft American singles'
  (32/347) Searching keyword: 'Darigold Sour cream 17'
  (33/347) Searching keyword: 'Yoplait Yogurt blueberry'
  (34/347) Searching keyword: 'Vanilla Ice cream'
  (35/347) Searching keyword: 'Red Delicious Apples'
  (36/347) Searching keyword: 'Bananas'
  (37/347) Searching keyword: 'Oranges'
  (38/347) Searching keyword: 'Russet Potatoes'
  (39/347) Searching keyword: 'Iceberg Lettuce'
  (40/347) Searching keyword: 'Tomatoes large'
  (41/347) Searching keyword: 'yellow Onions'
  (42/347) Searching keyword: 'Canned Corn Del Monte'
  (43/347) Searching keyword: 'Canned green beans Del Monte'
  (44/347) Searching keyword: 'Dole Canned mandarin oranges'
  (45/347) Searching keyword: 'Orange juice frozen'
  (46/347) Searching keyword: 'Coke 13'
  (47/347) Searching keyword: 'Pepsi 13'
  (48/347) Searching keyword: '8 Up'
  (49/347) Searching keyword: 'Folgers Coffee'
  (50/347) Searching keyword: 'Lipton Tea bags'
  (51/347) Searching keyword: 'Top Ramen chicken'
  (52/347) Searching keyword: 'Heinz Ketchup'
  (53/347) Searching keyword: 'Smuckers Jelly strawberry'
  (54/347) Searching keyword: 'JIF Peanut Butter creamy'
  (55/347) Searching keyword: 'Vegetable'
  (56/347) Searching keyword: 'Infant Formula'
  (57/347) Searching keyword: 'ground beef'
  (58/347) Searching keyword: 'whole chicken'
  (59/347) Searching keyword: 'bacon'
  (60/347) Searching keyword: 'sausage'
  (61/347) Searching keyword: 'pork chops'
  (62/347) Searching keyword: 'deli meat'
  (63/347) Searching keyword: 'steak'
  (64/347) Searching keyword: 'turkey breast'
  (65/347) Searching keyword: 'ham'
  (66/347) Searching keyword: 'salami'
  (67/347) Searching keyword: 'meatballs'
  (68/347) Searching keyword: 'roast beef'
  (69/347) Searching keyword: 'frozen chicken nuggets'
  (70/347) Searching keyword: 'milk'
  (71/347) Searching keyword: 'eggs'
  (72/347) Searching keyword: 'butter'
  (73/347) Searching keyword: 'sour cream'
  (74/347) Searching keyword: 'shredded cheese'
  (75/347) Searching keyword: 'cream cheese'
  (76/347) Searching keyword: 'yogurt'
  (77/347) Searching keyword: 'cottage cheese'
  (78/347) Searching keyword: 'ice cream'
  (79/347) Searching keyword: 'half and half'
  (80/347) Searching keyword: 'apples'
  (81/347) Searching keyword: 'grapes'
  (82/347) Searching keyword: 'carrots'
  (83/347) Searching keyword: 'tomatoes'
  (84/347) Searching keyword: 'lettuce'
  (85/347) Searching keyword: 'broccoli'
  (86/347) Searching keyword: 'potatoes'
  (87/347) Searching keyword: 'onions'
  (88/347) Searching keyword: 'white bread'
  (89/347) Searching keyword: 'whole wheat bread'
  (90/347) Searching keyword: 'hamburger buns'
  (91/347) Searching keyword: 'tortillas'
  (92/347) Searching keyword: 'bagels'
  (93/347) Searching keyword: 'English muffins'
  (94/347) Searching keyword: 'pita bread'
  (95/347) Searching keyword: 'croissants'
  (96/347) Searching keyword: 'dinner rolls'
  (97/347) Searching keyword: 'gluten free bread'
  (98/347) Searching keyword: 'white rice'
  (99/347) Searching keyword: 'brown rice'
  (100/347) Searching keyword: 'elbow macaroni'
  (101/347) Searching keyword: 'lasagna noodles'
  (102/347) Searching keyword: 'instant rice'
  (103/347) Searching keyword: 'ramen'
  (104/347) Searching keyword: 'quinoa'
  (105/347) Searching keyword: 'couscous'
  (106/347) Searching keyword: 'flour'
  (107/347) Searching keyword: 'canned corn'
  (108/347) Searching keyword: 'canned beans'
  (109/347) Searching keyword: 'peanut butter'
  (110/347) Searching keyword: 'jelly'
  (111/347) Searching keyword: 'mayonnaise'
  (112/347) Searching keyword: 'ketchup'
  (113/347) Searching keyword: 'mustard'
  (114/347) Searching keyword: 'cooking oil'
  (115/347) Searching keyword: 'vinegar'
  (116/347) Searching keyword: 'sugar'
  (117/347) Searching keyword: 'toilet paper'
  (118/347) Searching keyword: 'paper towels'
  (119/347) Searching keyword: 'laundry detergent'
  (120/347) Searching keyword: 'dish soap'
  (121/347) Searching keyword: 'trash bags'
  (122/347) Searching keyword: 'cleaning wipes'
  (123/347) Searching keyword: 'air freshener'
  (124/347) Searching keyword: 'aluminum foil'
  (125/347) Searching keyword: 'ziplock bags'
  (126/347) Searching keyword: 'sponges'
  (127/347) Searching keyword: 'coffee'
  (128/347) Searching keyword: 'tea'
  (129/347) Searching keyword: 'orange juice'
  (130/347) Searching keyword: 'apple juice'
  (131/347) Searching keyword: 'soda'
  (132/347) Searching keyword: 'bottled water'
  (133/347) Searching keyword: 'energy drink'
  (134/347) Searching keyword: 'sports drink'
  (135/347) Searching keyword: 'lemonade'
  (136/347) Searching keyword: 'hot cocoa'
  (137/347) Searching keyword: 'potato chips'
  (138/347) Searching keyword: 'crackers'
  (139/347) Searching keyword: 'cookies'
  (140/347) Searching keyword: 'pretzels'
  (141/347) Searching keyword: 'granola bars'
  (142/347) Searching keyword: 'fruit snacks'
  (143/347) Searching keyword: 'popcorn'
  (144/347) Searching keyword: 'trail mix'
  (145/347) Searching keyword: 'jerky'
  (146/347) Searching keyword: 'nuts'
  (147/347) Searching keyword: 'toothpaste'
  (148/347) Searching keyword: 'shampoo'
  (149/347) Searching keyword: 'bar soap'
  (150/347) Searching keyword: 'deodorant'
  (151/347) Searching keyword: 'razor'
  (152/347) Searching keyword: 'apple'
  (153/347) Searching keyword: 'apricot'
  (154/347) Searching keyword: 'artichoke'
  (155/347) Searching keyword: 'arugula'
  (156/347) Searching keyword: 'asparagus'
  (157/347) Searching keyword: 'avocado'
  (158/347) Searching keyword: 'banana'
  (159/347) Searching keyword: 'beet'
  (160/347) Searching keyword: 'bell pepper'
  (161/347) Searching keyword: 'blackberry'
  (162/347) Searching keyword: 'blueberry'
  (163/347) Searching keyword: 'bok choy'
  (164/347) Searching keyword: 'brussels sprouts'
  (165/347) Searching keyword: 'cabbage'
  (166/347) Searching keyword: 'cantaloupe'
  (167/347) Searching keyword: 'carrot'
  (168/347) Searching keyword: 'cauliflower'
  (169/347) Searching keyword: 'celery'
  (170/347) Searching keyword: 'chard'
  (171/347) Searching keyword: 'cherry'
  (172/347) Searching keyword: 'chili pepper'
  (173/347) Searching keyword: 'collard greens'
  (174/347) Searching keyword: 'cucumber'
  (175/347) Searching keyword: 'eggplant'
  (176/347) Searching keyword: 'endive'
  (177/347) Searching keyword: 'escarole'
  (178/347) Searching keyword: 'fig'
  (179/347) Searching keyword: 'garlic'
  (180/347) Searching keyword: 'ginger'
  (181/347) Searching keyword: 'grape'
  (182/347) Searching keyword: 'grapefruit'
  (183/347) Searching keyword: 'green beans'
  (184/347) Searching keyword: 'green onion'
  (185/347) Searching keyword: 'green pepper'
  (186/347) Searching keyword: 'habanero'
  (187/347) Searching keyword: 'honeydew'
  (188/347) Searching keyword: 'jalapeno'
  (189/347) Searching keyword: 'kale'
  (190/347) Searching keyword: 'kiwi'
  (191/347) Searching keyword: 'leek'
  (192/347) Searching keyword: 'lemon'
  (193/347) Searching keyword: 'lime'
  (194/347) Searching keyword: 'mango'
  (195/347) Searching keyword: 'mushroom'
  (196/347) Searching keyword: 'mustard greens'
  (197/347) Searching keyword: 'nectarine'
  (198/347) Searching keyword: 'okra'
  (199/347) Searching keyword: 'onion'
  (200/347) Searching keyword: 'orange'
  (201/347) Searching keyword: 'papaya'
  (202/347) Searching keyword: 'parsnip'
  (203/347) Searching keyword: 'peach'
  (204/347) Searching keyword: 'pear'
  (205/347) Searching keyword: 'pineapple'
  (206/347) Searching keyword: 'plum'
  (207/347) Searching keyword: 'pomegranate'
  (208/347) Searching keyword: 'potato'
  (209/347) Searching keyword: 'pumpkin'
  (210/347) Searching keyword: 'radicchio'
  (211/347) Searching keyword: 'radish'
  (212/347) Searching keyword: 'raspberry'
  (213/347) Searching keyword: 'red cabbage'
  (214/347) Searching keyword: 'red pepper'
  (215/347) Searching keyword: 'romaine lettuce'
  (216/347) Searching keyword: 'rutabaga'
  (217/347) Searching keyword: 'shallot'
  (218/347) Searching keyword: 'snap peas'
  (219/347) Searching keyword: 'snow peas'
  (220/347) Searching keyword: 'spinach'
  (221/347) Searching keyword: 'squash'
  (222/347) Searching keyword: 'strawberry'
  (223/347) Searching keyword: 'sweet potato'
  (224/347) Searching keyword: 'tomato'
  (225/347) Searching keyword: 'turnip'
  (226/347) Searching keyword: 'watermelon'
  (227/347) Searching keyword: 'yellow pepper'
  (228/347) Searching keyword: 'zucchini'
  (229/347) Searching keyword: 'Almond'
  (230/347) Searching keyword: 'Dressing'
  (231/347) Searching keyword: 'Bagel'
  (232/347) Searching keyword: 'Bean'
  (233/347) Searching keyword: 'Soup'
  (234/347) Searching keyword: 'Beef'
  (235/347) Searching keyword: 'Beverages'
  (236/347) Searching keyword: 'Juice'
  (237/347) Searching keyword: 'Bread'
  (238/347) Searching keyword: 'Breakfast bar'
  (239/347) Searching keyword: 'Burrito'
  (240/347) Searching keyword: 'Cactus'
  (241/347) Searching keyword: 'oil'
  (242/347) Searching keyword: 'Canola'
  (243/347) Searching keyword: 'dip'
  (244/347) Searching keyword: 'Cassava'
  (245/347) Searching keyword: 'granola bar'
  (246/347) Searching keyword: 'Cereal'
  (247/347) Searching keyword: 'Cheese'
  (248/347) Searching keyword: 'Chicken'
  (249/347) Searching keyword: 'Chickpea'
  (250/347) Searching keyword: 'Chili'
  (251/347) Searching keyword: 'Chip'
  (252/347) Searching keyword: 'Chocolate'
  (253/347) Searching keyword: 'syrup'
  (254/347) Searching keyword: 'hazelnut'
  (255/347) Searching keyword: 'Coconut'
  (256/347) Searching keyword: 'Cod'
  (257/347) Searching keyword: 'creamer'
  (258/347) Searching keyword: 'Coleslaw'
  (259/347) Searching keyword: 'Collard'
  (260/347) Searching keyword: 'cilantro'
  (261/347) Searching keyword: 'Corn'
  (262/347) Searching keyword: 'Cowpeas'
  (263/347) Searching keyword: 'Cracker'
  (264/347) Searching keyword: 'Cranberry'
  (265/347) Searching keyword: 'wheat'
  (266/347) Searching keyword: 'Cream'
  (267/347) Searching keyword: 'Egg'
  (268/347) Searching keyword: 'Eggnog'
  (269/347) Searching keyword: 'Fava'
  (270/347) Searching keyword: 'Fish'
  (271/347) Searching keyword: 'Flan'
  (272/347) Searching keyword: 'rice'
  (273/347) Searching keyword: 'hot dog'
  (274/347) Searching keyword: 'Frankfurter'
  (275/347) Searching keyword: 'cocktail'
  (276/347) Searching keyword: 'Fruit juice'
  (277/347) Searching keyword: 'Gelatin'
  (278/347) Searching keyword: 'Goat'
  (279/347) Searching keyword: 'Greens'
  (280/347) Searching keyword: 'Guava'
  (281/347) Searching keyword: 'Hominy'
  (282/347) Searching keyword: 'Honey'
  (283/347) Searching keyword: 'Ice'
  (284/347) Searching keyword: 'Icing'
  (285/347) Searching keyword: 'Italian dressing'
  (286/347) Searching keyword: 'preserve'
  (287/347) Searching keyword: 'Jam'
  (288/347) Searching keyword: 'Lard'
  (289/347) Searching keyword: 'Lentil'
  (290/347) Searching keyword: 'Macaroni'
  (291/347) Searching keyword: 'Margarine'
  (292/347) Searching keyword: 'Marmalade'
  (293/347) Searching keyword: 'Masa harina'
  (294/347) Searching keyword: 'Melon'
  (295/347) Searching keyword: 'Mozzarella'
  (296/347) Searching keyword: 'Multigrain'
  (297/347) Searching keyword: 'Noodle'
  (298/347) Searching keyword: 'Nopal'
  (299/347) Searching keyword: 'Nutrition bar'
  (300/347) Searching keyword: 'Nut'
  (301/347) Searching keyword: 'Oat bran'
  (302/347) Searching keyword: 'Oatmeal'
  (303/347) Searching keyword: 'Parsley'
  (304/347) Searching keyword: 'Passion fruit'
  (305/347) Searching keyword: 'Pasta'
  (306/347) Searching keyword: 'Peanut'
  (307/347) Searching keyword: 'Pea'
  (308/347) Searching keyword: 'Pepper'
  (309/347) Searching keyword: 'Persimmon'
  (310/347) Searching keyword: 'relish'
  (311/347) Searching keyword: 'Pinto'
  (312/347) Searching keyword: 'Pizza'
  (313/347) Searching keyword: 'Plantain'
  (314/347) Searching keyword: 'Poppy seed'
  (315/347) Searching keyword: 'Pork'
  (316/347) Searching keyword: 'Prune'
  (317/347) Searching keyword: 'Pudding'
  (318/347) Searching keyword: 'Ravioli'
  (319/347) Searching keyword: 'kidney'
  (320/347) Searching keyword: 'Roll'
  (321/347) Searching keyword: 'Salad'
  (322/347) Searching keyword: 'Salsa'
  (323/347) Searching keyword: 'Salt'
  (324/347) Searching keyword: 'Sandwich'
  (325/347) Searching keyword: 'Sauce'
  (326/347) Searching keyword: 'Sauerkraut'
  (327/347) Searching keyword: 'Seafood'
  (328/347) Searching keyword: 'Sesame'
  (329/347) Searching keyword: 'Sherbet'
  (330/347) Searching keyword: 'Snack'
  (331/347) Searching keyword: 'Soft drink'
  (332/347) Searching keyword: 'Soy'
  (333/347) Searching keyword: 'Soybean'
  (334/347) Searching keyword: 'Spice'
  (335/347) Searching keyword: 'Strawberries'
  (336/347) Searching keyword: 'Sweetener'
  (337/347) Searching keyword: 'Tahini'
  (338/347) Searching keyword: 'Tangerine'
  (339/347) Searching keyword: 'Topping'
  (340/347) Searching keyword: 'Tortilla'
  (341/347) Searching keyword: 'Tuna'
  (342/347) Searching keyword: 'Whipped'
  (343/347) Searching keyword: 'Whiting'
  (344/347) Searching keyword: 'jicama'
  (345/347) Searching keyword: 'Yellow'
  (346/347) Searching keyword: 'bottled water'
  (347/347) Searching keyword: 'bottled spring water'
  Saving and emailing results for store 155...
Payload results saved to G:\.shortcut-targets-by-id\10hwxlrEnEox7VqS6tvo44Q8rX59qZcSg\Drones_MV\UAV Rural Essential Goods Delivery\FOOD_PRICING\Data_Scraping\ACC\ACC_25_11\ACC_155_11_25.csv

Processing ZIP 99627 (store 175)
  (1/347) Searching keyword: 'Gold Medal Flour'
  (2/347) Searching keyword: 'Sugar granulated'
  (3/347) Searching keyword: 'Carnation Evaporated milk'
  (4/347) Searching keyword: 'Cereal Kellogg's corn flakes'
  (5/347) Searching keyword: 'Quaker Oatmeal 18 oz canister'
  (6/347) Searching keyword: 'rice long grain'
  (7/347) Searching keyword: 'White Bread loaf'
  (8/347) Searching keyword: 'Wheat Bread loaf'
  (9/347) Searching keyword: 'Spaghetti'
  (10/347) Searching keyword: 'Tortillas Mission soft taco'
  (11/347) Searching keyword: 'Pilot Bread'
  (12/347) Searching keyword: 'Nabisco saltine crackers'
  (13/347) Searching keyword: 'Ground beef lean'
  (14/347) Searching keyword: 'Chuck roast'
  (15/347) Searching keyword: 'Steak round'
  (16/347) Searching keyword: 'Steak New york'
  (17/347) Searching keyword: 'Chicken whole'
  (18/347) Searching keyword: 'Chicken breast'
  (19/347) Searching keyword: 'Bacon thick'
  (20/347) Searching keyword: 'Pork chops center'
  (21/347) Searching keyword: 'Ham boneless'
  (22/347) Searching keyword: 'Hot Dogs'
  (23/347) Searching keyword: 'Spam'
  (24/347) Searching keyword: 'Tuna light chunk oil'
  (25/347) Searching keyword: 'Eggs 18 count'
  (26/347) Searching keyword: 'Eggs Dozen'
  (27/347) Searching keyword: 'Milk whole 1 gallon'
  (28/347) Searching keyword: 'Milk 2% 1 gallon'
  (29/347) Searching keyword: 'Butter salted'
  (30/347) Searching keyword: 'Tillamook cheddar cheese 2 lb'
  (31/347) Searching keyword: 'Kraft American singles'
  (32/347) Searching keyword: 'Darigold Sour cream 17'
  (33/347) Searching keyword: 'Yoplait Yogurt blueberry'
  (34/347) Searching keyword: 'Vanilla Ice cream'
  (35/347) Searching keyword: 'Red Delicious Apples'
  (36/347) Searching keyword: 'Bananas'
  (37/347) Searching keyword: 'Oranges'
  (38/347) Searching keyword: 'Russet Potatoes'
  (39/347) Searching keyword: 'Iceberg Lettuce'
  (40/347) Searching keyword: 'Tomatoes large'
  (41/347) Searching keyword: 'yellow Onions'
  (42/347) Searching keyword: 'Canned Corn Del Monte'
  (43/347) Searching keyword: 'Canned green beans Del Monte'
  (44/347) Searching keyword: 'Dole Canned mandarin oranges'
  (45/347) Searching keyword: 'Orange juice frozen'
  (46/347) Searching keyword: 'Coke 13'
  (47/347) Searching keyword: 'Pepsi 13'
  (48/347) Searching keyword: '8 Up'
  (49/347) Searching keyword: 'Folgers Coffee'
  (50/347) Searching keyword: 'Lipton Tea bags'
  (51/347) Searching keyword: 'Top Ramen chicken'
  (52/347) Searching keyword: 'Heinz Ketchup'
  (53/347) Searching keyword: 'Smuckers Jelly strawberry'
  (54/347) Searching keyword: 'JIF Peanut Butter creamy'
  (55/347) Searching keyword: 'Vegetable'
  (56/347) Searching keyword: 'Infant Formula'
  (57/347) Searching keyword: 'ground beef'
  (58/347) Searching keyword: 'whole chicken'
  (59/347) Searching keyword: 'bacon'
  (60/347) Searching keyword: 'sausage'
  (61/347) Searching keyword: 'pork chops'
  (62/347) Searching keyword: 'deli meat'
  (63/347) Searching keyword: 'steak'
  (64/347) Searching keyword: 'turkey breast'
  (65/347) Searching keyword: 'ham'
  (66/347) Searching keyword: 'salami'
  (67/347) Searching keyword: 'meatballs'
  (68/347) Searching keyword: 'roast beef'
  (69/347) Searching keyword: 'frozen chicken nuggets'
  (70/347) Searching keyword: 'milk'
  (71/347) Searching keyword: 'eggs'
  (72/347) Searching keyword: 'butter'
  (73/347) Searching keyword: 'sour cream'
  (74/347) Searching keyword: 'shredded cheese'
  (75/347) Searching keyword: 'cream cheese'
  (76/347) Searching keyword: 'yogurt'
  (77/347) Searching keyword: 'cottage cheese'
  (78/347) Searching keyword: 'ice cream'
  (79/347) Searching keyword: 'half and half'
  (80/347) Searching keyword: 'apples'
  (81/347) Searching keyword: 'grapes'
  (82/347) Searching keyword: 'carrots'
  (83/347) Searching keyword: 'tomatoes'
  (84/347) Searching keyword: 'lettuce'
  (85/347) Searching keyword: 'broccoli'
  (86/347) Searching keyword: 'potatoes'
  (87/347) Searching keyword: 'onions'
  (88/347) Searching keyword: 'white bread'
  (89/347) Searching keyword: 'whole wheat bread'
  (90/347) Searching keyword: 'hamburger buns'
  (91/347) Searching keyword: 'tortillas'
  (92/347) Searching keyword: 'bagels'
  (93/347) Searching keyword: 'English muffins'
  (94/347) Searching keyword: 'pita bread'
  (95/347) Searching keyword: 'croissants'
  (96/347) Searching keyword: 'dinner rolls'
  (97/347) Searching keyword: 'gluten free bread'
  (98/347) Searching keyword: 'white rice'
  (99/347) Searching keyword: 'brown rice'
  (100/347) Searching keyword: 'elbow macaroni'
  (101/347) Searching keyword: 'lasagna noodles'
  (102/347) Searching keyword: 'instant rice'
  (103/347) Searching keyword: 'ramen'
  (104/347) Searching keyword: 'quinoa'
  (105/347) Searching keyword: 'couscous'
  (106/347) Searching keyword: 'flour'
  (107/347) Searching keyword: 'canned corn'
  (108/347) Searching keyword: 'canned beans'
  (109/347) Searching keyword: 'peanut butter'
  (110/347) Searching keyword: 'jelly'
  (111/347) Searching keyword: 'mayonnaise'
  (112/347) Searching keyword: 'ketchup'
  (113/347) Searching keyword: 'mustard'
  (114/347) Searching keyword: 'cooking oil'
  (115/347) Searching keyword: 'vinegar'
  (116/347) Searching keyword: 'sugar'
  (117/347) Searching keyword: 'toilet paper'
  (118/347) Searching keyword: 'paper towels'
  (119/347) Searching keyword: 'laundry detergent'
  (120/347) Searching keyword: 'dish soap'
  (121/347) Searching keyword: 'trash bags'
  (122/347) Searching keyword: 'cleaning wipes'
  (123/347) Searching keyword: 'air freshener'
  (124/347) Searching keyword: 'aluminum foil'
  (125/347) Searching keyword: 'ziplock bags'
  (126/347) Searching keyword: 'sponges'
  (127/347) Searching keyword: 'coffee'
  (128/347) Searching keyword: 'tea'
  (129/347) Searching keyword: 'orange juice'
  (130/347) Searching keyword: 'apple juice'
  (131/347) Searching keyword: 'soda'
  (132/347) Searching keyword: 'bottled water'
  (133/347) Searching keyword: 'energy drink'
  (134/347) Searching keyword: 'sports drink'
  (135/347) Searching keyword: 'lemonade'
  (136/347) Searching keyword: 'hot cocoa'
  (137/347) Searching keyword: 'potato chips'
  (138/347) Searching keyword: 'crackers'
  (139/347) Searching keyword: 'cookies'
  (140/347) Searching keyword: 'pretzels'
  (141/347) Searching keyword: 'granola bars'
  (142/347) Searching keyword: 'fruit snacks'
  (143/347) Searching keyword: 'popcorn'
  (144/347) Searching keyword: 'trail mix'
  (145/347) Searching keyword: 'jerky'
  (146/347) Searching keyword: 'nuts'
  (147/347) Searching keyword: 'toothpaste'
  (148/347) Searching keyword: 'shampoo'
  (149/347) Searching keyword: 'bar soap'
  (150/347) Searching keyword: 'deodorant'
  (151/347) Searching keyword: 'razor'
  (152/347) Searching keyword: 'apple'
  (153/347) Searching keyword: 'apricot'
  (154/347) Searching keyword: 'artichoke'
  (155/347) Searching keyword: 'arugula'
  (156/347) Searching keyword: 'asparagus'
  (157/347) Searching keyword: 'avocado'
  (158/347) Searching keyword: 'banana'
  (159/347) Searching keyword: 'beet'
  (160/347) Searching keyword: 'bell pepper'
  (161/347) Searching keyword: 'blackberry'
  (162/347) Searching keyword: 'blueberry'
  (163/347) Searching keyword: 'bok choy'
  (164/347) Searching keyword: 'brussels sprouts'
  (165/347) Searching keyword: 'cabbage'
  (166/347) Searching keyword: 'cantaloupe'
  (167/347) Searching keyword: 'carrot'
  (168/347) Searching keyword: 'cauliflower'
  (169/347) Searching keyword: 'celery'
  (170/347) Searching keyword: 'chard'
  (171/347) Searching keyword: 'cherry'
  (172/347) Searching keyword: 'chili pepper'
  (173/347) Searching keyword: 'collard greens'
  (174/347) Searching keyword: 'cucumber'
  (175/347) Searching keyword: 'eggplant'
  (176/347) Searching keyword: 'endive'
  (177/347) Searching keyword: 'escarole'
  (178/347) Searching keyword: 'fig'
  (179/347) Searching keyword: 'garlic'
  (180/347) Searching keyword: 'ginger'
  (181/347) Searching keyword: 'grape'
  (182/347) Searching keyword: 'grapefruit'
  (183/347) Searching keyword: 'green beans'
  (184/347) Searching keyword: 'green onion'
  (185/347) Searching keyword: 'green pepper'
  (186/347) Searching keyword: 'habanero'
  (187/347) Searching keyword: 'honeydew'
  (188/347) Searching keyword: 'jalapeno'
  (189/347) Searching keyword: 'kale'
  (190/347) Searching keyword: 'kiwi'
  (191/347) Searching keyword: 'leek'
  (192/347) Searching keyword: 'lemon'
  (193/347) Searching keyword: 'lime'
  (194/347) Searching keyword: 'mango'
  (195/347) Searching keyword: 'mushroom'
  (196/347) Searching keyword: 'mustard greens'
  (197/347) Searching keyword: 'nectarine'
  (198/347) Searching keyword: 'okra'
  (199/347) Searching keyword: 'onion'
  (200/347) Searching keyword: 'orange'
  (201/347) Searching keyword: 'papaya'
  (202/347) Searching keyword: 'parsnip'
  (203/347) Searching keyword: 'peach'
  (204/347) Searching keyword: 'pear'
  (205/347) Searching keyword: 'pineapple'
  (206/347) Searching keyword: 'plum'
  (207/347) Searching keyword: 'pomegranate'
  (208/347) Searching keyword: 'potato'
  (209/347) Searching keyword: 'pumpkin'
  (210/347) Searching keyword: 'radicchio'
  (211/347) Searching keyword: 'radish'
  (212/347) Searching keyword: 'raspberry'
  (213/347) Searching keyword: 'red cabbage'
  (214/347) Searching keyword: 'red pepper'
  (215/347) Searching keyword: 'romaine lettuce'
  (216/347) Searching keyword: 'rutabaga'
  (217/347) Searching keyword: 'shallot'
  (218/347) Searching keyword: 'snap peas'
  (219/347) Searching keyword: 'snow peas'
  (220/347) Searching keyword: 'spinach'
  (221/347) Searching keyword: 'squash'
  (222/347) Searching keyword: 'strawberry'
  (223/347) Searching keyword: 'sweet potato'
  (224/347) Searching keyword: 'tomato'
  (225/347) Searching keyword: 'turnip'
  (226/347) Searching keyword: 'watermelon'
  (227/347) Searching keyword: 'yellow pepper'
  (228/347) Searching keyword: 'zucchini'
  (229/347) Searching keyword: 'Almond'
  (230/347) Searching keyword: 'Dressing'
  (231/347) Searching keyword: 'Bagel'
  (232/347) Searching keyword: 'Bean'
  (233/347) Searching keyword: 'Soup'
  (234/347) Searching keyword: 'Beef'
  (235/347) Searching keyword: 'Beverages'
  (236/347) Searching keyword: 'Juice'
  (237/347) Searching keyword: 'Bread'
  (238/347) Searching keyword: 'Breakfast bar'
  (239/347) Searching keyword: 'Burrito'
  (240/347) Searching keyword: 'Cactus'
  (241/347) Searching keyword: 'oil'
  (242/347) Searching keyword: 'Canola'
  (243/347) Searching keyword: 'dip'
  (244/347) Searching keyword: 'Cassava'
  (245/347) Searching keyword: 'granola bar'
  (246/347) Searching keyword: 'Cereal'
  (247/347) Searching keyword: 'Cheese'
  (248/347) Searching keyword: 'Chicken'
  (249/347) Searching keyword: 'Chickpea'
  (250/347) Searching keyword: 'Chili'
  (251/347) Searching keyword: 'Chip'
  (252/347) Searching keyword: 'Chocolate'
  (253/347) Searching keyword: 'syrup'
  (254/347) Searching keyword: 'hazelnut'
  (255/347) Searching keyword: 'Coconut'
  (256/347) Searching keyword: 'Cod'
  (257/347) Searching keyword: 'creamer'
  (258/347) Searching keyword: 'Coleslaw'
  (259/347) Searching keyword: 'Collard'
  (260/347) Searching keyword: 'cilantro'
  (261/347) Searching keyword: 'Corn'
  (262/347) Searching keyword: 'Cowpeas'
  (263/347) Searching keyword: 'Cracker'
  (264/347) Searching keyword: 'Cranberry'
  (265/347) Searching keyword: 'wheat'
  (266/347) Searching keyword: 'Cream'
  (267/347) Searching keyword: 'Egg'
  (268/347) Searching keyword: 'Eggnog'
  (269/347) Searching keyword: 'Fava'
  (270/347) Searching keyword: 'Fish'
  (271/347) Searching keyword: 'Flan'
  (272/347) Searching keyword: 'rice'
  (273/347) Searching keyword: 'hot dog'
  (274/347) Searching keyword: 'Frankfurter'
  (275/347) Searching keyword: 'cocktail'
  (276/347) Searching keyword: 'Fruit juice'
  (277/347) Searching keyword: 'Gelatin'
  (278/347) Searching keyword: 'Goat'
  (279/347) Searching keyword: 'Greens'
  (280/347) Searching keyword: 'Guava'
  (281/347) Searching keyword: 'Hominy'
  (282/347) Searching keyword: 'Honey'
  (283/347) Searching keyword: 'Ice'
  (284/347) Searching keyword: 'Icing'
  (285/347) Searching keyword: 'Italian dressing'
  (286/347) Searching keyword: 'preserve'
  (287/347) Searching keyword: 'Jam'
  (288/347) Searching keyword: 'Lard'
  (289/347) Searching keyword: 'Lentil'
  (290/347) Searching keyword: 'Macaroni'
  (291/347) Searching keyword: 'Margarine'
  (292/347) Searching keyword: 'Marmalade'
  (293/347) Searching keyword: 'Masa harina'
  (294/347) Searching keyword: 'Melon'
  (295/347) Searching keyword: 'Mozzarella'
  (296/347) Searching keyword: 'Multigrain'
  (297/347) Searching keyword: 'Noodle'
  (298/347) Searching keyword: 'Nopal'
  (299/347) Searching keyword: 'Nutrition bar'
  (300/347) Searching keyword: 'Nut'
  (301/347) Searching keyword: 'Oat bran'
  (302/347) Searching keyword: 'Oatmeal'
  (303/347) Searching keyword: 'Parsley'
  (304/347) Searching keyword: 'Passion fruit'
  (305/347) Searching keyword: 'Pasta'
  (306/347) Searching keyword: 'Peanut'
  (307/347) Searching keyword: 'Pea'
  (308/347) Searching keyword: 'Pepper'
  (309/347) Searching keyword: 'Persimmon'
  (310/347) Searching keyword: 'relish'
  (311/347) Searching keyword: 'Pinto'
  (312/347) Searching keyword: 'Pizza'
  (313/347) Searching keyword: 'Plantain'
  (314/347) Searching keyword: 'Poppy seed'
  (315/347) Searching keyword: 'Pork'
  (316/347) Searching keyword: 'Prune'
  (317/347) Searching keyword: 'Pudding'
  (318/347) Searching keyword: 'Ravioli'
  (319/347) Searching keyword: 'kidney'
  (320/347) Searching keyword: 'Roll'
  (321/347) Searching keyword: 'Salad'
  (322/347) Searching keyword: 'Salsa'
  (323/347) Searching keyword: 'Salt'
  (324/347) Searching keyword: 'Sandwich'
  (325/347) Searching keyword: 'Sauce'
  (326/347) Searching keyword: 'Sauerkraut'
  (327/347) Searching keyword: 'Seafood'
  (328/347) Searching keyword: 'Sesame'
  (329/347) Searching keyword: 'Sherbet'
  (330/347) Searching keyword: 'Snack'
  (331/347) Searching keyword: 'Soft drink'
  (332/347) Searching keyword: 'Soy'
  (333/347) Searching keyword: 'Soybean'
  (334/347) Searching keyword: 'Spice'
  (335/347) Searching keyword: 'Strawberries'
  (336/347) Searching keyword: 'Sweetener'
  (337/347) Searching keyword: 'Tahini'
  (338/347) Searching keyword: 'Tangerine'
  (339/347) Searching keyword: 'Topping'
  (340/347) Searching keyword: 'Tortilla'
  (341/347) Searching keyword: 'Tuna'
  (342/347) Searching keyword: 'Whipped'
  (343/347) Searching keyword: 'Whiting'
  (344/347) Searching keyword: 'jicama'
  (345/347) Searching keyword: 'Yellow'
  (346/347) Searching keyword: 'bottled water'
  (347/347) Searching keyword: 'bottled spring water'
  Saving and emailing results for store 175...
Payload results saved to G:\.shortcut-targets-by-id\10hwxlrEnEox7VqS6tvo44Q8rX59qZcSg\Drones_MV\UAV Rural Essential Goods Delivery\FOOD_PRICING\Data_Scraping\ACC\ACC_25_11\ACC_175_11_25.csv

Processing ZIP 99613 (store 180)
  (1/347) Searching keyword: 'Gold Medal Flour'
  (2/347) Searching keyword: 'Sugar granulated'
  (3/347) Searching keyword: 'Carnation Evaporated milk'
  (4/347) Searching keyword: 'Cereal Kellogg's corn flakes'
  (5/347) Searching keyword: 'Quaker Oatmeal 18 oz canister'
  (6/347) Searching keyword: 'rice long grain'
  (7/347) Searching keyword: 'White Bread loaf'
  (8/347) Searching keyword: 'Wheat Bread loaf'
  (9/347) Searching keyword: 'Spaghetti'
  (10/347) Searching keyword: 'Tortillas Mission soft taco'
  (11/347) Searching keyword: 'Pilot Bread'
  (12/347) Searching keyword: 'Nabisco saltine crackers'
  (13/347) Searching keyword: 'Ground beef lean'
  (14/347) Searching keyword: 'Chuck roast'
  (15/347) Searching keyword: 'Steak round'
  (16/347) Searching keyword: 'Steak New york'
  (17/347) Searching keyword: 'Chicken whole'
  (18/347) Searching keyword: 'Chicken breast'
  (19/347) Searching keyword: 'Bacon thick'
  (20/347) Searching keyword: 'Pork chops center'
  (21/347) Searching keyword: 'Ham boneless'
  (22/347) Searching keyword: 'Hot Dogs'
  (23/347) Searching keyword: 'Spam'
  (24/347) Searching keyword: 'Tuna light chunk oil'
  (25/347) Searching keyword: 'Eggs 18 count'
  (26/347) Searching keyword: 'Eggs Dozen'
  (27/347) Searching keyword: 'Milk whole 1 gallon'
  (28/347) Searching keyword: 'Milk 2% 1 gallon'
  (29/347) Searching keyword: 'Butter salted'
  (30/347) Searching keyword: 'Tillamook cheddar cheese 2 lb'
  (31/347) Searching keyword: 'Kraft American singles'
  (32/347) Searching keyword: 'Darigold Sour cream 17'
  (33/347) Searching keyword: 'Yoplait Yogurt blueberry'
  (34/347) Searching keyword: 'Vanilla Ice cream'
  (35/347) Searching keyword: 'Red Delicious Apples'
  (36/347) Searching keyword: 'Bananas'
  (37/347) Searching keyword: 'Oranges'
  (38/347) Searching keyword: 'Russet Potatoes'
  (39/347) Searching keyword: 'Iceberg Lettuce'
  (40/347) Searching keyword: 'Tomatoes large'
  (41/347) Searching keyword: 'yellow Onions'
  (42/347) Searching keyword: 'Canned Corn Del Monte'
  (43/347) Searching keyword: 'Canned green beans Del Monte'
  (44/347) Searching keyword: 'Dole Canned mandarin oranges'
  (45/347) Searching keyword: 'Orange juice frozen'
  (46/347) Searching keyword: 'Coke 13'
  (47/347) Searching keyword: 'Pepsi 13'
  (48/347) Searching keyword: '8 Up'
  (49/347) Searching keyword: 'Folgers Coffee'
  (50/347) Searching keyword: 'Lipton Tea bags'
  (51/347) Searching keyword: 'Top Ramen chicken'
  (52/347) Searching keyword: 'Heinz Ketchup'
  (53/347) Searching keyword: 'Smuckers Jelly strawberry'
  (54/347) Searching keyword: 'JIF Peanut Butter creamy'
  (55/347) Searching keyword: 'Vegetable'
  (56/347) Searching keyword: 'Infant Formula'
  (57/347) Searching keyword: 'ground beef'
  (58/347) Searching keyword: 'whole chicken'
  (59/347) Searching keyword: 'bacon'
  (60/347) Searching keyword: 'sausage'
  (61/347) Searching keyword: 'pork chops'
  (62/347) Searching keyword: 'deli meat'
  (63/347) Searching keyword: 'steak'
  (64/347) Searching keyword: 'turkey breast'
  (65/347) Searching keyword: 'ham'
  (66/347) Searching keyword: 'salami'
  (67/347) Searching keyword: 'meatballs'
  (68/347) Searching keyword: 'roast beef'
  (69/347) Searching keyword: 'frozen chicken nuggets'
  (70/347) Searching keyword: 'milk'
  (71/347) Searching keyword: 'eggs'
  (72/347) Searching keyword: 'butter'
  (73/347) Searching keyword: 'sour cream'
  (74/347) Searching keyword: 'shredded cheese'
  (75/347) Searching keyword: 'cream cheese'
  (76/347) Searching keyword: 'yogurt'
  (77/347) Searching keyword: 'cottage cheese'
  (78/347) Searching keyword: 'ice cream'
  (79/347) Searching keyword: 'half and half'
  (80/347) Searching keyword: 'apples'
  (81/347) Searching keyword: 'grapes'
  (82/347) Searching keyword: 'carrots'
  (83/347) Searching keyword: 'tomatoes'
  (84/347) Searching keyword: 'lettuce'
  (85/347) Searching keyword: 'broccoli'
  (86/347) Searching keyword: 'potatoes'
  (87/347) Searching keyword: 'onions'
  (88/347) Searching keyword: 'white bread'
  (89/347) Searching keyword: 'whole wheat bread'
  (90/347) Searching keyword: 'hamburger buns'
  (91/347) Searching keyword: 'tortillas'
  (92/347) Searching keyword: 'bagels'
  (93/347) Searching keyword: 'English muffins'
  (94/347) Searching keyword: 'pita bread'
  (95/347) Searching keyword: 'croissants'
  (96/347) Searching keyword: 'dinner rolls'
  (97/347) Searching keyword: 'gluten free bread'
  (98/347) Searching keyword: 'white rice'
  (99/347) Searching keyword: 'brown rice'
  (100/347) Searching keyword: 'elbow macaroni'
  (101/347) Searching keyword: 'lasagna noodles'
  (102/347) Searching keyword: 'instant rice'
  (103/347) Searching keyword: 'ramen'
  (104/347) Searching keyword: 'quinoa'
  (105/347) Searching keyword: 'couscous'
  (106/347) Searching keyword: 'flour'
  (107/347) Searching keyword: 'canned corn'
  (108/347) Searching keyword: 'canned beans'
  (109/347) Searching keyword: 'peanut butter'
  (110/347) Searching keyword: 'jelly'
  (111/347) Searching keyword: 'mayonnaise'
  (112/347) Searching keyword: 'ketchup'
  (113/347) Searching keyword: 'mustard'
  (114/347) Searching keyword: 'cooking oil'
  (115/347) Searching keyword: 'vinegar'
  (116/347) Searching keyword: 'sugar'
  (117/347) Searching keyword: 'toilet paper'
  (118/347) Searching keyword: 'paper towels'
  (119/347) Searching keyword: 'laundry detergent'
  (120/347) Searching keyword: 'dish soap'
  (121/347) Searching keyword: 'trash bags'
  (122/347) Searching keyword: 'cleaning wipes'
  (123/347) Searching keyword: 'air freshener'
  (124/347) Searching keyword: 'aluminum foil'
  (125/347) Searching keyword: 'ziplock bags'
  (126/347) Searching keyword: 'sponges'
  (127/347) Searching keyword: 'coffee'
  (128/347) Searching keyword: 'tea'
  (129/347) Searching keyword: 'orange juice'
  (130/347) Searching keyword: 'apple juice'
  (131/347) Searching keyword: 'soda'
  (132/347) Searching keyword: 'bottled water'
  (133/347) Searching keyword: 'energy drink'
  (134/347) Searching keyword: 'sports drink'
  (135/347) Searching keyword: 'lemonade'
  (136/347) Searching keyword: 'hot cocoa'
  (137/347) Searching keyword: 'potato chips'
  (138/347) Searching keyword: 'crackers'
  (139/347) Searching keyword: 'cookies'
  (140/347) Searching keyword: 'pretzels'
  (141/347) Searching keyword: 'granola bars'
  (142/347) Searching keyword: 'fruit snacks'
  (143/347) Searching keyword: 'popcorn'
  (144/347) Searching keyword: 'trail mix'
  (145/347) Searching keyword: 'jerky'
  (146/347) Searching keyword: 'nuts'
  (147/347) Searching keyword: 'toothpaste'
  (148/347) Searching keyword: 'shampoo'
  (149/347) Searching keyword: 'bar soap'
  (150/347) Searching keyword: 'deodorant'
  (151/347) Searching keyword: 'razor'
  (152/347) Searching keyword: 'apple'
  (153/347) Searching keyword: 'apricot'
  (154/347) Searching keyword: 'artichoke'
  (155/347) Searching keyword: 'arugula'
  (156/347) Searching keyword: 'asparagus'
  (157/347) Searching keyword: 'avocado'
  (158/347) Searching keyword: 'banana'
  (159/347) Searching keyword: 'beet'
  (160/347) Searching keyword: 'bell pepper'
  (161/347) Searching keyword: 'blackberry'
  (162/347) Searching keyword: 'blueberry'
  (163/347) Searching keyword: 'bok choy'
  (164/347) Searching keyword: 'brussels sprouts'
  (165/347) Searching keyword: 'cabbage'
  (166/347) Searching keyword: 'cantaloupe'
  (167/347) Searching keyword: 'carrot'
  (168/347) Searching keyword: 'cauliflower'
  (169/347) Searching keyword: 'celery'
  (170/347) Searching keyword: 'chard'
  (171/347) Searching keyword: 'cherry'
  (172/347) Searching keyword: 'chili pepper'
  (173/347) Searching keyword: 'collard greens'
  (174/347) Searching keyword: 'cucumber'
  (175/347) Searching keyword: 'eggplant'
  (176/347) Searching keyword: 'endive'
  (177/347) Searching keyword: 'escarole'
  (178/347) Searching keyword: 'fig'
  (179/347) Searching keyword: 'garlic'
  (180/347) Searching keyword: 'ginger'
  (181/347) Searching keyword: 'grape'
  (182/347) Searching keyword: 'grapefruit'
  (183/347) Searching keyword: 'green beans'
  (184/347) Searching keyword: 'green onion'
  (185/347) Searching keyword: 'green pepper'
  (186/347) Searching keyword: 'habanero'
  (187/347) Searching keyword: 'honeydew'
  (188/347) Searching keyword: 'jalapeno'
  (189/347) Searching keyword: 'kale'
  (190/347) Searching keyword: 'kiwi'
  (191/347) Searching keyword: 'leek'
  (192/347) Searching keyword: 'lemon'
  (193/347) Searching keyword: 'lime'
  (194/347) Searching keyword: 'mango'
  (195/347) Searching keyword: 'mushroom'
  (196/347) Searching keyword: 'mustard greens'
  (197/347) Searching keyword: 'nectarine'
  (198/347) Searching keyword: 'okra'
  (199/347) Searching keyword: 'onion'
  (200/347) Searching keyword: 'orange'
  (201/347) Searching keyword: 'papaya'
  (202/347) Searching keyword: 'parsnip'
  (203/347) Searching keyword: 'peach'
  (204/347) Searching keyword: 'pear'
  (205/347) Searching keyword: 'pineapple'
  (206/347) Searching keyword: 'plum'
  (207/347) Searching keyword: 'pomegranate'
  (208/347) Searching keyword: 'potato'
  (209/347) Searching keyword: 'pumpkin'
  (210/347) Searching keyword: 'radicchio'
  (211/347) Searching keyword: 'radish'
  (212/347) Searching keyword: 'raspberry'
  (213/347) Searching keyword: 'red cabbage'
  (214/347) Searching keyword: 'red pepper'
  (215/347) Searching keyword: 'romaine lettuce'
  (216/347) Searching keyword: 'rutabaga'
  (217/347) Searching keyword: 'shallot'
  (218/347) Searching keyword: 'snap peas'
  (219/347) Searching keyword: 'snow peas'
  (220/347) Searching keyword: 'spinach'
  (221/347) Searching keyword: 'squash'
  (222/347) Searching keyword: 'strawberry'
  (223/347) Searching keyword: 'sweet potato'
  (224/347) Searching keyword: 'tomato'
  (225/347) Searching keyword: 'turnip'
  (226/347) Searching keyword: 'watermelon'
  (227/347) Searching keyword: 'yellow pepper'
  (228/347) Searching keyword: 'zucchini'
  (229/347) Searching keyword: 'Almond'
  (230/347) Searching keyword: 'Dressing'
  (231/347) Searching keyword: 'Bagel'
  (232/347) Searching keyword: 'Bean'
  (233/347) Searching keyword: 'Soup'
  (234/347) Searching keyword: 'Beef'
  (235/347) Searching keyword: 'Beverages'
  (236/347) Searching keyword: 'Juice'
  (237/347) Searching keyword: 'Bread'
  (238/347) Searching keyword: 'Breakfast bar'
  (239/347) Searching keyword: 'Burrito'
  (240/347) Searching keyword: 'Cactus'
  (241/347) Searching keyword: 'oil'
  (242/347) Searching keyword: 'Canola'
  (243/347) Searching keyword: 'dip'
  (244/347) Searching keyword: 'Cassava'
  (245/347) Searching keyword: 'granola bar'
  (246/347) Searching keyword: 'Cereal'
  (247/347) Searching keyword: 'Cheese'
  (248/347) Searching keyword: 'Chicken'
  (249/347) Searching keyword: 'Chickpea'
  (250/347) Searching keyword: 'Chili'
  (251/347) Searching keyword: 'Chip'
  (252/347) Searching keyword: 'Chocolate'
  (253/347) Searching keyword: 'syrup'
  (254/347) Searching keyword: 'hazelnut'
  (255/347) Searching keyword: 'Coconut'
  (256/347) Searching keyword: 'Cod'
  (257/347) Searching keyword: 'creamer'
  (258/347) Searching keyword: 'Coleslaw'
  (259/347) Searching keyword: 'Collard'
  (260/347) Searching keyword: 'cilantro'
  (261/347) Searching keyword: 'Corn'
  (262/347) Searching keyword: 'Cowpeas'
  (263/347) Searching keyword: 'Cracker'
  (264/347) Searching keyword: 'Cranberry'
  (265/347) Searching keyword: 'wheat'
  (266/347) Searching keyword: 'Cream'
  (267/347) Searching keyword: 'Egg'
  (268/347) Searching keyword: 'Eggnog'
  (269/347) Searching keyword: 'Fava'
  (270/347) Searching keyword: 'Fish'
  (271/347) Searching keyword: 'Flan'
  (272/347) Searching keyword: 'rice'
  (273/347) Searching keyword: 'hot dog'
  (274/347) Searching keyword: 'Frankfurter'
  (275/347) Searching keyword: 'cocktail'
  (276/347) Searching keyword: 'Fruit juice'
  (277/347) Searching keyword: 'Gelatin'
  (278/347) Searching keyword: 'Goat'
  (279/347) Searching keyword: 'Greens'
  (280/347) Searching keyword: 'Guava'
  (281/347) Searching keyword: 'Hominy'
  (282/347) Searching keyword: 'Honey'
  (283/347) Searching keyword: 'Ice'
  (284/347) Searching keyword: 'Icing'
  (285/347) Searching keyword: 'Italian dressing'
  (286/347) Searching keyword: 'preserve'
  (287/347) Searching keyword: 'Jam'
  (288/347) Searching keyword: 'Lard'
  (289/347) Searching keyword: 'Lentil'
  (290/347) Searching keyword: 'Macaroni'
  (291/347) Searching keyword: 'Margarine'
  (292/347) Searching keyword: 'Marmalade'
  (293/347) Searching keyword: 'Masa harina'
  (294/347) Searching keyword: 'Melon'
  (295/347) Searching keyword: 'Mozzarella'
  (296/347) Searching keyword: 'Multigrain'
  (297/347) Searching keyword: 'Noodle'
  (298/347) Searching keyword: 'Nopal'
  (299/347) Searching keyword: 'Nutrition bar'
  (300/347) Searching keyword: 'Nut'
  (301/347) Searching keyword: 'Oat bran'
  (302/347) Searching keyword: 'Oatmeal'
  (303/347) Searching keyword: 'Parsley'
  (304/347) Searching keyword: 'Passion fruit'
  (305/347) Searching keyword: 'Pasta'
  (306/347) Searching keyword: 'Peanut'
  (307/347) Searching keyword: 'Pea'
  (308/347) Searching keyword: 'Pepper'
  (309/347) Searching keyword: 'Persimmon'
  (310/347) Searching keyword: 'relish'
  (311/347) Searching keyword: 'Pinto'
  (312/347) Searching keyword: 'Pizza'
  (313/347) Searching keyword: 'Plantain'
  (314/347) Searching keyword: 'Poppy seed'
  (315/347) Searching keyword: 'Pork'
  (316/347) Searching keyword: 'Prune'
  (317/347) Searching keyword: 'Pudding'
  (318/347) Searching keyword: 'Ravioli'
  (319/347) Searching keyword: 'kidney'
  (320/347) Searching keyword: 'Roll'
  (321/347) Searching keyword: 'Salad'
  (322/347) Searching keyword: 'Salsa'
  (323/347) Searching keyword: 'Salt'
  (324/347) Searching keyword: 'Sandwich'
  (325/347) Searching keyword: 'Sauce'
  (326/347) Searching keyword: 'Sauerkraut'
  (327/347) Searching keyword: 'Seafood'
  (328/347) Searching keyword: 'Sesame'
  (329/347) Searching keyword: 'Sherbet'
  (330/347) Searching keyword: 'Snack'
  (331/347) Searching keyword: 'Soft drink'
  (332/347) Searching keyword: 'Soy'
  (333/347) Searching keyword: 'Soybean'
  (334/347) Searching keyword: 'Spice'
  (335/347) Searching keyword: 'Strawberries'
  (336/347) Searching keyword: 'Sweetener'
  (337/347) Searching keyword: 'Tahini'
  (338/347) Searching keyword: 'Tangerine'
  (339/347) Searching keyword: 'Topping'
  (340/347) Searching keyword: 'Tortilla'
  (341/347) Searching keyword: 'Tuna'
  (342/347) Searching keyword: 'Whipped'
  (343/347) Searching keyword: 'Whiting'
  (344/347) Searching keyword: 'jicama'
  (345/347) Searching keyword: 'Yellow'
  (346/347) Searching keyword: 'bottled water'
  (347/347) Searching keyword: 'bottled spring water'
  Saving and emailing results for store 180...
Payload results saved to G:\.shortcut-targets-by-id\10hwxlrEnEox7VqS6tvo44Q8rX59qZcSg\Drones_MV\UAV Rural Essential Goods Delivery\FOOD_PRICING\Data_Scraping\ACC\ACC_25_11\ACC_180_11_25.csv

Processing ZIP 99762 (store 185)
  (1/347) Searching keyword: 'Gold Medal Flour'
  (2/347) Searching keyword: 'Sugar granulated'
  (3/347) Searching keyword: 'Carnation Evaporated milk'
  (4/347) Searching keyword: 'Cereal Kellogg's corn flakes'
  (5/347) Searching keyword: 'Quaker Oatmeal 18 oz canister'
  (6/347) Searching keyword: 'rice long grain'
  (7/347) Searching keyword: 'White Bread loaf'
  (8/347) Searching keyword: 'Wheat Bread loaf'
  (9/347) Searching keyword: 'Spaghetti'
  (10/347) Searching keyword: 'Tortillas Mission soft taco'
  (11/347) Searching keyword: 'Pilot Bread'
  (12/347) Searching keyword: 'Nabisco saltine crackers'
  (13/347) Searching keyword: 'Ground beef lean'
  (14/347) Searching keyword: 'Chuck roast'
  (15/347) Searching keyword: 'Steak round'
  (16/347) Searching keyword: 'Steak New york'
  (17/347) Searching keyword: 'Chicken whole'
  (18/347) Searching keyword: 'Chicken breast'
  (19/347) Searching keyword: 'Bacon thick'
  (20/347) Searching keyword: 'Pork chops center'
  (21/347) Searching keyword: 'Ham boneless'
  (22/347) Searching keyword: 'Hot Dogs'
  (23/347) Searching keyword: 'Spam'
  (24/347) Searching keyword: 'Tuna light chunk oil'
  (25/347) Searching keyword: 'Eggs 18 count'
  (26/347) Searching keyword: 'Eggs Dozen'
  (27/347) Searching keyword: 'Milk whole 1 gallon'
  (28/347) Searching keyword: 'Milk 2% 1 gallon'
  (29/347) Searching keyword: 'Butter salted'
  (30/347) Searching keyword: 'Tillamook cheddar cheese 2 lb'
  (31/347) Searching keyword: 'Kraft American singles'
  (32/347) Searching keyword: 'Darigold Sour cream 17'
  (33/347) Searching keyword: 'Yoplait Yogurt blueberry'
  (34/347) Searching keyword: 'Vanilla Ice cream'
  (35/347) Searching keyword: 'Red Delicious Apples'
  (36/347) Searching keyword: 'Bananas'
  (37/347) Searching keyword: 'Oranges'
  (38/347) Searching keyword: 'Russet Potatoes'
  (39/347) Searching keyword: 'Iceberg Lettuce'
  (40/347) Searching keyword: 'Tomatoes large'
  (41/347) Searching keyword: 'yellow Onions'
  (42/347) Searching keyword: 'Canned Corn Del Monte'
  (43/347) Searching keyword: 'Canned green beans Del Monte'
  (44/347) Searching keyword: 'Dole Canned mandarin oranges'
  (45/347) Searching keyword: 'Orange juice frozen'
  (46/347) Searching keyword: 'Coke 13'
  (47/347) Searching keyword: 'Pepsi 13'
  (48/347) Searching keyword: '8 Up'
  (49/347) Searching keyword: 'Folgers Coffee'
  (50/347) Searching keyword: 'Lipton Tea bags'
  (51/347) Searching keyword: 'Top Ramen chicken'
  (52/347) Searching keyword: 'Heinz Ketchup'
  (53/347) Searching keyword: 'Smuckers Jelly strawberry'
  (54/347) Searching keyword: 'JIF Peanut Butter creamy'
  (55/347) Searching keyword: 'Vegetable'
  (56/347) Searching keyword: 'Infant Formula'
  (57/347) Searching keyword: 'ground beef'
  (58/347) Searching keyword: 'whole chicken'
  (59/347) Searching keyword: 'bacon'
  (60/347) Searching keyword: 'sausage'
  (61/347) Searching keyword: 'pork chops'
  (62/347) Searching keyword: 'deli meat'
  (63/347) Searching keyword: 'steak'
  (64/347) Searching keyword: 'turkey breast'
  (65/347) Searching keyword: 'ham'
  (66/347) Searching keyword: 'salami'
  (67/347) Searching keyword: 'meatballs'
  (68/347) Searching keyword: 'roast beef'
  (69/347) Searching keyword: 'frozen chicken nuggets'
  (70/347) Searching keyword: 'milk'
  (71/347) Searching keyword: 'eggs'
  (72/347) Searching keyword: 'butter'
  (73/347) Searching keyword: 'sour cream'
  (74/347) Searching keyword: 'shredded cheese'
  (75/347) Searching keyword: 'cream cheese'
  (76/347) Searching keyword: 'yogurt'
  (77/347) Searching keyword: 'cottage cheese'
  (78/347) Searching keyword: 'ice cream'
  (79/347) Searching keyword: 'half and half'
  (80/347) Searching keyword: 'apples'
  (81/347) Searching keyword: 'grapes'
  (82/347) Searching keyword: 'carrots'
  (83/347) Searching keyword: 'tomatoes'
  (84/347) Searching keyword: 'lettuce'
  (85/347) Searching keyword: 'broccoli'
  (86/347) Searching keyword: 'potatoes'
  (87/347) Searching keyword: 'onions'
  (88/347) Searching keyword: 'white bread'
  (89/347) Searching keyword: 'whole wheat bread'
  (90/347) Searching keyword: 'hamburger buns'
  (91/347) Searching keyword: 'tortillas'
  (92/347) Searching keyword: 'bagels'
  (93/347) Searching keyword: 'English muffins'
  (94/347) Searching keyword: 'pita bread'
  (95/347) Searching keyword: 'croissants'
  (96/347) Searching keyword: 'dinner rolls'
  (97/347) Searching keyword: 'gluten free bread'
  (98/347) Searching keyword: 'white rice'
  (99/347) Searching keyword: 'brown rice'
  (100/347) Searching keyword: 'elbow macaroni'
  (101/347) Searching keyword: 'lasagna noodles'
  (102/347) Searching keyword: 'instant rice'
  (103/347) Searching keyword: 'ramen'
  (104/347) Searching keyword: 'quinoa'
  (105/347) Searching keyword: 'couscous'
  (106/347) Searching keyword: 'flour'
  (107/347) Searching keyword: 'canned corn'
  (108/347) Searching keyword: 'canned beans'
  (109/347) Searching keyword: 'peanut butter'
  (110/347) Searching keyword: 'jelly'
  (111/347) Searching keyword: 'mayonnaise'
  (112/347) Searching keyword: 'ketchup'
  (113/347) Searching keyword: 'mustard'
  (114/347) Searching keyword: 'cooking oil'
  (115/347) Searching keyword: 'vinegar'
  (116/347) Searching keyword: 'sugar'
  (117/347) Searching keyword: 'toilet paper'
  (118/347) Searching keyword: 'paper towels'
  (119/347) Searching keyword: 'laundry detergent'
  (120/347) Searching keyword: 'dish soap'
  (121/347) Searching keyword: 'trash bags'
  (122/347) Searching keyword: 'cleaning wipes'
  (123/347) Searching keyword: 'air freshener'
  (124/347) Searching keyword: 'aluminum foil'
  (125/347) Searching keyword: 'ziplock bags'
  (126/347) Searching keyword: 'sponges'
  (127/347) Searching keyword: 'coffee'
  (128/347) Searching keyword: 'tea'
  (129/347) Searching keyword: 'orange juice'
  (130/347) Searching keyword: 'apple juice'
  (131/347) Searching keyword: 'soda'
  (132/347) Searching keyword: 'bottled water'
  (133/347) Searching keyword: 'energy drink'
  (134/347) Searching keyword: 'sports drink'
  (135/347) Searching keyword: 'lemonade'
  (136/347) Searching keyword: 'hot cocoa'
  (137/347) Searching keyword: 'potato chips'
  (138/347) Searching keyword: 'crackers'
  (139/347) Searching keyword: 'cookies'
  (140/347) Searching keyword: 'pretzels'
  (141/347) Searching keyword: 'granola bars'
  (142/347) Searching keyword: 'fruit snacks'
  (143/347) Searching keyword: 'popcorn'
  (144/347) Searching keyword: 'trail mix'
  (145/347) Searching keyword: 'jerky'
  (146/347) Searching keyword: 'nuts'
  (147/347) Searching keyword: 'toothpaste'
  (148/347) Searching keyword: 'shampoo'
  (149/347) Searching keyword: 'bar soap'
  (150/347) Searching keyword: 'deodorant'
  (151/347) Searching keyword: 'razor'
  (152/347) Searching keyword: 'apple'
  (153/347) Searching keyword: 'apricot'
  (154/347) Searching keyword: 'artichoke'
  (155/347) Searching keyword: 'arugula'
  (156/347) Searching keyword: 'asparagus'
  (157/347) Searching keyword: 'avocado'
  (158/347) Searching keyword: 'banana'
  (159/347) Searching keyword: 'beet'
  (160/347) Searching keyword: 'bell pepper'
  (161/347) Searching keyword: 'blackberry'
  (162/347) Searching keyword: 'blueberry'
  (163/347) Searching keyword: 'bok choy'
  (164/347) Searching keyword: 'brussels sprouts'
  (165/347) Searching keyword: 'cabbage'
  (166/347) Searching keyword: 'cantaloupe'
  (167/347) Searching keyword: 'carrot'
  (168/347) Searching keyword: 'cauliflower'
  (169/347) Searching keyword: 'celery'
  (170/347) Searching keyword: 'chard'
  (171/347) Searching keyword: 'cherry'
  (172/347) Searching keyword: 'chili pepper'
  (173/347) Searching keyword: 'collard greens'
  (174/347) Searching keyword: 'cucumber'
  (175/347) Searching keyword: 'eggplant'
  (176/347) Searching keyword: 'endive'
  (177/347) Searching keyword: 'escarole'
  (178/347) Searching keyword: 'fig'
  (179/347) Searching keyword: 'garlic'
  (180/347) Searching keyword: 'ginger'
  (181/347) Searching keyword: 'grape'
  (182/347) Searching keyword: 'grapefruit'
  (183/347) Searching keyword: 'green beans'
  (184/347) Searching keyword: 'green onion'
  (185/347) Searching keyword: 'green pepper'
  (186/347) Searching keyword: 'habanero'
  (187/347) Searching keyword: 'honeydew'
  (188/347) Searching keyword: 'jalapeno'
  (189/347) Searching keyword: 'kale'
  (190/347) Searching keyword: 'kiwi'
  (191/347) Searching keyword: 'leek'
  (192/347) Searching keyword: 'lemon'
  (193/347) Searching keyword: 'lime'
  (194/347) Searching keyword: 'mango'
  (195/347) Searching keyword: 'mushroom'
  (196/347) Searching keyword: 'mustard greens'
  (197/347) Searching keyword: 'nectarine'
  (198/347) Searching keyword: 'okra'
  (199/347) Searching keyword: 'onion'
  (200/347) Searching keyword: 'orange'
  (201/347) Searching keyword: 'papaya'
  (202/347) Searching keyword: 'parsnip'
  (203/347) Searching keyword: 'peach'
  (204/347) Searching keyword: 'pear'
  (205/347) Searching keyword: 'pineapple'
  (206/347) Searching keyword: 'plum'
  (207/347) Searching keyword: 'pomegranate'
  (208/347) Searching keyword: 'potato'
  (209/347) Searching keyword: 'pumpkin'
  (210/347) Searching keyword: 'radicchio'
  (211/347) Searching keyword: 'radish'
  (212/347) Searching keyword: 'raspberry'
  (213/347) Searching keyword: 'red cabbage'
  (214/347) Searching keyword: 'red pepper'
  (215/347) Searching keyword: 'romaine lettuce'
  (216/347) Searching keyword: 'rutabaga'
  (217/347) Searching keyword: 'shallot'
  (218/347) Searching keyword: 'snap peas'
  (219/347) Searching keyword: 'snow peas'
  (220/347) Searching keyword: 'spinach'
  (221/347) Searching keyword: 'squash'
  (222/347) Searching keyword: 'strawberry'
  (223/347) Searching keyword: 'sweet potato'
  (224/347) Searching keyword: 'tomato'
  (225/347) Searching keyword: 'turnip'
  (226/347) Searching keyword: 'watermelon'
  (227/347) Searching keyword: 'yellow pepper'
  (228/347) Searching keyword: 'zucchini'
  (229/347) Searching keyword: 'Almond'
  (230/347) Searching keyword: 'Dressing'
  (231/347) Searching keyword: 'Bagel'
  (232/347) Searching keyword: 'Bean'
  (233/347) Searching keyword: 'Soup'
  (234/347) Searching keyword: 'Beef'
  (235/347) Searching keyword: 'Beverages'
  (236/347) Searching keyword: 'Juice'
  (237/347) Searching keyword: 'Bread'
  (238/347) Searching keyword: 'Breakfast bar'
  (239/347) Searching keyword: 'Burrito'
  (240/347) Searching keyword: 'Cactus'
  (241/347) Searching keyword: 'oil'
  (242/347) Searching keyword: 'Canola'
  (243/347) Searching keyword: 'dip'
  (244/347) Searching keyword: 'Cassava'
  (245/347) Searching keyword: 'granola bar'
  (246/347) Searching keyword: 'Cereal'
  (247/347) Searching keyword: 'Cheese'
  (248/347) Searching keyword: 'Chicken'
  (249/347) Searching keyword: 'Chickpea'
  (250/347) Searching keyword: 'Chili'
  (251/347) Searching keyword: 'Chip'
  (252/347) Searching keyword: 'Chocolate'
  (253/347) Searching keyword: 'syrup'
  (254/347) Searching keyword: 'hazelnut'
  (255/347) Searching keyword: 'Coconut'
  (256/347) Searching keyword: 'Cod'
  (257/347) Searching keyword: 'creamer'
  (258/347) Searching keyword: 'Coleslaw'
  (259/347) Searching keyword: 'Collard'
  (260/347) Searching keyword: 'cilantro'
  (261/347) Searching keyword: 'Corn'
  (262/347) Searching keyword: 'Cowpeas'
  (263/347) Searching keyword: 'Cracker'
  (264/347) Searching keyword: 'Cranberry'
  (265/347) Searching keyword: 'wheat'
  (266/347) Searching keyword: 'Cream'
  (267/347) Searching keyword: 'Egg'
  (268/347) Searching keyword: 'Eggnog'
  (269/347) Searching keyword: 'Fava'
  (270/347) Searching keyword: 'Fish'
  (271/347) Searching keyword: 'Flan'
  (272/347) Searching keyword: 'rice'
  (273/347) Searching keyword: 'hot dog'
  (274/347) Searching keyword: 'Frankfurter'
  (275/347) Searching keyword: 'cocktail'
  (276/347) Searching keyword: 'Fruit juice'
  (277/347) Searching keyword: 'Gelatin'
  (278/347) Searching keyword: 'Goat'
  (279/347) Searching keyword: 'Greens'
  (280/347) Searching keyword: 'Guava'
  (281/347) Searching keyword: 'Hominy'
  (282/347) Searching keyword: 'Honey'
  (283/347) Searching keyword: 'Ice'
  (284/347) Searching keyword: 'Icing'
  (285/347) Searching keyword: 'Italian dressing'
  (286/347) Searching keyword: 'preserve'
  (287/347) Searching keyword: 'Jam'
  (288/347) Searching keyword: 'Lard'
  (289/347) Searching keyword: 'Lentil'
  (290/347) Searching keyword: 'Macaroni'
  (291/347) Searching keyword: 'Margarine'
  (292/347) Searching keyword: 'Marmalade'
  (293/347) Searching keyword: 'Masa harina'
  (294/347) Searching keyword: 'Melon'
  (295/347) Searching keyword: 'Mozzarella'
  (296/347) Searching keyword: 'Multigrain'
  (297/347) Searching keyword: 'Noodle'
  (298/347) Searching keyword: 'Nopal'
  (299/347) Searching keyword: 'Nutrition bar'
  (300/347) Searching keyword: 'Nut'
  (301/347) Searching keyword: 'Oat bran'
  (302/347) Searching keyword: 'Oatmeal'
  (303/347) Searching keyword: 'Parsley'
  (304/347) Searching keyword: 'Passion fruit'
  (305/347) Searching keyword: 'Pasta'
  (306/347) Searching keyword: 'Peanut'
  (307/347) Searching keyword: 'Pea'
  (308/347) Searching keyword: 'Pepper'
  (309/347) Searching keyword: 'Persimmon'
  (310/347) Searching keyword: 'relish'
  (311/347) Searching keyword: 'Pinto'
  (312/347) Searching keyword: 'Pizza'
  (313/347) Searching keyword: 'Plantain'
  (314/347) Searching keyword: 'Poppy seed'
  (315/347) Searching keyword: 'Pork'
  (316/347) Searching keyword: 'Prune'
  (317/347) Searching keyword: 'Pudding'
  (318/347) Searching keyword: 'Ravioli'
  (319/347) Searching keyword: 'kidney'
  (320/347) Searching keyword: 'Roll'
  (321/347) Searching keyword: 'Salad'
  (322/347) Searching keyword: 'Salsa'
  (323/347) Searching keyword: 'Salt'
  (324/347) Searching keyword: 'Sandwich'
  (325/347) Searching keyword: 'Sauce'
  (326/347) Searching keyword: 'Sauerkraut'
  (327/347) Searching keyword: 'Seafood'
  (328/347) Searching keyword: 'Sesame'
  (329/347) Searching keyword: 'Sherbet'
  (330/347) Searching keyword: 'Snack'
  (331/347) Searching keyword: 'Soft drink'
  (332/347) Searching keyword: 'Soy'
  (333/347) Searching keyword: 'Soybean'
  (334/347) Searching keyword: 'Spice'
  (335/347) Searching keyword: 'Strawberries'
  (336/347) Searching keyword: 'Sweetener'
  (337/347) Searching keyword: 'Tahini'
  (338/347) Searching keyword: 'Tangerine'
  (339/347) Searching keyword: 'Topping'
  (340/347) Searching keyword: 'Tortilla'
  (341/347) Searching keyword: 'Tuna'
  (342/347) Searching keyword: 'Whipped'
  (343/347) Searching keyword: 'Whiting'
  (344/347) Searching keyword: 'jicama'
  (345/347) Searching keyword: 'Yellow'
  (346/347) Searching keyword: 'bottled water'
  (347/347) Searching keyword: 'bottled spring water'
  Saving and emailing results for store 185...
Payload results saved to G:\.shortcut-targets-by-id\10hwxlrEnEox7VqS6tvo44Q8rX59qZcSg\Drones_MV\UAV Rural Essential Goods Delivery\FOOD_PRICING\Data_Scraping\ACC\ACC_25_11\ACC_185_11_25.csv

Processing ZIP 99689 (store 200)
  (1/347) Searching keyword: 'Gold Medal Flour'
  (2/347) Searching keyword: 'Sugar granulated'
  (3/347) Searching keyword: 'Carnation Evaporated milk'
  (4/347) Searching keyword: 'Cereal Kellogg's corn flakes'
  (5/347) Searching keyword: 'Quaker Oatmeal 18 oz canister'
  (6/347) Searching keyword: 'rice long grain'
  (7/347) Searching keyword: 'White Bread loaf'
  (8/347) Searching keyword: 'Wheat Bread loaf'
  (9/347) Searching keyword: 'Spaghetti'
  (10/347) Searching keyword: 'Tortillas Mission soft taco'
  (11/347) Searching keyword: 'Pilot Bread'
  (12/347) Searching keyword: 'Nabisco saltine crackers'
  (13/347) Searching keyword: 'Ground beef lean'
  (14/347) Searching keyword: 'Chuck roast'
  (15/347) Searching keyword: 'Steak round'
  (16/347) Searching keyword: 'Steak New york'
  (17/347) Searching keyword: 'Chicken whole'
  (18/347) Searching keyword: 'Chicken breast'
  (19/347) Searching keyword: 'Bacon thick'
  (20/347) Searching keyword: 'Pork chops center'
  (21/347) Searching keyword: 'Ham boneless'
  (22/347) Searching keyword: 'Hot Dogs'
  (23/347) Searching keyword: 'Spam'
  (24/347) Searching keyword: 'Tuna light chunk oil'
  (25/347) Searching keyword: 'Eggs 18 count'
  (26/347) Searching keyword: 'Eggs Dozen'
  (27/347) Searching keyword: 'Milk whole 1 gallon'
  (28/347) Searching keyword: 'Milk 2% 1 gallon'
  (29/347) Searching keyword: 'Butter salted'
  (30/347) Searching keyword: 'Tillamook cheddar cheese 2 lb'
  (31/347) Searching keyword: 'Kraft American singles'
  (32/347) Searching keyword: 'Darigold Sour cream 17'
  (33/347) Searching keyword: 'Yoplait Yogurt blueberry'
  (34/347) Searching keyword: 'Vanilla Ice cream'
  (35/347) Searching keyword: 'Red Delicious Apples'
  (36/347) Searching keyword: 'Bananas'
  (37/347) Searching keyword: 'Oranges'
  (38/347) Searching keyword: 'Russet Potatoes'
  (39/347) Searching keyword: 'Iceberg Lettuce'
  (40/347) Searching keyword: 'Tomatoes large'
  (41/347) Searching keyword: 'yellow Onions'
  (42/347) Searching keyword: 'Canned Corn Del Monte'
  (43/347) Searching keyword: 'Canned green beans Del Monte'
  (44/347) Searching keyword: 'Dole Canned mandarin oranges'
  (45/347) Searching keyword: 'Orange juice frozen'
  (46/347) Searching keyword: 'Coke 13'
  (47/347) Searching keyword: 'Pepsi 13'
  (48/347) Searching keyword: '8 Up'
  (49/347) Searching keyword: 'Folgers Coffee'
  (50/347) Searching keyword: 'Lipton Tea bags'
  (51/347) Searching keyword: 'Top Ramen chicken'
  (52/347) Searching keyword: 'Heinz Ketchup'
  (53/347) Searching keyword: 'Smuckers Jelly strawberry'
  (54/347) Searching keyword: 'JIF Peanut Butter creamy'
  (55/347) Searching keyword: 'Vegetable'
  (56/347) Searching keyword: 'Infant Formula'
  (57/347) Searching keyword: 'ground beef'
  (58/347) Searching keyword: 'whole chicken'
  (59/347) Searching keyword: 'bacon'
  (60/347) Searching keyword: 'sausage'
  (61/347) Searching keyword: 'pork chops'
  (62/347) Searching keyword: 'deli meat'
  (63/347) Searching keyword: 'steak'
  (64/347) Searching keyword: 'turkey breast'
  (65/347) Searching keyword: 'ham'
  (66/347) Searching keyword: 'salami'
  (67/347) Searching keyword: 'meatballs'
  (68/347) Searching keyword: 'roast beef'
  (69/347) Searching keyword: 'frozen chicken nuggets'
  (70/347) Searching keyword: 'milk'
  (71/347) Searching keyword: 'eggs'
  (72/347) Searching keyword: 'butter'
  (73/347) Searching keyword: 'sour cream'
  (74/347) Searching keyword: 'shredded cheese'
  (75/347) Searching keyword: 'cream cheese'
  (76/347) Searching keyword: 'yogurt'
  (77/347) Searching keyword: 'cottage cheese'
  (78/347) Searching keyword: 'ice cream'
  (79/347) Searching keyword: 'half and half'
  (80/347) Searching keyword: 'apples'
  (81/347) Searching keyword: 'grapes'
  (82/347) Searching keyword: 'carrots'
  (83/347) Searching keyword: 'tomatoes'
  (84/347) Searching keyword: 'lettuce'
  (85/347) Searching keyword: 'broccoli'
  (86/347) Searching keyword: 'potatoes'
  (87/347) Searching keyword: 'onions'
  (88/347) Searching keyword: 'white bread'
  (89/347) Searching keyword: 'whole wheat bread'
  (90/347) Searching keyword: 'hamburger buns'
  (91/347) Searching keyword: 'tortillas'
  (92/347) Searching keyword: 'bagels'
  (93/347) Searching keyword: 'English muffins'
  (94/347) Searching keyword: 'pita bread'
  (95/347) Searching keyword: 'croissants'
  (96/347) Searching keyword: 'dinner rolls'
  (97/347) Searching keyword: 'gluten free bread'
  (98/347) Searching keyword: 'white rice'
  (99/347) Searching keyword: 'brown rice'
  (100/347) Searching keyword: 'elbow macaroni'
  (101/347) Searching keyword: 'lasagna noodles'
  (102/347) Searching keyword: 'instant rice'
  (103/347) Searching keyword: 'ramen'
  (104/347) Searching keyword: 'quinoa'
  (105/347) Searching keyword: 'couscous'
  (106/347) Searching keyword: 'flour'
  (107/347) Searching keyword: 'canned corn'
  (108/347) Searching keyword: 'canned beans'
  (109/347) Searching keyword: 'peanut butter'
  (110/347) Searching keyword: 'jelly'
  (111/347) Searching keyword: 'mayonnaise'
  (112/347) Searching keyword: 'ketchup'
  (113/347) Searching keyword: 'mustard'
  (114/347) Searching keyword: 'cooking oil'
  (115/347) Searching keyword: 'vinegar'
  (116/347) Searching keyword: 'sugar'
  (117/347) Searching keyword: 'toilet paper'
  (118/347) Searching keyword: 'paper towels'
  (119/347) Searching keyword: 'laundry detergent'
  (120/347) Searching keyword: 'dish soap'
  (121/347) Searching keyword: 'trash bags'
  (122/347) Searching keyword: 'cleaning wipes'
  (123/347) Searching keyword: 'air freshener'
  (124/347) Searching keyword: 'aluminum foil'
  (125/347) Searching keyword: 'ziplock bags'
  (126/347) Searching keyword: 'sponges'
  (127/347) Searching keyword: 'coffee'
  (128/347) Searching keyword: 'tea'
  (129/347) Searching keyword: 'orange juice'
  (130/347) Searching keyword: 'apple juice'
  (131/347) Searching keyword: 'soda'
  (132/347) Searching keyword: 'bottled water'
  (133/347) Searching keyword: 'energy drink'
  (134/347) Searching keyword: 'sports drink'
  (135/347) Searching keyword: 'lemonade'
  (136/347) Searching keyword: 'hot cocoa'
  (137/347) Searching keyword: 'potato chips'
  (138/347) Searching keyword: 'crackers'
  (139/347) Searching keyword: 'cookies'
  (140/347) Searching keyword: 'pretzels'
  (141/347) Searching keyword: 'granola bars'
  (142/347) Searching keyword: 'fruit snacks'
  (143/347) Searching keyword: 'popcorn'
  (144/347) Searching keyword: 'trail mix'
  (145/347) Searching keyword: 'jerky'
  (146/347) Searching keyword: 'nuts'
  (147/347) Searching keyword: 'toothpaste'
  (148/347) Searching keyword: 'shampoo'
  (149/347) Searching keyword: 'bar soap'
  (150/347) Searching keyword: 'deodorant'
  (151/347) Searching keyword: 'razor'
  (152/347) Searching keyword: 'apple'
  (153/347) Searching keyword: 'apricot'
  (154/347) Searching keyword: 'artichoke'
  (155/347) Searching keyword: 'arugula'
  (156/347) Searching keyword: 'asparagus'
  (157/347) Searching keyword: 'avocado'
  (158/347) Searching keyword: 'banana'
  (159/347) Searching keyword: 'beet'
  (160/347) Searching keyword: 'bell pepper'
  (161/347) Searching keyword: 'blackberry'
  (162/347) Searching keyword: 'blueberry'
  (163/347) Searching keyword: 'bok choy'
  (164/347) Searching keyword: 'brussels sprouts'
  (165/347) Searching keyword: 'cabbage'
  (166/347) Searching keyword: 'cantaloupe'
  (167/347) Searching keyword: 'carrot'
  (168/347) Searching keyword: 'cauliflower'
  (169/347) Searching keyword: 'celery'
  (170/347) Searching keyword: 'chard'
  (171/347) Searching keyword: 'cherry'
  (172/347) Searching keyword: 'chili pepper'
  (173/347) Searching keyword: 'collard greens'
  (174/347) Searching keyword: 'cucumber'
  (175/347) Searching keyword: 'eggplant'
  (176/347) Searching keyword: 'endive'
  (177/347) Searching keyword: 'escarole'
  (178/347) Searching keyword: 'fig'
  (179/347) Searching keyword: 'garlic'
  (180/347) Searching keyword: 'ginger'
  (181/347) Searching keyword: 'grape'
  (182/347) Searching keyword: 'grapefruit'
  (183/347) Searching keyword: 'green beans'
  (184/347) Searching keyword: 'green onion'
  (185/347) Searching keyword: 'green pepper'
  (186/347) Searching keyword: 'habanero'
  (187/347) Searching keyword: 'honeydew'
  (188/347) Searching keyword: 'jalapeno'
  (189/347) Searching keyword: 'kale'
  (190/347) Searching keyword: 'kiwi'
  (191/347) Searching keyword: 'leek'
  (192/347) Searching keyword: 'lemon'
  (193/347) Searching keyword: 'lime'
  (194/347) Searching keyword: 'mango'
  (195/347) Searching keyword: 'mushroom'
  (196/347) Searching keyword: 'mustard greens'
  (197/347) Searching keyword: 'nectarine'
  (198/347) Searching keyword: 'okra'
  (199/347) Searching keyword: 'onion'
  (200/347) Searching keyword: 'orange'
  (201/347) Searching keyword: 'papaya'
  (202/347) Searching keyword: 'parsnip'
  (203/347) Searching keyword: 'peach'
  (204/347) Searching keyword: 'pear'
  (205/347) Searching keyword: 'pineapple'
  (206/347) Searching keyword: 'plum'
  (207/347) Searching keyword: 'pomegranate'
  (208/347) Searching keyword: 'potato'
  (209/347) Searching keyword: 'pumpkin'
  (210/347) Searching keyword: 'radicchio'
  (211/347) Searching keyword: 'radish'
  (212/347) Searching keyword: 'raspberry'
  (213/347) Searching keyword: 'red cabbage'
  (214/347) Searching keyword: 'red pepper'
  (215/347) Searching keyword: 'romaine lettuce'
  (216/347) Searching keyword: 'rutabaga'
  (217/347) Searching keyword: 'shallot'
  (218/347) Searching keyword: 'snap peas'
  (219/347) Searching keyword: 'snow peas'
  (220/347) Searching keyword: 'spinach'
  (221/347) Searching keyword: 'squash'
  (222/347) Searching keyword: 'strawberry'
  (223/347) Searching keyword: 'sweet potato'
  (224/347) Searching keyword: 'tomato'
  (225/347) Searching keyword: 'turnip'
  (226/347) Searching keyword: 'watermelon'
  (227/347) Searching keyword: 'yellow pepper'
  (228/347) Searching keyword: 'zucchini'
  (229/347) Searching keyword: 'Almond'
  (230/347) Searching keyword: 'Dressing'
  (231/347) Searching keyword: 'Bagel'
  (232/347) Searching keyword: 'Bean'
  (233/347) Searching keyword: 'Soup'
  (234/347) Searching keyword: 'Beef'
  (235/347) Searching keyword: 'Beverages'
  (236/347) Searching keyword: 'Juice'
  (237/347) Searching keyword: 'Bread'
  (238/347) Searching keyword: 'Breakfast bar'
  (239/347) Searching keyword: 'Burrito'
  (240/347) Searching keyword: 'Cactus'
  (241/347) Searching keyword: 'oil'
  (242/347) Searching keyword: 'Canola'
  (243/347) Searching keyword: 'dip'
  (244/347) Searching keyword: 'Cassava'
  (245/347) Searching keyword: 'granola bar'
  (246/347) Searching keyword: 'Cereal'
  (247/347) Searching keyword: 'Cheese'
  (248/347) Searching keyword: 'Chicken'
  (249/347) Searching keyword: 'Chickpea'
  (250/347) Searching keyword: 'Chili'
  (251/347) Searching keyword: 'Chip'
  (252/347) Searching keyword: 'Chocolate'
  (253/347) Searching keyword: 'syrup'
  (254/347) Searching keyword: 'hazelnut'
  (255/347) Searching keyword: 'Coconut'
  (256/347) Searching keyword: 'Cod'
  (257/347) Searching keyword: 'creamer'
  (258/347) Searching keyword: 'Coleslaw'
  (259/347) Searching keyword: 'Collard'
  (260/347) Searching keyword: 'cilantro'
  (261/347) Searching keyword: 'Corn'
  (262/347) Searching keyword: 'Cowpeas'
  (263/347) Searching keyword: 'Cracker'
  (264/347) Searching keyword: 'Cranberry'
  (265/347) Searching keyword: 'wheat'
  (266/347) Searching keyword: 'Cream'
  (267/347) Searching keyword: 'Egg'
  (268/347) Searching keyword: 'Eggnog'
  (269/347) Searching keyword: 'Fava'
  (270/347) Searching keyword: 'Fish'
  (271/347) Searching keyword: 'Flan'
  (272/347) Searching keyword: 'rice'
  (273/347) Searching keyword: 'hot dog'
  (274/347) Searching keyword: 'Frankfurter'
  (275/347) Searching keyword: 'cocktail'
  (276/347) Searching keyword: 'Fruit juice'
  (277/347) Searching keyword: 'Gelatin'
  (278/347) Searching keyword: 'Goat'
  (279/347) Searching keyword: 'Greens'
  (280/347) Searching keyword: 'Guava'
  (281/347) Searching keyword: 'Hominy'
  (282/347) Searching keyword: 'Honey'
  (283/347) Searching keyword: 'Ice'
  (284/347) Searching keyword: 'Icing'
  (285/347) Searching keyword: 'Italian dressing'
  (286/347) Searching keyword: 'preserve'
  (287/347) Searching keyword: 'Jam'
  (288/347) Searching keyword: 'Lard'
  (289/347) Searching keyword: 'Lentil'
  (290/347) Searching keyword: 'Macaroni'
  (291/347) Searching keyword: 'Margarine'
  (292/347) Searching keyword: 'Marmalade'
  (293/347) Searching keyword: 'Masa harina'
  (294/347) Searching keyword: 'Melon'
  (295/347) Searching keyword: 'Mozzarella'
  (296/347) Searching keyword: 'Multigrain'
  (297/347) Searching keyword: 'Noodle'
  (298/347) Searching keyword: 'Nopal'
  (299/347) Searching keyword: 'Nutrition bar'
  (300/347) Searching keyword: 'Nut'
  (301/347) Searching keyword: 'Oat bran'
  (302/347) Searching keyword: 'Oatmeal'
  (303/347) Searching keyword: 'Parsley'
  (304/347) Searching keyword: 'Passion fruit'
  (305/347) Searching keyword: 'Pasta'
  (306/347) Searching keyword: 'Peanut'
  (307/347) Searching keyword: 'Pea'
  (308/347) Searching keyword: 'Pepper'
  (309/347) Searching keyword: 'Persimmon'
  (310/347) Searching keyword: 'relish'
  (311/347) Searching keyword: 'Pinto'
  (312/347) Searching keyword: 'Pizza'
  (313/347) Searching keyword: 'Plantain'
  (314/347) Searching keyword: 'Poppy seed'
  (315/347) Searching keyword: 'Pork'
  (316/347) Searching keyword: 'Prune'
  (317/347) Searching keyword: 'Pudding'
  (318/347) Searching keyword: 'Ravioli'
  (319/347) Searching keyword: 'kidney'
  (320/347) Searching keyword: 'Roll'
  (321/347) Searching keyword: 'Salad'
  (322/347) Searching keyword: 'Salsa'
  (323/347) Searching keyword: 'Salt'
  (324/347) Searching keyword: 'Sandwich'
  (325/347) Searching keyword: 'Sauce'
  (326/347) Searching keyword: 'Sauerkraut'
  (327/347) Searching keyword: 'Seafood'
  (328/347) Searching keyword: 'Sesame'
  (329/347) Searching keyword: 'Sherbet'
  (330/347) Searching keyword: 'Snack'
  (331/347) Searching keyword: 'Soft drink'
  (332/347) Searching keyword: 'Soy'
  (333/347) Searching keyword: 'Soybean'
  (334/347) Searching keyword: 'Spice'
  (335/347) Searching keyword: 'Strawberries'
  (336/347) Searching keyword: 'Sweetener'
  (337/347) Searching keyword: 'Tahini'
  (338/347) Searching keyword: 'Tangerine'
  (339/347) Searching keyword: 'Topping'
  (340/347) Searching keyword: 'Tortilla'
  (341/347) Searching keyword: 'Tuna'
  (342/347) Searching keyword: 'Whipped'
  (343/347) Searching keyword: 'Whiting'
  (344/347) Searching keyword: 'jicama'
  (345/347) Searching keyword: 'Yellow'
  (346/347) Searching keyword: 'bottled water'
  (347/347) Searching keyword: 'bottled spring water'
  Saving and emailing results for store 200...
Payload results saved to G:\.shortcut-targets-by-id\10hwxlrEnEox7VqS6tvo44Q8rX59qZcSg\Drones_MV\UAV Rural Essential Goods Delivery\FOOD_PRICING\Data_Scraping\ACC\ACC_25_11\ACC_200_11_25.csv

Processing ZIP 99741 (store 203)
  (1/347) Searching keyword: 'Gold Medal Flour'
  (2/347) Searching keyword: 'Sugar granulated'
  (3/347) Searching keyword: 'Carnation Evaporated milk'
  (4/347) Searching keyword: 'Cereal Kellogg's corn flakes'
  (5/347) Searching keyword: 'Quaker Oatmeal 18 oz canister'
  (6/347) Searching keyword: 'rice long grain'
  (7/347) Searching keyword: 'White Bread loaf'
  (8/347) Searching keyword: 'Wheat Bread loaf'
  (9/347) Searching keyword: 'Spaghetti'
  (10/347) Searching keyword: 'Tortillas Mission soft taco'
  (11/347) Searching keyword: 'Pilot Bread'
  (12/347) Searching keyword: 'Nabisco saltine crackers'
  (13/347) Searching keyword: 'Ground beef lean'
  (14/347) Searching keyword: 'Chuck roast'
  (15/347) Searching keyword: 'Steak round'
  (16/347) Searching keyword: 'Steak New york'
  (17/347) Searching keyword: 'Chicken whole'
  (18/347) Searching keyword: 'Chicken breast'
  (19/347) Searching keyword: 'Bacon thick'
  (20/347) Searching keyword: 'Pork chops center'
  (21/347) Searching keyword: 'Ham boneless'
  (22/347) Searching keyword: 'Hot Dogs'
  (23/347) Searching keyword: 'Spam'
  (24/347) Searching keyword: 'Tuna light chunk oil'
  (25/347) Searching keyword: 'Eggs 18 count'
  (26/347) Searching keyword: 'Eggs Dozen'
  (27/347) Searching keyword: 'Milk whole 1 gallon'
  (28/347) Searching keyword: 'Milk 2% 1 gallon'
  (29/347) Searching keyword: 'Butter salted'
  (30/347) Searching keyword: 'Tillamook cheddar cheese 2 lb'
  (31/347) Searching keyword: 'Kraft American singles'
  (32/347) Searching keyword: 'Darigold Sour cream 17'
  (33/347) Searching keyword: 'Yoplait Yogurt blueberry'
  (34/347) Searching keyword: 'Vanilla Ice cream'
  (35/347) Searching keyword: 'Red Delicious Apples'
  (36/347) Searching keyword: 'Bananas'
  (37/347) Searching keyword: 'Oranges'
  (38/347) Searching keyword: 'Russet Potatoes'
  (39/347) Searching keyword: 'Iceberg Lettuce'
  (40/347) Searching keyword: 'Tomatoes large'
  (41/347) Searching keyword: 'yellow Onions'
  (42/347) Searching keyword: 'Canned Corn Del Monte'
  (43/347) Searching keyword: 'Canned green beans Del Monte'
  (44/347) Searching keyword: 'Dole Canned mandarin oranges'
  (45/347) Searching keyword: 'Orange juice frozen'
  (46/347) Searching keyword: 'Coke 13'
  (47/347) Searching keyword: 'Pepsi 13'
  (48/347) Searching keyword: '8 Up'
  (49/347) Searching keyword: 'Folgers Coffee'
  (50/347) Searching keyword: 'Lipton Tea bags'
  (51/347) Searching keyword: 'Top Ramen chicken'
  (52/347) Searching keyword: 'Heinz Ketchup'
  (53/347) Searching keyword: 'Smuckers Jelly strawberry'
  (54/347) Searching keyword: 'JIF Peanut Butter creamy'
  (55/347) Searching keyword: 'Vegetable'
  (56/347) Searching keyword: 'Infant Formula'
  (57/347) Searching keyword: 'ground beef'
  (58/347) Searching keyword: 'whole chicken'
  (59/347) Searching keyword: 'bacon'
  (60/347) Searching keyword: 'sausage'
  (61/347) Searching keyword: 'pork chops'
  (62/347) Searching keyword: 'deli meat'
  (63/347) Searching keyword: 'steak'
  (64/347) Searching keyword: 'turkey breast'
  (65/347) Searching keyword: 'ham'
  (66/347) Searching keyword: 'salami'
  (67/347) Searching keyword: 'meatballs'
  (68/347) Searching keyword: 'roast beef'
  (69/347) Searching keyword: 'frozen chicken nuggets'
  (70/347) Searching keyword: 'milk'
  (71/347) Searching keyword: 'eggs'
  (72/347) Searching keyword: 'butter'
  (73/347) Searching keyword: 'sour cream'
  (74/347) Searching keyword: 'shredded cheese'
  (75/347) Searching keyword: 'cream cheese'
  (76/347) Searching keyword: 'yogurt'
  (77/347) Searching keyword: 'cottage cheese'
  (78/347) Searching keyword: 'ice cream'
  (79/347) Searching keyword: 'half and half'
  (80/347) Searching keyword: 'apples'
  (81/347) Searching keyword: 'grapes'
  (82/347) Searching keyword: 'carrots'
  (83/347) Searching keyword: 'tomatoes'
  (84/347) Searching keyword: 'lettuce'
  (85/347) Searching keyword: 'broccoli'
  (86/347) Searching keyword: 'potatoes'
  (87/347) Searching keyword: 'onions'
  (88/347) Searching keyword: 'white bread'
  (89/347) Searching keyword: 'whole wheat bread'
  (90/347) Searching keyword: 'hamburger buns'
  (91/347) Searching keyword: 'tortillas'
  (92/347) Searching keyword: 'bagels'
  (93/347) Searching keyword: 'English muffins'
  (94/347) Searching keyword: 'pita bread'
  (95/347) Searching keyword: 'croissants'
  (96/347) Searching keyword: 'dinner rolls'
  (97/347) Searching keyword: 'gluten free bread'
  (98/347) Searching keyword: 'white rice'
  (99/347) Searching keyword: 'brown rice'
  (100/347) Searching keyword: 'elbow macaroni'
  (101/347) Searching keyword: 'lasagna noodles'
  (102/347) Searching keyword: 'instant rice'
  (103/347) Searching keyword: 'ramen'
  (104/347) Searching keyword: 'quinoa'
  (105/347) Searching keyword: 'couscous'
  (106/347) Searching keyword: 'flour'
  (107/347) Searching keyword: 'canned corn'
  (108/347) Searching keyword: 'canned beans'
  (109/347) Searching keyword: 'peanut butter'
  (110/347) Searching keyword: 'jelly'
  (111/347) Searching keyword: 'mayonnaise'
  (112/347) Searching keyword: 'ketchup'
  (113/347) Searching keyword: 'mustard'
  (114/347) Searching keyword: 'cooking oil'
  (115/347) Searching keyword: 'vinegar'
  (116/347) Searching keyword: 'sugar'
  (117/347) Searching keyword: 'toilet paper'
  (118/347) Searching keyword: 'paper towels'
  (119/347) Searching keyword: 'laundry detergent'
  (120/347) Searching keyword: 'dish soap'
  (121/347) Searching keyword: 'trash bags'
  (122/347) Searching keyword: 'cleaning wipes'
  (123/347) Searching keyword: 'air freshener'
  (124/347) Searching keyword: 'aluminum foil'
  (125/347) Searching keyword: 'ziplock bags'
  (126/347) Searching keyword: 'sponges'
  (127/347) Searching keyword: 'coffee'
  (128/347) Searching keyword: 'tea'
  (129/347) Searching keyword: 'orange juice'
  (130/347) Searching keyword: 'apple juice'
  (131/347) Searching keyword: 'soda'
  (132/347) Searching keyword: 'bottled water'
  (133/347) Searching keyword: 'energy drink'
  (134/347) Searching keyword: 'sports drink'
  (135/347) Searching keyword: 'lemonade'
  (136/347) Searching keyword: 'hot cocoa'
  (137/347) Searching keyword: 'potato chips'
  (138/347) Searching keyword: 'crackers'
  (139/347) Searching keyword: 'cookies'
  (140/347) Searching keyword: 'pretzels'
  (141/347) Searching keyword: 'granola bars'
  (142/347) Searching keyword: 'fruit snacks'
  (143/347) Searching keyword: 'popcorn'
  (144/347) Searching keyword: 'trail mix'
  (145/347) Searching keyword: 'jerky'
  (146/347) Searching keyword: 'nuts'
  (147/347) Searching keyword: 'toothpaste'
  (148/347) Searching keyword: 'shampoo'
  (149/347) Searching keyword: 'bar soap'
  (150/347) Searching keyword: 'deodorant'
  (151/347) Searching keyword: 'razor'
  (152/347) Searching keyword: 'apple'
  (153/347) Searching keyword: 'apricot'
  (154/347) Searching keyword: 'artichoke'
  (155/347) Searching keyword: 'arugula'
  (156/347) Searching keyword: 'asparagus'
  (157/347) Searching keyword: 'avocado'
  (158/347) Searching keyword: 'banana'
  (159/347) Searching keyword: 'beet'
  (160/347) Searching keyword: 'bell pepper'
  (161/347) Searching keyword: 'blackberry'
  (162/347) Searching keyword: 'blueberry'
  (163/347) Searching keyword: 'bok choy'
  (164/347) Searching keyword: 'brussels sprouts'
  (165/347) Searching keyword: 'cabbage'
  (166/347) Searching keyword: 'cantaloupe'
  (167/347) Searching keyword: 'carrot'
  (168/347) Searching keyword: 'cauliflower'
  (169/347) Searching keyword: 'celery'
  (170/347) Searching keyword: 'chard'
  (171/347) Searching keyword: 'cherry'
  (172/347) Searching keyword: 'chili pepper'
  (173/347) Searching keyword: 'collard greens'
  (174/347) Searching keyword: 'cucumber'
  (175/347) Searching keyword: 'eggplant'
  (176/347) Searching keyword: 'endive'
  (177/347) Searching keyword: 'escarole'
  (178/347) Searching keyword: 'fig'
  (179/347) Searching keyword: 'garlic'
  (180/347) Searching keyword: 'ginger'
  (181/347) Searching keyword: 'grape'
  (182/347) Searching keyword: 'grapefruit'
  (183/347) Searching keyword: 'green beans'
  (184/347) Searching keyword: 'green onion'
  (185/347) Searching keyword: 'green pepper'
  (186/347) Searching keyword: 'habanero'
  (187/347) Searching keyword: 'honeydew'
  (188/347) Searching keyword: 'jalapeno'
  (189/347) Searching keyword: 'kale'
  (190/347) Searching keyword: 'kiwi'
  (191/347) Searching keyword: 'leek'
  (192/347) Searching keyword: 'lemon'
  (193/347) Searching keyword: 'lime'
  (194/347) Searching keyword: 'mango'
  (195/347) Searching keyword: 'mushroom'
  (196/347) Searching keyword: 'mustard greens'
  (197/347) Searching keyword: 'nectarine'
  (198/347) Searching keyword: 'okra'
  (199/347) Searching keyword: 'onion'
  (200/347) Searching keyword: 'orange'
  (201/347) Searching keyword: 'papaya'
  (202/347) Searching keyword: 'parsnip'
  (203/347) Searching keyword: 'peach'
  (204/347) Searching keyword: 'pear'
  (205/347) Searching keyword: 'pineapple'
  (206/347) Searching keyword: 'plum'
  (207/347) Searching keyword: 'pomegranate'
  (208/347) Searching keyword: 'potato'
  (209/347) Searching keyword: 'pumpkin'
  (210/347) Searching keyword: 'radicchio'
  (211/347) Searching keyword: 'radish'
  (212/347) Searching keyword: 'raspberry'
  (213/347) Searching keyword: 'red cabbage'
  (214/347) Searching keyword: 'red pepper'
  (215/347) Searching keyword: 'romaine lettuce'
  (216/347) Searching keyword: 'rutabaga'
  (217/347) Searching keyword: 'shallot'
  (218/347) Searching keyword: 'snap peas'
  (219/347) Searching keyword: 'snow peas'
  (220/347) Searching keyword: 'spinach'
  (221/347) Searching keyword: 'squash'
  (222/347) Searching keyword: 'strawberry'
  (223/347) Searching keyword: 'sweet potato'
  (224/347) Searching keyword: 'tomato'
  (225/347) Searching keyword: 'turnip'
  (226/347) Searching keyword: 'watermelon'
  (227/347) Searching keyword: 'yellow pepper'
  (228/347) Searching keyword: 'zucchini'
  (229/347) Searching keyword: 'Almond'
  (230/347) Searching keyword: 'Dressing'
  (231/347) Searching keyword: 'Bagel'
  (232/347) Searching keyword: 'Bean'
  (233/347) Searching keyword: 'Soup'
  (234/347) Searching keyword: 'Beef'
  (235/347) Searching keyword: 'Beverages'
  (236/347) Searching keyword: 'Juice'
  (237/347) Searching keyword: 'Bread'
  (238/347) Searching keyword: 'Breakfast bar'
  (239/347) Searching keyword: 'Burrito'
  (240/347) Searching keyword: 'Cactus'
  (241/347) Searching keyword: 'oil'
  (242/347) Searching keyword: 'Canola'
  (243/347) Searching keyword: 'dip'
  (244/347) Searching keyword: 'Cassava'
  (245/347) Searching keyword: 'granola bar'
  (246/347) Searching keyword: 'Cereal'
  (247/347) Searching keyword: 'Cheese'
  (248/347) Searching keyword: 'Chicken'
  (249/347) Searching keyword: 'Chickpea'
  (250/347) Searching keyword: 'Chili'
  (251/347) Searching keyword: 'Chip'
  (252/347) Searching keyword: 'Chocolate'
  (253/347) Searching keyword: 'syrup'
  (254/347) Searching keyword: 'hazelnut'
  (255/347) Searching keyword: 'Coconut'
  (256/347) Searching keyword: 'Cod'
  (257/347) Searching keyword: 'creamer'
  (258/347) Searching keyword: 'Coleslaw'
  (259/347) Searching keyword: 'Collard'
  (260/347) Searching keyword: 'cilantro'
  (261/347) Searching keyword: 'Corn'
  (262/347) Searching keyword: 'Cowpeas'
  (263/347) Searching keyword: 'Cracker'
  (264/347) Searching keyword: 'Cranberry'
  (265/347) Searching keyword: 'wheat'
  (266/347) Searching keyword: 'Cream'
  (267/347) Searching keyword: 'Egg'
  (268/347) Searching keyword: 'Eggnog'
  (269/347) Searching keyword: 'Fava'
  (270/347) Searching keyword: 'Fish'
  (271/347) Searching keyword: 'Flan'
  (272/347) Searching keyword: 'rice'
  (273/347) Searching keyword: 'hot dog'
  (274/347) Searching keyword: 'Frankfurter'
  (275/347) Searching keyword: 'cocktail'
  (276/347) Searching keyword: 'Fruit juice'
  (277/347) Searching keyword: 'Gelatin'
  (278/347) Searching keyword: 'Goat'
  (279/347) Searching keyword: 'Greens'
  (280/347) Searching keyword: 'Guava'
  (281/347) Searching keyword: 'Hominy'
  (282/347) Searching keyword: 'Honey'
  (283/347) Searching keyword: 'Ice'
  (284/347) Searching keyword: 'Icing'
  (285/347) Searching keyword: 'Italian dressing'
  (286/347) Searching keyword: 'preserve'
  (287/347) Searching keyword: 'Jam'
  (288/347) Searching keyword: 'Lard'
  (289/347) Searching keyword: 'Lentil'
  (290/347) Searching keyword: 'Macaroni'
  (291/347) Searching keyword: 'Margarine'
  (292/347) Searching keyword: 'Marmalade'
  (293/347) Searching keyword: 'Masa harina'
  (294/347) Searching keyword: 'Melon'
  (295/347) Searching keyword: 'Mozzarella'
  (296/347) Searching keyword: 'Multigrain'
  (297/347) Searching keyword: 'Noodle'
  (298/347) Searching keyword: 'Nopal'
  (299/347) Searching keyword: 'Nutrition bar'
  (300/347) Searching keyword: 'Nut'
  (301/347) Searching keyword: 'Oat bran'
  (302/347) Searching keyword: 'Oatmeal'
  (303/347) Searching keyword: 'Parsley'
  (304/347) Searching keyword: 'Passion fruit'
  (305/347) Searching keyword: 'Pasta'
  (306/347) Searching keyword: 'Peanut'
  (307/347) Searching keyword: 'Pea'
  (308/347) Searching keyword: 'Pepper'
  (309/347) Searching keyword: 'Persimmon'
  (310/347) Searching keyword: 'relish'
  (311/347) Searching keyword: 'Pinto'
  (312/347) Searching keyword: 'Pizza'
  (313/347) Searching keyword: 'Plantain'
  (314/347) Searching keyword: 'Poppy seed'
  (315/347) Searching keyword: 'Pork'
  (316/347) Searching keyword: 'Prune'
  (317/347) Searching keyword: 'Pudding'
  (318/347) Searching keyword: 'Ravioli'
  (319/347) Searching keyword: 'kidney'
  (320/347) Searching keyword: 'Roll'
  (321/347) Searching keyword: 'Salad'
  (322/347) Searching keyword: 'Salsa'
  (323/347) Searching keyword: 'Salt'
  (324/347) Searching keyword: 'Sandwich'
  (325/347) Searching keyword: 'Sauce'
  (326/347) Searching keyword: 'Sauerkraut'
  (327/347) Searching keyword: 'Seafood'
  (328/347) Searching keyword: 'Sesame'
  (329/347) Searching keyword: 'Sherbet'
  (330/347) Searching keyword: 'Snack'
  (331/347) Searching keyword: 'Soft drink'
  (332/347) Searching keyword: 'Soy'
  (333/347) Searching keyword: 'Soybean'
  (334/347) Searching keyword: 'Spice'
  (335/347) Searching keyword: 'Strawberries'
  (336/347) Searching keyword: 'Sweetener'
  (337/347) Searching keyword: 'Tahini'
  (338/347) Searching keyword: 'Tangerine'
  (339/347) Searching keyword: 'Topping'
  (340/347) Searching keyword: 'Tortilla'
  (341/347) Searching keyword: 'Tuna'
  (342/347) Searching keyword: 'Whipped'
  (343/347) Searching keyword: 'Whiting'
  (344/347) Searching keyword: 'jicama'
  (345/347) Searching keyword: 'Yellow'
  (346/347) Searching keyword: 'bottled water'
  (347/347) Searching keyword: 'bottled spring water'
  Saving and emailing results for store 203...
Payload results saved to G:\.shortcut-targets-by-id\10hwxlrEnEox7VqS6tvo44Q8rX59qZcSg\Drones_MV\UAV Rural Essential Goods Delivery\FOOD_PRICING\Data_Scraping\ACC\ACC_25_11\ACC_203_11_25.csv

Processing ZIP 99637 (store 206)
  (1/347) Searching keyword: 'Gold Medal Flour'
  (2/347) Searching keyword: 'Sugar granulated'
  (3/347) Searching keyword: 'Carnation Evaporated milk'
  (4/347) Searching keyword: 'Cereal Kellogg's corn flakes'
  (5/347) Searching keyword: 'Quaker Oatmeal 18 oz canister'
  (6/347) Searching keyword: 'rice long grain'
  (7/347) Searching keyword: 'White Bread loaf'
  (8/347) Searching keyword: 'Wheat Bread loaf'
  (9/347) Searching keyword: 'Spaghetti'
  (10/347) Searching keyword: 'Tortillas Mission soft taco'
  (11/347) Searching keyword: 'Pilot Bread'
  (12/347) Searching keyword: 'Nabisco saltine crackers'
  (13/347) Searching keyword: 'Ground beef lean'
  (14/347) Searching keyword: 'Chuck roast'
  (15/347) Searching keyword: 'Steak round'
  (16/347) Searching keyword: 'Steak New york'
  (17/347) Searching keyword: 'Chicken whole'
  (18/347) Searching keyword: 'Chicken breast'
  (19/347) Searching keyword: 'Bacon thick'
  (20/347) Searching keyword: 'Pork chops center'
  (21/347) Searching keyword: 'Ham boneless'
  (22/347) Searching keyword: 'Hot Dogs'
  (23/347) Searching keyword: 'Spam'
  (24/347) Searching keyword: 'Tuna light chunk oil'
  (25/347) Searching keyword: 'Eggs 18 count'
  (26/347) Searching keyword: 'Eggs Dozen'
  (27/347) Searching keyword: 'Milk whole 1 gallon'
  (28/347) Searching keyword: 'Milk 2% 1 gallon'
  (29/347) Searching keyword: 'Butter salted'
  (30/347) Searching keyword: 'Tillamook cheddar cheese 2 lb'
  (31/347) Searching keyword: 'Kraft American singles'
  (32/347) Searching keyword: 'Darigold Sour cream 17'
  (33/347) Searching keyword: 'Yoplait Yogurt blueberry'
  (34/347) Searching keyword: 'Vanilla Ice cream'
  (35/347) Searching keyword: 'Red Delicious Apples'
  (36/347) Searching keyword: 'Bananas'
  (37/347) Searching keyword: 'Oranges'
  (38/347) Searching keyword: 'Russet Potatoes'
  (39/347) Searching keyword: 'Iceberg Lettuce'
  (40/347) Searching keyword: 'Tomatoes large'
  (41/347) Searching keyword: 'yellow Onions'
  (42/347) Searching keyword: 'Canned Corn Del Monte'
  (43/347) Searching keyword: 'Canned green beans Del Monte'
  (44/347) Searching keyword: 'Dole Canned mandarin oranges'
  (45/347) Searching keyword: 'Orange juice frozen'
  (46/347) Searching keyword: 'Coke 13'
  (47/347) Searching keyword: 'Pepsi 13'
  (48/347) Searching keyword: '8 Up'
  (49/347) Searching keyword: 'Folgers Coffee'
  (50/347) Searching keyword: 'Lipton Tea bags'
  (51/347) Searching keyword: 'Top Ramen chicken'
  (52/347) Searching keyword: 'Heinz Ketchup'
  (53/347) Searching keyword: 'Smuckers Jelly strawberry'
  (54/347) Searching keyword: 'JIF Peanut Butter creamy'
  (55/347) Searching keyword: 'Vegetable'
  (56/347) Searching keyword: 'Infant Formula'
  (57/347) Searching keyword: 'ground beef'
  (58/347) Searching keyword: 'whole chicken'
  (59/347) Searching keyword: 'bacon'
  (60/347) Searching keyword: 'sausage'
  (61/347) Searching keyword: 'pork chops'
  (62/347) Searching keyword: 'deli meat'
  (63/347) Searching keyword: 'steak'
  (64/347) Searching keyword: 'turkey breast'
  (65/347) Searching keyword: 'ham'
  (66/347) Searching keyword: 'salami'
  (67/347) Searching keyword: 'meatballs'
  (68/347) Searching keyword: 'roast beef'
  (69/347) Searching keyword: 'frozen chicken nuggets'
  (70/347) Searching keyword: 'milk'
  (71/347) Searching keyword: 'eggs'
  (72/347) Searching keyword: 'butter'
  (73/347) Searching keyword: 'sour cream'
  (74/347) Searching keyword: 'shredded cheese'
  (75/347) Searching keyword: 'cream cheese'
  (76/347) Searching keyword: 'yogurt'
  (77/347) Searching keyword: 'cottage cheese'
  (78/347) Searching keyword: 'ice cream'
  (79/347) Searching keyword: 'half and half'
  (80/347) Searching keyword: 'apples'
  (81/347) Searching keyword: 'grapes'
  (82/347) Searching keyword: 'carrots'
  (83/347) Searching keyword: 'tomatoes'
  (84/347) Searching keyword: 'lettuce'
  (85/347) Searching keyword: 'broccoli'
  (86/347) Searching keyword: 'potatoes'
  (87/347) Searching keyword: 'onions'
  (88/347) Searching keyword: 'white bread'
  (89/347) Searching keyword: 'whole wheat bread'
  (90/347) Searching keyword: 'hamburger buns'
  (91/347) Searching keyword: 'tortillas'
  (92/347) Searching keyword: 'bagels'
  (93/347) Searching keyword: 'English muffins'
  (94/347) Searching keyword: 'pita bread'
  (95/347) Searching keyword: 'croissants'
  (96/347) Searching keyword: 'dinner rolls'
  (97/347) Searching keyword: 'gluten free bread'
  (98/347) Searching keyword: 'white rice'
  (99/347) Searching keyword: 'brown rice'
  (100/347) Searching keyword: 'elbow macaroni'
  (101/347) Searching keyword: 'lasagna noodles'
  (102/347) Searching keyword: 'instant rice'
  (103/347) Searching keyword: 'ramen'
  (104/347) Searching keyword: 'quinoa'
  (105/347) Searching keyword: 'couscous'
  (106/347) Searching keyword: 'flour'
  (107/347) Searching keyword: 'canned corn'
  (108/347) Searching keyword: 'canned beans'
  (109/347) Searching keyword: 'peanut butter'
  (110/347) Searching keyword: 'jelly'
  (111/347) Searching keyword: 'mayonnaise'
  (112/347) Searching keyword: 'ketchup'
  (113/347) Searching keyword: 'mustard'
  (114/347) Searching keyword: 'cooking oil'
  (115/347) Searching keyword: 'vinegar'
  (116/347) Searching keyword: 'sugar'
  (117/347) Searching keyword: 'toilet paper'
  (118/347) Searching keyword: 'paper towels'
  (119/347) Searching keyword: 'laundry detergent'
  (120/347) Searching keyword: 'dish soap'
  (121/347) Searching keyword: 'trash bags'
  (122/347) Searching keyword: 'cleaning wipes'
  (123/347) Searching keyword: 'air freshener'
  (124/347) Searching keyword: 'aluminum foil'
  (125/347) Searching keyword: 'ziplock bags'
  (126/347) Searching keyword: 'sponges'
  (127/347) Searching keyword: 'coffee'
  (128/347) Searching keyword: 'tea'
  (129/347) Searching keyword: 'orange juice'
  (130/347) Searching keyword: 'apple juice'
  (131/347) Searching keyword: 'soda'
  (132/347) Searching keyword: 'bottled water'
  (133/347) Searching keyword: 'energy drink'
  (134/347) Searching keyword: 'sports drink'
  (135/347) Searching keyword: 'lemonade'
  (136/347) Searching keyword: 'hot cocoa'
  (137/347) Searching keyword: 'potato chips'
  (138/347) Searching keyword: 'crackers'
  (139/347) Searching keyword: 'cookies'
  (140/347) Searching keyword: 'pretzels'
  (141/347) Searching keyword: 'granola bars'
  (142/347) Searching keyword: 'fruit snacks'
  (143/347) Searching keyword: 'popcorn'
  (144/347) Searching keyword: 'trail mix'
  (145/347) Searching keyword: 'jerky'
  (146/347) Searching keyword: 'nuts'
  (147/347) Searching keyword: 'toothpaste'
  (148/347) Searching keyword: 'shampoo'
  (149/347) Searching keyword: 'bar soap'
  (150/347) Searching keyword: 'deodorant'
  (151/347) Searching keyword: 'razor'
  (152/347) Searching keyword: 'apple'
  (153/347) Searching keyword: 'apricot'
  (154/347) Searching keyword: 'artichoke'
  (155/347) Searching keyword: 'arugula'
  (156/347) Searching keyword: 'asparagus'
  (157/347) Searching keyword: 'avocado'
  (158/347) Searching keyword: 'banana'
  (159/347) Searching keyword: 'beet'
  (160/347) Searching keyword: 'bell pepper'
  (161/347) Searching keyword: 'blackberry'
  (162/347) Searching keyword: 'blueberry'
  (163/347) Searching keyword: 'bok choy'
  (164/347) Searching keyword: 'brussels sprouts'
  (165/347) Searching keyword: 'cabbage'
  (166/347) Searching keyword: 'cantaloupe'
  (167/347) Searching keyword: 'carrot'
  (168/347) Searching keyword: 'cauliflower'
  (169/347) Searching keyword: 'celery'
  (170/347) Searching keyword: 'chard'
  (171/347) Searching keyword: 'cherry'
  (172/347) Searching keyword: 'chili pepper'
  (173/347) Searching keyword: 'collard greens'
  (174/347) Searching keyword: 'cucumber'
  (175/347) Searching keyword: 'eggplant'
  (176/347) Searching keyword: 'endive'
  (177/347) Searching keyword: 'escarole'
  (178/347) Searching keyword: 'fig'
  (179/347) Searching keyword: 'garlic'
  (180/347) Searching keyword: 'ginger'
  (181/347) Searching keyword: 'grape'
  (182/347) Searching keyword: 'grapefruit'
  (183/347) Searching keyword: 'green beans'
  (184/347) Searching keyword: 'green onion'
  (185/347) Searching keyword: 'green pepper'
  (186/347) Searching keyword: 'habanero'
  (187/347) Searching keyword: 'honeydew'
  (188/347) Searching keyword: 'jalapeno'
  (189/347) Searching keyword: 'kale'
  (190/347) Searching keyword: 'kiwi'
  (191/347) Searching keyword: 'leek'
  (192/347) Searching keyword: 'lemon'
  (193/347) Searching keyword: 'lime'
  (194/347) Searching keyword: 'mango'
  (195/347) Searching keyword: 'mushroom'
  (196/347) Searching keyword: 'mustard greens'
  (197/347) Searching keyword: 'nectarine'
  (198/347) Searching keyword: 'okra'
  (199/347) Searching keyword: 'onion'
  (200/347) Searching keyword: 'orange'
  (201/347) Searching keyword: 'papaya'
  (202/347) Searching keyword: 'parsnip'
  (203/347) Searching keyword: 'peach'
  (204/347) Searching keyword: 'pear'
  (205/347) Searching keyword: 'pineapple'
  (206/347) Searching keyword: 'plum'
  (207/347) Searching keyword: 'pomegranate'
  (208/347) Searching keyword: 'potato'
  (209/347) Searching keyword: 'pumpkin'
  (210/347) Searching keyword: 'radicchio'
  (211/347) Searching keyword: 'radish'
  (212/347) Searching keyword: 'raspberry'
  (213/347) Searching keyword: 'red cabbage'
  (214/347) Searching keyword: 'red pepper'
  (215/347) Searching keyword: 'romaine lettuce'
  (216/347) Searching keyword: 'rutabaga'
  (217/347) Searching keyword: 'shallot'
  (218/347) Searching keyword: 'snap peas'
  (219/347) Searching keyword: 'snow peas'
  (220/347) Searching keyword: 'spinach'
  (221/347) Searching keyword: 'squash'
  (222/347) Searching keyword: 'strawberry'
  (223/347) Searching keyword: 'sweet potato'
  (224/347) Searching keyword: 'tomato'
  (225/347) Searching keyword: 'turnip'
  (226/347) Searching keyword: 'watermelon'
  (227/347) Searching keyword: 'yellow pepper'
  (228/347) Searching keyword: 'zucchini'
  (229/347) Searching keyword: 'Almond'
  (230/347) Searching keyword: 'Dressing'
  (231/347) Searching keyword: 'Bagel'
  (232/347) Searching keyword: 'Bean'
  (233/347) Searching keyword: 'Soup'
  (234/347) Searching keyword: 'Beef'
  (235/347) Searching keyword: 'Beverages'
  (236/347) Searching keyword: 'Juice'
  (237/347) Searching keyword: 'Bread'
  (238/347) Searching keyword: 'Breakfast bar'
  (239/347) Searching keyword: 'Burrito'
  (240/347) Searching keyword: 'Cactus'
  (241/347) Searching keyword: 'oil'
  (242/347) Searching keyword: 'Canola'
  (243/347) Searching keyword: 'dip'
  (244/347) Searching keyword: 'Cassava'
  (245/347) Searching keyword: 'granola bar'
  (246/347) Searching keyword: 'Cereal'
  (247/347) Searching keyword: 'Cheese'
  (248/347) Searching keyword: 'Chicken'
  (249/347) Searching keyword: 'Chickpea'
  (250/347) Searching keyword: 'Chili'
  (251/347) Searching keyword: 'Chip'
  (252/347) Searching keyword: 'Chocolate'
  (253/347) Searching keyword: 'syrup'
  (254/347) Searching keyword: 'hazelnut'
  (255/347) Searching keyword: 'Coconut'
  (256/347) Searching keyword: 'Cod'
  (257/347) Searching keyword: 'creamer'
  (258/347) Searching keyword: 'Coleslaw'
  (259/347) Searching keyword: 'Collard'
  (260/347) Searching keyword: 'cilantro'
  (261/347) Searching keyword: 'Corn'
  (262/347) Searching keyword: 'Cowpeas'
  (263/347) Searching keyword: 'Cracker'
  (264/347) Searching keyword: 'Cranberry'
  (265/347) Searching keyword: 'wheat'
  (266/347) Searching keyword: 'Cream'
  (267/347) Searching keyword: 'Egg'
  (268/347) Searching keyword: 'Eggnog'
  (269/347) Searching keyword: 'Fava'
  (270/347) Searching keyword: 'Fish'
  (271/347) Searching keyword: 'Flan'
  (272/347) Searching keyword: 'rice'
  (273/347) Searching keyword: 'hot dog'
  (274/347) Searching keyword: 'Frankfurter'
  (275/347) Searching keyword: 'cocktail'
  (276/347) Searching keyword: 'Fruit juice'
  (277/347) Searching keyword: 'Gelatin'
  (278/347) Searching keyword: 'Goat'
  (279/347) Searching keyword: 'Greens'
  (280/347) Searching keyword: 'Guava'
  (281/347) Searching keyword: 'Hominy'
  (282/347) Searching keyword: 'Honey'
  (283/347) Searching keyword: 'Ice'
  (284/347) Searching keyword: 'Icing'
  (285/347) Searching keyword: 'Italian dressing'
  (286/347) Searching keyword: 'preserve'
  (287/347) Searching keyword: 'Jam'
  (288/347) Searching keyword: 'Lard'
  (289/347) Searching keyword: 'Lentil'
  (290/347) Searching keyword: 'Macaroni'
  (291/347) Searching keyword: 'Margarine'
  (292/347) Searching keyword: 'Marmalade'
  (293/347) Searching keyword: 'Masa harina'
  (294/347) Searching keyword: 'Melon'
  (295/347) Searching keyword: 'Mozzarella'
  (296/347) Searching keyword: 'Multigrain'
  (297/347) Searching keyword: 'Noodle'
  (298/347) Searching keyword: 'Nopal'
  (299/347) Searching keyword: 'Nutrition bar'
  (300/347) Searching keyword: 'Nut'
  (301/347) Searching keyword: 'Oat bran'
  (302/347) Searching keyword: 'Oatmeal'
  (303/347) Searching keyword: 'Parsley'
  (304/347) Searching keyword: 'Passion fruit'
  (305/347) Searching keyword: 'Pasta'
  (306/347) Searching keyword: 'Peanut'
  (307/347) Searching keyword: 'Pea'
  (308/347) Searching keyword: 'Pepper'
  (309/347) Searching keyword: 'Persimmon'
  (310/347) Searching keyword: 'relish'
  (311/347) Searching keyword: 'Pinto'
  (312/347) Searching keyword: 'Pizza'
  (313/347) Searching keyword: 'Plantain'
  (314/347) Searching keyword: 'Poppy seed'
  (315/347) Searching keyword: 'Pork'
  (316/347) Searching keyword: 'Prune'
  (317/347) Searching keyword: 'Pudding'
  (318/347) Searching keyword: 'Ravioli'
  (319/347) Searching keyword: 'kidney'
  (320/347) Searching keyword: 'Roll'
  (321/347) Searching keyword: 'Salad'
  (322/347) Searching keyword: 'Salsa'
  (323/347) Searching keyword: 'Salt'
  (324/347) Searching keyword: 'Sandwich'
  (325/347) Searching keyword: 'Sauce'
  (326/347) Searching keyword: 'Sauerkraut'
  (327/347) Searching keyword: 'Seafood'
  (328/347) Searching keyword: 'Sesame'
  (329/347) Searching keyword: 'Sherbet'
  (330/347) Searching keyword: 'Snack'
  (331/347) Searching keyword: 'Soft drink'
  (332/347) Searching keyword: 'Soy'
  (333/347) Searching keyword: 'Soybean'
  (334/347) Searching keyword: 'Spice'
  (335/347) Searching keyword: 'Strawberries'
  (336/347) Searching keyword: 'Sweetener'
  (337/347) Searching keyword: 'Tahini'
  (338/347) Searching keyword: 'Tangerine'
  (339/347) Searching keyword: 'Topping'
  (340/347) Searching keyword: 'Tortilla'
  (341/347) Searching keyword: 'Tuna'
  (342/347) Searching keyword: 'Whipped'
  (343/347) Searching keyword: 'Whiting'
  (344/347) Searching keyword: 'jicama'
  (345/347) Searching keyword: 'Yellow'
  (346/347) Searching keyword: 'bottled water'
  (347/347) Searching keyword: 'bottled spring water'
  Saving and emailing results for store 206...
Payload results saved to G:\.shortcut-targets-by-id\10hwxlrEnEox7VqS6tvo44Q8rX59qZcSg\Drones_MV\UAV Rural Essential Goods Delivery\FOOD_PRICING\Data_Scraping\ACC\ACC_25_11\ACC_206_11_25.csv

Processing ZIP 99742 (store 207)
  (1/347) Searching keyword: 'Gold Medal Flour'
  (2/347) Searching keyword: 'Sugar granulated'
  (3/347) Searching keyword: 'Carnation Evaporated milk'
  (4/347) Searching keyword: 'Cereal Kellogg's corn flakes'
  (5/347) Searching keyword: 'Quaker Oatmeal 18 oz canister'
  (6/347) Searching keyword: 'rice long grain'
  (7/347) Searching keyword: 'White Bread loaf'
  (8/347) Searching keyword: 'Wheat Bread loaf'
  (9/347) Searching keyword: 'Spaghetti'
  (10/347) Searching keyword: 'Tortillas Mission soft taco'
  (11/347) Searching keyword: 'Pilot Bread'
  (12/347) Searching keyword: 'Nabisco saltine crackers'
  (13/347) Searching keyword: 'Ground beef lean'
  (14/347) Searching keyword: 'Chuck roast'
  (15/347) Searching keyword: 'Steak round'
  (16/347) Searching keyword: 'Steak New york'
  (17/347) Searching keyword: 'Chicken whole'
  (18/347) Searching keyword: 'Chicken breast'
  (19/347) Searching keyword: 'Bacon thick'
  (20/347) Searching keyword: 'Pork chops center'
  (21/347) Searching keyword: 'Ham boneless'
  (22/347) Searching keyword: 'Hot Dogs'
  (23/347) Searching keyword: 'Spam'
  (24/347) Searching keyword: 'Tuna light chunk oil'
  (25/347) Searching keyword: 'Eggs 18 count'
  (26/347) Searching keyword: 'Eggs Dozen'
  (27/347) Searching keyword: 'Milk whole 1 gallon'
  (28/347) Searching keyword: 'Milk 2% 1 gallon'
  (29/347) Searching keyword: 'Butter salted'
  (30/347) Searching keyword: 'Tillamook cheddar cheese 2 lb'
  (31/347) Searching keyword: 'Kraft American singles'
  (32/347) Searching keyword: 'Darigold Sour cream 17'
  (33/347) Searching keyword: 'Yoplait Yogurt blueberry'
  (34/347) Searching keyword: 'Vanilla Ice cream'
  (35/347) Searching keyword: 'Red Delicious Apples'
  (36/347) Searching keyword: 'Bananas'
  (37/347) Searching keyword: 'Oranges'
  (38/347) Searching keyword: 'Russet Potatoes'
  (39/347) Searching keyword: 'Iceberg Lettuce'
  (40/347) Searching keyword: 'Tomatoes large'
  (41/347) Searching keyword: 'yellow Onions'
  (42/347) Searching keyword: 'Canned Corn Del Monte'
  (43/347) Searching keyword: 'Canned green beans Del Monte'
  (44/347) Searching keyword: 'Dole Canned mandarin oranges'
  (45/347) Searching keyword: 'Orange juice frozen'
  (46/347) Searching keyword: 'Coke 13'
  (47/347) Searching keyword: 'Pepsi 13'
  (48/347) Searching keyword: '8 Up'
  (49/347) Searching keyword: 'Folgers Coffee'
  (50/347) Searching keyword: 'Lipton Tea bags'
  (51/347) Searching keyword: 'Top Ramen chicken'
  (52/347) Searching keyword: 'Heinz Ketchup'
  (53/347) Searching keyword: 'Smuckers Jelly strawberry'
  (54/347) Searching keyword: 'JIF Peanut Butter creamy'
  (55/347) Searching keyword: 'Vegetable'
  (56/347) Searching keyword: 'Infant Formula'
  (57/347) Searching keyword: 'ground beef'
  (58/347) Searching keyword: 'whole chicken'
  (59/347) Searching keyword: 'bacon'
  (60/347) Searching keyword: 'sausage'
  (61/347) Searching keyword: 'pork chops'
  (62/347) Searching keyword: 'deli meat'
  (63/347) Searching keyword: 'steak'
  (64/347) Searching keyword: 'turkey breast'
  (65/347) Searching keyword: 'ham'
  (66/347) Searching keyword: 'salami'
  (67/347) Searching keyword: 'meatballs'
  (68/347) Searching keyword: 'roast beef'
  (69/347) Searching keyword: 'frozen chicken nuggets'
  (70/347) Searching keyword: 'milk'
  (71/347) Searching keyword: 'eggs'
  (72/347) Searching keyword: 'butter'
  (73/347) Searching keyword: 'sour cream'
  (74/347) Searching keyword: 'shredded cheese'
  (75/347) Searching keyword: 'cream cheese'
  (76/347) Searching keyword: 'yogurt'
  (77/347) Searching keyword: 'cottage cheese'
  (78/347) Searching keyword: 'ice cream'
  (79/347) Searching keyword: 'half and half'
  (80/347) Searching keyword: 'apples'
  (81/347) Searching keyword: 'grapes'
  (82/347) Searching keyword: 'carrots'
  (83/347) Searching keyword: 'tomatoes'
  (84/347) Searching keyword: 'lettuce'
  (85/347) Searching keyword: 'broccoli'
  (86/347) Searching keyword: 'potatoes'
  (87/347) Searching keyword: 'onions'
  (88/347) Searching keyword: 'white bread'
  (89/347) Searching keyword: 'whole wheat bread'
  (90/347) Searching keyword: 'hamburger buns'
  (91/347) Searching keyword: 'tortillas'
  (92/347) Searching keyword: 'bagels'
  (93/347) Searching keyword: 'English muffins'
  (94/347) Searching keyword: 'pita bread'
  (95/347) Searching keyword: 'croissants'
  (96/347) Searching keyword: 'dinner rolls'
  (97/347) Searching keyword: 'gluten free bread'
  (98/347) Searching keyword: 'white rice'
  (99/347) Searching keyword: 'brown rice'
  (100/347) Searching keyword: 'elbow macaroni'
  (101/347) Searching keyword: 'lasagna noodles'
  (102/347) Searching keyword: 'instant rice'
  (103/347) Searching keyword: 'ramen'
  (104/347) Searching keyword: 'quinoa'
  (105/347) Searching keyword: 'couscous'
  (106/347) Searching keyword: 'flour'
  (107/347) Searching keyword: 'canned corn'
  (108/347) Searching keyword: 'canned beans'
  (109/347) Searching keyword: 'peanut butter'
  (110/347) Searching keyword: 'jelly'
  (111/347) Searching keyword: 'mayonnaise'
  (112/347) Searching keyword: 'ketchup'
  (113/347) Searching keyword: 'mustard'
  (114/347) Searching keyword: 'cooking oil'
  (115/347) Searching keyword: 'vinegar'
  (116/347) Searching keyword: 'sugar'
  (117/347) Searching keyword: 'toilet paper'
  (118/347) Searching keyword: 'paper towels'
  (119/347) Searching keyword: 'laundry detergent'
  (120/347) Searching keyword: 'dish soap'
  (121/347) Searching keyword: 'trash bags'
  (122/347) Searching keyword: 'cleaning wipes'
  (123/347) Searching keyword: 'air freshener'
  (124/347) Searching keyword: 'aluminum foil'
  (125/347) Searching keyword: 'ziplock bags'
  (126/347) Searching keyword: 'sponges'
  (127/347) Searching keyword: 'coffee'
  (128/347) Searching keyword: 'tea'
  (129/347) Searching keyword: 'orange juice'
  (130/347) Searching keyword: 'apple juice'
  (131/347) Searching keyword: 'soda'
  (132/347) Searching keyword: 'bottled water'
  (133/347) Searching keyword: 'energy drink'
  (134/347) Searching keyword: 'sports drink'
  (135/347) Searching keyword: 'lemonade'
  (136/347) Searching keyword: 'hot cocoa'
  (137/347) Searching keyword: 'potato chips'
  (138/347) Searching keyword: 'crackers'
  (139/347) Searching keyword: 'cookies'
  (140/347) Searching keyword: 'pretzels'
  (141/347) Searching keyword: 'granola bars'
  (142/347) Searching keyword: 'fruit snacks'
  (143/347) Searching keyword: 'popcorn'
  (144/347) Searching keyword: 'trail mix'
  (145/347) Searching keyword: 'jerky'
  (146/347) Searching keyword: 'nuts'
  (147/347) Searching keyword: 'toothpaste'
  (148/347) Searching keyword: 'shampoo'
  (149/347) Searching keyword: 'bar soap'
  (150/347) Searching keyword: 'deodorant'
  (151/347) Searching keyword: 'razor'
  (152/347) Searching keyword: 'apple'
  (153/347) Searching keyword: 'apricot'
  (154/347) Searching keyword: 'artichoke'
  (155/347) Searching keyword: 'arugula'
  (156/347) Searching keyword: 'asparagus'
  (157/347) Searching keyword: 'avocado'
  (158/347) Searching keyword: 'banana'
  (159/347) Searching keyword: 'beet'
  (160/347) Searching keyword: 'bell pepper'
  (161/347) Searching keyword: 'blackberry'
  (162/347) Searching keyword: 'blueberry'
  (163/347) Searching keyword: 'bok choy'
  (164/347) Searching keyword: 'brussels sprouts'
  (165/347) Searching keyword: 'cabbage'
  (166/347) Searching keyword: 'cantaloupe'
  (167/347) Searching keyword: 'carrot'
  (168/347) Searching keyword: 'cauliflower'
  (169/347) Searching keyword: 'celery'
  (170/347) Searching keyword: 'chard'
  (171/347) Searching keyword: 'cherry'
  (172/347) Searching keyword: 'chili pepper'
  (173/347) Searching keyword: 'collard greens'
  (174/347) Searching keyword: 'cucumber'
  (175/347) Searching keyword: 'eggplant'
  (176/347) Searching keyword: 'endive'
  (177/347) Searching keyword: 'escarole'
  (178/347) Searching keyword: 'fig'
  (179/347) Searching keyword: 'garlic'
  (180/347) Searching keyword: 'ginger'
  (181/347) Searching keyword: 'grape'
  (182/347) Searching keyword: 'grapefruit'
  (183/347) Searching keyword: 'green beans'
  (184/347) Searching keyword: 'green onion'
  (185/347) Searching keyword: 'green pepper'
  (186/347) Searching keyword: 'habanero'
  (187/347) Searching keyword: 'honeydew'
  (188/347) Searching keyword: 'jalapeno'
  (189/347) Searching keyword: 'kale'
  (190/347) Searching keyword: 'kiwi'
  (191/347) Searching keyword: 'leek'
  (192/347) Searching keyword: 'lemon'
  (193/347) Searching keyword: 'lime'
  (194/347) Searching keyword: 'mango'
  (195/347) Searching keyword: 'mushroom'
  (196/347) Searching keyword: 'mustard greens'
  (197/347) Searching keyword: 'nectarine'
  (198/347) Searching keyword: 'okra'
  (199/347) Searching keyword: 'onion'
  (200/347) Searching keyword: 'orange'
  (201/347) Searching keyword: 'papaya'
  (202/347) Searching keyword: 'parsnip'
  (203/347) Searching keyword: 'peach'
  (204/347) Searching keyword: 'pear'
  (205/347) Searching keyword: 'pineapple'
  (206/347) Searching keyword: 'plum'
  (207/347) Searching keyword: 'pomegranate'
  (208/347) Searching keyword: 'potato'
  (209/347) Searching keyword: 'pumpkin'
  (210/347) Searching keyword: 'radicchio'
  (211/347) Searching keyword: 'radish'
  (212/347) Searching keyword: 'raspberry'
  (213/347) Searching keyword: 'red cabbage'
  (214/347) Searching keyword: 'red pepper'
  (215/347) Searching keyword: 'romaine lettuce'
  (216/347) Searching keyword: 'rutabaga'
  (217/347) Searching keyword: 'shallot'
  (218/347) Searching keyword: 'snap peas'
  (219/347) Searching keyword: 'snow peas'
  (220/347) Searching keyword: 'spinach'
  (221/347) Searching keyword: 'squash'
  (222/347) Searching keyword: 'strawberry'
  (223/347) Searching keyword: 'sweet potato'
  (224/347) Searching keyword: 'tomato'
  (225/347) Searching keyword: 'turnip'
  (226/347) Searching keyword: 'watermelon'
  (227/347) Searching keyword: 'yellow pepper'
  (228/347) Searching keyword: 'zucchini'
  (229/347) Searching keyword: 'Almond'
  (230/347) Searching keyword: 'Dressing'
  (231/347) Searching keyword: 'Bagel'
  (232/347) Searching keyword: 'Bean'
  (233/347) Searching keyword: 'Soup'
  (234/347) Searching keyword: 'Beef'
  (235/347) Searching keyword: 'Beverages'
  (236/347) Searching keyword: 'Juice'
  (237/347) Searching keyword: 'Bread'
  (238/347) Searching keyword: 'Breakfast bar'
  (239/347) Searching keyword: 'Burrito'
  (240/347) Searching keyword: 'Cactus'
  (241/347) Searching keyword: 'oil'
  (242/347) Searching keyword: 'Canola'
  (243/347) Searching keyword: 'dip'
  (244/347) Searching keyword: 'Cassava'
  (245/347) Searching keyword: 'granola bar'
  (246/347) Searching keyword: 'Cereal'
  (247/347) Searching keyword: 'Cheese'
  (248/347) Searching keyword: 'Chicken'
  (249/347) Searching keyword: 'Chickpea'
  (250/347) Searching keyword: 'Chili'
  (251/347) Searching keyword: 'Chip'
  (252/347) Searching keyword: 'Chocolate'
  (253/347) Searching keyword: 'syrup'
  (254/347) Searching keyword: 'hazelnut'
  (255/347) Searching keyword: 'Coconut'
  (256/347) Searching keyword: 'Cod'
  (257/347) Searching keyword: 'creamer'
  (258/347) Searching keyword: 'Coleslaw'
  (259/347) Searching keyword: 'Collard'
  (260/347) Searching keyword: 'cilantro'
  (261/347) Searching keyword: 'Corn'
  (262/347) Searching keyword: 'Cowpeas'
  (263/347) Searching keyword: 'Cracker'
  (264/347) Searching keyword: 'Cranberry'
  (265/347) Searching keyword: 'wheat'
  (266/347) Searching keyword: 'Cream'
  (267/347) Searching keyword: 'Egg'
  (268/347) Searching keyword: 'Eggnog'
  (269/347) Searching keyword: 'Fava'
  (270/347) Searching keyword: 'Fish'
  (271/347) Searching keyword: 'Flan'
  (272/347) Searching keyword: 'rice'
  (273/347) Searching keyword: 'hot dog'
  (274/347) Searching keyword: 'Frankfurter'
  (275/347) Searching keyword: 'cocktail'
  (276/347) Searching keyword: 'Fruit juice'
  (277/347) Searching keyword: 'Gelatin'
  (278/347) Searching keyword: 'Goat'
  (279/347) Searching keyword: 'Greens'
  (280/347) Searching keyword: 'Guava'
  (281/347) Searching keyword: 'Hominy'
  (282/347) Searching keyword: 'Honey'
  (283/347) Searching keyword: 'Ice'
  (284/347) Searching keyword: 'Icing'
  (285/347) Searching keyword: 'Italian dressing'
  (286/347) Searching keyword: 'preserve'
  (287/347) Searching keyword: 'Jam'
  (288/347) Searching keyword: 'Lard'
  (289/347) Searching keyword: 'Lentil'
  (290/347) Searching keyword: 'Macaroni'
  (291/347) Searching keyword: 'Margarine'
  (292/347) Searching keyword: 'Marmalade'
  (293/347) Searching keyword: 'Masa harina'
  (294/347) Searching keyword: 'Melon'
  (295/347) Searching keyword: 'Mozzarella'
  (296/347) Searching keyword: 'Multigrain'
  (297/347) Searching keyword: 'Noodle'
  (298/347) Searching keyword: 'Nopal'
  (299/347) Searching keyword: 'Nutrition bar'
  (300/347) Searching keyword: 'Nut'
  (301/347) Searching keyword: 'Oat bran'
  (302/347) Searching keyword: 'Oatmeal'
  (303/347) Searching keyword: 'Parsley'
  (304/347) Searching keyword: 'Passion fruit'
  (305/347) Searching keyword: 'Pasta'
  (306/347) Searching keyword: 'Peanut'
  (307/347) Searching keyword: 'Pea'
  (308/347) Searching keyword: 'Pepper'
  (309/347) Searching keyword: 'Persimmon'
  (310/347) Searching keyword: 'relish'
  (311/347) Searching keyword: 'Pinto'
  (312/347) Searching keyword: 'Pizza'
  (313/347) Searching keyword: 'Plantain'
  (314/347) Searching keyword: 'Poppy seed'
  (315/347) Searching keyword: 'Pork'
  (316/347) Searching keyword: 'Prune'
  (317/347) Searching keyword: 'Pudding'
  (318/347) Searching keyword: 'Ravioli'
  (319/347) Searching keyword: 'kidney'
  (320/347) Searching keyword: 'Roll'
  (321/347) Searching keyword: 'Salad'
  (322/347) Searching keyword: 'Salsa'
  (323/347) Searching keyword: 'Salt'
  (324/347) Searching keyword: 'Sandwich'
  (325/347) Searching keyword: 'Sauce'
  (326/347) Searching keyword: 'Sauerkraut'
  (327/347) Searching keyword: 'Seafood'
  (328/347) Searching keyword: 'Sesame'
  (329/347) Searching keyword: 'Sherbet'
  (330/347) Searching keyword: 'Snack'
  (331/347) Searching keyword: 'Soft drink'
  (332/347) Searching keyword: 'Soy'
  (333/347) Searching keyword: 'Soybean'
  (334/347) Searching keyword: 'Spice'
  (335/347) Searching keyword: 'Strawberries'
  (336/347) Searching keyword: 'Sweetener'
  (337/347) Searching keyword: 'Tahini'
  (338/347) Searching keyword: 'Tangerine'
  (339/347) Searching keyword: 'Topping'
  (340/347) Searching keyword: 'Tortilla'
  (341/347) Searching keyword: 'Tuna'
  (342/347) Searching keyword: 'Whipped'
  (343/347) Searching keyword: 'Whiting'
  (344/347) Searching keyword: 'jicama'
  (345/347) Searching keyword: 'Yellow'
  (346/347) Searching keyword: 'bottled water'
  (347/347) Searching keyword: 'bottled spring water'
  Saving and emailing results for store 207...
Payload results saved to G:\.shortcut-targets-by-id\10hwxlrEnEox7VqS6tvo44Q8rX59qZcSg\Drones_MV\UAV Rural Essential Goods Delivery\FOOD_PRICING\Data_Scraping\ACC\ACC_25_11\ACC_207_11_25.csv

Processing ZIP 99684 (store 215)
  (1/347) Searching keyword: 'Gold Medal Flour'
  (2/347) Searching keyword: 'Sugar granulated'
  (3/347) Searching keyword: 'Carnation Evaporated milk'
  (4/347) Searching keyword: 'Cereal Kellogg's corn flakes'
  (5/347) Searching keyword: 'Quaker Oatmeal 18 oz canister'
  (6/347) Searching keyword: 'rice long grain'
  (7/347) Searching keyword: 'White Bread loaf'
  (8/347) Searching keyword: 'Wheat Bread loaf'
  (9/347) Searching keyword: 'Spaghetti'
  (10/347) Searching keyword: 'Tortillas Mission soft taco'
  (11/347) Searching keyword: 'Pilot Bread'
  (12/347) Searching keyword: 'Nabisco saltine crackers'
  (13/347) Searching keyword: 'Ground beef lean'
  (14/347) Searching keyword: 'Chuck roast'
  (15/347) Searching keyword: 'Steak round'
  (16/347) Searching keyword: 'Steak New york'
  (17/347) Searching keyword: 'Chicken whole'
  (18/347) Searching keyword: 'Chicken breast'
  (19/347) Searching keyword: 'Bacon thick'
  (20/347) Searching keyword: 'Pork chops center'
  (21/347) Searching keyword: 'Ham boneless'
  (22/347) Searching keyword: 'Hot Dogs'
  (23/347) Searching keyword: 'Spam'
  (24/347) Searching keyword: 'Tuna light chunk oil'
  (25/347) Searching keyword: 'Eggs 18 count'
  (26/347) Searching keyword: 'Eggs Dozen'
  (27/347) Searching keyword: 'Milk whole 1 gallon'
  (28/347) Searching keyword: 'Milk 2% 1 gallon'
  (29/347) Searching keyword: 'Butter salted'
  (30/347) Searching keyword: 'Tillamook cheddar cheese 2 lb'
  (31/347) Searching keyword: 'Kraft American singles'
  (32/347) Searching keyword: 'Darigold Sour cream 17'
  (33/347) Searching keyword: 'Yoplait Yogurt blueberry'
  (34/347) Searching keyword: 'Vanilla Ice cream'
  (35/347) Searching keyword: 'Red Delicious Apples'
  (36/347) Searching keyword: 'Bananas'
  (37/347) Searching keyword: 'Oranges'
  (38/347) Searching keyword: 'Russet Potatoes'
  (39/347) Searching keyword: 'Iceberg Lettuce'
  (40/347) Searching keyword: 'Tomatoes large'
  (41/347) Searching keyword: 'yellow Onions'
  (42/347) Searching keyword: 'Canned Corn Del Monte'
  (43/347) Searching keyword: 'Canned green beans Del Monte'
  (44/347) Searching keyword: 'Dole Canned mandarin oranges'
  (45/347) Searching keyword: 'Orange juice frozen'
  (46/347) Searching keyword: 'Coke 13'
  (47/347) Searching keyword: 'Pepsi 13'
  (48/347) Searching keyword: '8 Up'
  (49/347) Searching keyword: 'Folgers Coffee'
  (50/347) Searching keyword: 'Lipton Tea bags'
  (51/347) Searching keyword: 'Top Ramen chicken'
  (52/347) Searching keyword: 'Heinz Ketchup'
  (53/347) Searching keyword: 'Smuckers Jelly strawberry'
  (54/347) Searching keyword: 'JIF Peanut Butter creamy'
  (55/347) Searching keyword: 'Vegetable'
  (56/347) Searching keyword: 'Infant Formula'
  (57/347) Searching keyword: 'ground beef'
  (58/347) Searching keyword: 'whole chicken'
  (59/347) Searching keyword: 'bacon'
  (60/347) Searching keyword: 'sausage'
  (61/347) Searching keyword: 'pork chops'
  (62/347) Searching keyword: 'deli meat'
  (63/347) Searching keyword: 'steak'
  (64/347) Searching keyword: 'turkey breast'
  (65/347) Searching keyword: 'ham'
  (66/347) Searching keyword: 'salami'
  (67/347) Searching keyword: 'meatballs'
  (68/347) Searching keyword: 'roast beef'
  (69/347) Searching keyword: 'frozen chicken nuggets'
  (70/347) Searching keyword: 'milk'
  (71/347) Searching keyword: 'eggs'
  (72/347) Searching keyword: 'butter'
  (73/347) Searching keyword: 'sour cream'
  (74/347) Searching keyword: 'shredded cheese'
  (75/347) Searching keyword: 'cream cheese'
  (76/347) Searching keyword: 'yogurt'
  (77/347) Searching keyword: 'cottage cheese'
  (78/347) Searching keyword: 'ice cream'
  (79/347) Searching keyword: 'half and half'
  (80/347) Searching keyword: 'apples'
  (81/347) Searching keyword: 'grapes'
  (82/347) Searching keyword: 'carrots'
  (83/347) Searching keyword: 'tomatoes'
  (84/347) Searching keyword: 'lettuce'
  (85/347) Searching keyword: 'broccoli'
  (86/347) Searching keyword: 'potatoes'
  (87/347) Searching keyword: 'onions'
  (88/347) Searching keyword: 'white bread'
  (89/347) Searching keyword: 'whole wheat bread'
  (90/347) Searching keyword: 'hamburger buns'
  (91/347) Searching keyword: 'tortillas'
  (92/347) Searching keyword: 'bagels'
  (93/347) Searching keyword: 'English muffins'
  (94/347) Searching keyword: 'pita bread'
  (95/347) Searching keyword: 'croissants'
  (96/347) Searching keyword: 'dinner rolls'
  (97/347) Searching keyword: 'gluten free bread'
  (98/347) Searching keyword: 'white rice'
  (99/347) Searching keyword: 'brown rice'
  (100/347) Searching keyword: 'elbow macaroni'
  (101/347) Searching keyword: 'lasagna noodles'
  (102/347) Searching keyword: 'instant rice'
  (103/347) Searching keyword: 'ramen'
  (104/347) Searching keyword: 'quinoa'
  (105/347) Searching keyword: 'couscous'
  (106/347) Searching keyword: 'flour'
  (107/347) Searching keyword: 'canned corn'
  (108/347) Searching keyword: 'canned beans'
  (109/347) Searching keyword: 'peanut butter'
  (110/347) Searching keyword: 'jelly'
  (111/347) Searching keyword: 'mayonnaise'
  (112/347) Searching keyword: 'ketchup'
  (113/347) Searching keyword: 'mustard'
  (114/347) Searching keyword: 'cooking oil'
  (115/347) Searching keyword: 'vinegar'
  (116/347) Searching keyword: 'sugar'
  (117/347) Searching keyword: 'toilet paper'
  (118/347) Searching keyword: 'paper towels'
  (119/347) Searching keyword: 'laundry detergent'
  (120/347) Searching keyword: 'dish soap'
  (121/347) Searching keyword: 'trash bags'
  (122/347) Searching keyword: 'cleaning wipes'
  (123/347) Searching keyword: 'air freshener'
  (124/347) Searching keyword: 'aluminum foil'
  (125/347) Searching keyword: 'ziplock bags'
  (126/347) Searching keyword: 'sponges'
  (127/347) Searching keyword: 'coffee'
  (128/347) Searching keyword: 'tea'
  (129/347) Searching keyword: 'orange juice'
  (130/347) Searching keyword: 'apple juice'
  (131/347) Searching keyword: 'soda'
  (132/347) Searching keyword: 'bottled water'
  (133/347) Searching keyword: 'energy drink'
  (134/347) Searching keyword: 'sports drink'
  (135/347) Searching keyword: 'lemonade'
  (136/347) Searching keyword: 'hot cocoa'
  (137/347) Searching keyword: 'potato chips'
  (138/347) Searching keyword: 'crackers'
  (139/347) Searching keyword: 'cookies'
  (140/347) Searching keyword: 'pretzels'
  (141/347) Searching keyword: 'granola bars'
  (142/347) Searching keyword: 'fruit snacks'
  (143/347) Searching keyword: 'popcorn'
  (144/347) Searching keyword: 'trail mix'
  (145/347) Searching keyword: 'jerky'
  (146/347) Searching keyword: 'nuts'
  (147/347) Searching keyword: 'toothpaste'
  (148/347) Searching keyword: 'shampoo'
  (149/347) Searching keyword: 'bar soap'
  (150/347) Searching keyword: 'deodorant'
  (151/347) Searching keyword: 'razor'
  (152/347) Searching keyword: 'apple'
  (153/347) Searching keyword: 'apricot'
  (154/347) Searching keyword: 'artichoke'
  (155/347) Searching keyword: 'arugula'
  (156/347) Searching keyword: 'asparagus'
  (157/347) Searching keyword: 'avocado'
  (158/347) Searching keyword: 'banana'
  (159/347) Searching keyword: 'beet'
  (160/347) Searching keyword: 'bell pepper'
  (161/347) Searching keyword: 'blackberry'
  (162/347) Searching keyword: 'blueberry'
  (163/347) Searching keyword: 'bok choy'
  (164/347) Searching keyword: 'brussels sprouts'
  (165/347) Searching keyword: 'cabbage'
  (166/347) Searching keyword: 'cantaloupe'
  (167/347) Searching keyword: 'carrot'
  (168/347) Searching keyword: 'cauliflower'
  (169/347) Searching keyword: 'celery'
  (170/347) Searching keyword: 'chard'
  (171/347) Searching keyword: 'cherry'
  (172/347) Searching keyword: 'chili pepper'
  (173/347) Searching keyword: 'collard greens'
  (174/347) Searching keyword: 'cucumber'
  (175/347) Searching keyword: 'eggplant'
  (176/347) Searching keyword: 'endive'
  (177/347) Searching keyword: 'escarole'
  (178/347) Searching keyword: 'fig'
  (179/347) Searching keyword: 'garlic'
  (180/347) Searching keyword: 'ginger'
  (181/347) Searching keyword: 'grape'
  (182/347) Searching keyword: 'grapefruit'
  (183/347) Searching keyword: 'green beans'
  (184/347) Searching keyword: 'green onion'
  (185/347) Searching keyword: 'green pepper'
  (186/347) Searching keyword: 'habanero'
  (187/347) Searching keyword: 'honeydew'
  (188/347) Searching keyword: 'jalapeno'
  (189/347) Searching keyword: 'kale'
  (190/347) Searching keyword: 'kiwi'
  (191/347) Searching keyword: 'leek'
  (192/347) Searching keyword: 'lemon'
  (193/347) Searching keyword: 'lime'
  (194/347) Searching keyword: 'mango'
  (195/347) Searching keyword: 'mushroom'
  (196/347) Searching keyword: 'mustard greens'
  (197/347) Searching keyword: 'nectarine'
  (198/347) Searching keyword: 'okra'
  (199/347) Searching keyword: 'onion'
  (200/347) Searching keyword: 'orange'
  (201/347) Searching keyword: 'papaya'
  (202/347) Searching keyword: 'parsnip'
  (203/347) Searching keyword: 'peach'
  (204/347) Searching keyword: 'pear'
  (205/347) Searching keyword: 'pineapple'
  (206/347) Searching keyword: 'plum'
  (207/347) Searching keyword: 'pomegranate'
  (208/347) Searching keyword: 'potato'
  (209/347) Searching keyword: 'pumpkin'
  (210/347) Searching keyword: 'radicchio'
  (211/347) Searching keyword: 'radish'
  (212/347) Searching keyword: 'raspberry'
  (213/347) Searching keyword: 'red cabbage'
  (214/347) Searching keyword: 'red pepper'
  (215/347) Searching keyword: 'romaine lettuce'
  (216/347) Searching keyword: 'rutabaga'
  (217/347) Searching keyword: 'shallot'
  (218/347) Searching keyword: 'snap peas'
  (219/347) Searching keyword: 'snow peas'
  (220/347) Searching keyword: 'spinach'
  (221/347) Searching keyword: 'squash'
  (222/347) Searching keyword: 'strawberry'
  (223/347) Searching keyword: 'sweet potato'
  (224/347) Searching keyword: 'tomato'
  (225/347) Searching keyword: 'turnip'
  (226/347) Searching keyword: 'watermelon'
  (227/347) Searching keyword: 'yellow pepper'
  (228/347) Searching keyword: 'zucchini'
  (229/347) Searching keyword: 'Almond'
  (230/347) Searching keyword: 'Dressing'
  (231/347) Searching keyword: 'Bagel'
  (232/347) Searching keyword: 'Bean'
  (233/347) Searching keyword: 'Soup'
  (234/347) Searching keyword: 'Beef'
  (235/347) Searching keyword: 'Beverages'
  (236/347) Searching keyword: 'Juice'
  (237/347) Searching keyword: 'Bread'
  (238/347) Searching keyword: 'Breakfast bar'
  (239/347) Searching keyword: 'Burrito'
  (240/347) Searching keyword: 'Cactus'
  (241/347) Searching keyword: 'oil'
  (242/347) Searching keyword: 'Canola'
  (243/347) Searching keyword: 'dip'
  (244/347) Searching keyword: 'Cassava'
  (245/347) Searching keyword: 'granola bar'
  (246/347) Searching keyword: 'Cereal'
  (247/347) Searching keyword: 'Cheese'
  (248/347) Searching keyword: 'Chicken'
  (249/347) Searching keyword: 'Chickpea'
  (250/347) Searching keyword: 'Chili'
  (251/347) Searching keyword: 'Chip'
  (252/347) Searching keyword: 'Chocolate'
  (253/347) Searching keyword: 'syrup'
  (254/347) Searching keyword: 'hazelnut'
  (255/347) Searching keyword: 'Coconut'
  (256/347) Searching keyword: 'Cod'
  (257/347) Searching keyword: 'creamer'
  (258/347) Searching keyword: 'Coleslaw'
  (259/347) Searching keyword: 'Collard'
  (260/347) Searching keyword: 'cilantro'
  (261/347) Searching keyword: 'Corn'
  (262/347) Searching keyword: 'Cowpeas'
  (263/347) Searching keyword: 'Cracker'
  (264/347) Searching keyword: 'Cranberry'
  (265/347) Searching keyword: 'wheat'
  (266/347) Searching keyword: 'Cream'
  (267/347) Searching keyword: 'Egg'
  (268/347) Searching keyword: 'Eggnog'
  (269/347) Searching keyword: 'Fava'
  (270/347) Searching keyword: 'Fish'
  (271/347) Searching keyword: 'Flan'
  (272/347) Searching keyword: 'rice'
  (273/347) Searching keyword: 'hot dog'
  (274/347) Searching keyword: 'Frankfurter'
  (275/347) Searching keyword: 'cocktail'
  (276/347) Searching keyword: 'Fruit juice'
  (277/347) Searching keyword: 'Gelatin'
  (278/347) Searching keyword: 'Goat'
  (279/347) Searching keyword: 'Greens'
  (280/347) Searching keyword: 'Guava'
  (281/347) Searching keyword: 'Hominy'
  (282/347) Searching keyword: 'Honey'
  (283/347) Searching keyword: 'Ice'
  (284/347) Searching keyword: 'Icing'
  (285/347) Searching keyword: 'Italian dressing'
  (286/347) Searching keyword: 'preserve'
  (287/347) Searching keyword: 'Jam'
  (288/347) Searching keyword: 'Lard'
  (289/347) Searching keyword: 'Lentil'
  (290/347) Searching keyword: 'Macaroni'
  (291/347) Searching keyword: 'Margarine'
  (292/347) Searching keyword: 'Marmalade'
  (293/347) Searching keyword: 'Masa harina'
  (294/347) Searching keyword: 'Melon'
  (295/347) Searching keyword: 'Mozzarella'
  (296/347) Searching keyword: 'Multigrain'
  (297/347) Searching keyword: 'Noodle'
  (298/347) Searching keyword: 'Nopal'
  (299/347) Searching keyword: 'Nutrition bar'
  (300/347) Searching keyword: 'Nut'
  (301/347) Searching keyword: 'Oat bran'
  (302/347) Searching keyword: 'Oatmeal'
  (303/347) Searching keyword: 'Parsley'
  (304/347) Searching keyword: 'Passion fruit'
  (305/347) Searching keyword: 'Pasta'
  (306/347) Searching keyword: 'Peanut'
  (307/347) Searching keyword: 'Pea'
  (308/347) Searching keyword: 'Pepper'
  (309/347) Searching keyword: 'Persimmon'
  (310/347) Searching keyword: 'relish'
  (311/347) Searching keyword: 'Pinto'
  (312/347) Searching keyword: 'Pizza'
  (313/347) Searching keyword: 'Plantain'
  (314/347) Searching keyword: 'Poppy seed'
  (315/347) Searching keyword: 'Pork'
  (316/347) Searching keyword: 'Prune'
  (317/347) Searching keyword: 'Pudding'
  (318/347) Searching keyword: 'Ravioli'
  (319/347) Searching keyword: 'kidney'
  (320/347) Searching keyword: 'Roll'
  (321/347) Searching keyword: 'Salad'
  (322/347) Searching keyword: 'Salsa'
  (323/347) Searching keyword: 'Salt'
  (324/347) Searching keyword: 'Sandwich'
  (325/347) Searching keyword: 'Sauce'
  (326/347) Searching keyword: 'Sauerkraut'
  (327/347) Searching keyword: 'Seafood'
  (328/347) Searching keyword: 'Sesame'
  (329/347) Searching keyword: 'Sherbet'
  (330/347) Searching keyword: 'Snack'
  (331/347) Searching keyword: 'Soft drink'
  (332/347) Searching keyword: 'Soy'
  (333/347) Searching keyword: 'Soybean'
  (334/347) Searching keyword: 'Spice'
  (335/347) Searching keyword: 'Strawberries'
  (336/347) Searching keyword: 'Sweetener'
  (337/347) Searching keyword: 'Tahini'
  (338/347) Searching keyword: 'Tangerine'
  (339/347) Searching keyword: 'Topping'
  (340/347) Searching keyword: 'Tortilla'
  (341/347) Searching keyword: 'Tuna'
  (342/347) Searching keyword: 'Whipped'
  (343/347) Searching keyword: 'Whiting'
  (344/347) Searching keyword: 'jicama'
  (345/347) Searching keyword: 'Yellow'
  (346/347) Searching keyword: 'bottled water'
  (347/347) Searching keyword: 'bottled spring water'
  Saving and emailing results for store 215...
Payload results saved to G:\.shortcut-targets-by-id\10hwxlrEnEox7VqS6tvo44Q8rX59qZcSg\Drones_MV\UAV Rural Essential Goods Delivery\FOOD_PRICING\Data_Scraping\ACC\ACC_25_11\ACC_215_11_25.csv

Processing ZIP 99661 (store 220)
  (1/347) Searching keyword: 'Gold Medal Flour'
  (2/347) Searching keyword: 'Sugar granulated'
  (3/347) Searching keyword: 'Carnation Evaporated milk'
  (4/347) Searching keyword: 'Cereal Kellogg's corn flakes'
  (5/347) Searching keyword: 'Quaker Oatmeal 18 oz canister'
  (6/347) Searching keyword: 'rice long grain'
  (7/347) Searching keyword: 'White Bread loaf'
  (8/347) Searching keyword: 'Wheat Bread loaf'
  (9/347) Searching keyword: 'Spaghetti'
  (10/347) Searching keyword: 'Tortillas Mission soft taco'
  (11/347) Searching keyword: 'Pilot Bread'
  (12/347) Searching keyword: 'Nabisco saltine crackers'
  (13/347) Searching keyword: 'Ground beef lean'
  (14/347) Searching keyword: 'Chuck roast'
  (15/347) Searching keyword: 'Steak round'
  (16/347) Searching keyword: 'Steak New york'
  (17/347) Searching keyword: 'Chicken whole'
  (18/347) Searching keyword: 'Chicken breast'
  (19/347) Searching keyword: 'Bacon thick'
  (20/347) Searching keyword: 'Pork chops center'
  (21/347) Searching keyword: 'Ham boneless'
  (22/347) Searching keyword: 'Hot Dogs'
  (23/347) Searching keyword: 'Spam'
  (24/347) Searching keyword: 'Tuna light chunk oil'
  (25/347) Searching keyword: 'Eggs 18 count'
  (26/347) Searching keyword: 'Eggs Dozen'
  (27/347) Searching keyword: 'Milk whole 1 gallon'
  (28/347) Searching keyword: 'Milk 2% 1 gallon'
  (29/347) Searching keyword: 'Butter salted'
  (30/347) Searching keyword: 'Tillamook cheddar cheese 2 lb'
  (31/347) Searching keyword: 'Kraft American singles'
  (32/347) Searching keyword: 'Darigold Sour cream 17'
  (33/347) Searching keyword: 'Yoplait Yogurt blueberry'
  (34/347) Searching keyword: 'Vanilla Ice cream'
  (35/347) Searching keyword: 'Red Delicious Apples'
  (36/347) Searching keyword: 'Bananas'
  (37/347) Searching keyword: 'Oranges'
  (38/347) Searching keyword: 'Russet Potatoes'
  (39/347) Searching keyword: 'Iceberg Lettuce'
  (40/347) Searching keyword: 'Tomatoes large'
  (41/347) Searching keyword: 'yellow Onions'
  (42/347) Searching keyword: 'Canned Corn Del Monte'
  (43/347) Searching keyword: 'Canned green beans Del Monte'
  (44/347) Searching keyword: 'Dole Canned mandarin oranges'
  (45/347) Searching keyword: 'Orange juice frozen'
  (46/347) Searching keyword: 'Coke 13'
  (47/347) Searching keyword: 'Pepsi 13'
  (48/347) Searching keyword: '8 Up'
  (49/347) Searching keyword: 'Folgers Coffee'
  (50/347) Searching keyword: 'Lipton Tea bags'
  (51/347) Searching keyword: 'Top Ramen chicken'
  (52/347) Searching keyword: 'Heinz Ketchup'
  (53/347) Searching keyword: 'Smuckers Jelly strawberry'
  (54/347) Searching keyword: 'JIF Peanut Butter creamy'
  (55/347) Searching keyword: 'Vegetable'
  (56/347) Searching keyword: 'Infant Formula'
  (57/347) Searching keyword: 'ground beef'
  (58/347) Searching keyword: 'whole chicken'
  (59/347) Searching keyword: 'bacon'
  (60/347) Searching keyword: 'sausage'
  (61/347) Searching keyword: 'pork chops'
  (62/347) Searching keyword: 'deli meat'
  (63/347) Searching keyword: 'steak'
  (64/347) Searching keyword: 'turkey breast'
  (65/347) Searching keyword: 'ham'
  (66/347) Searching keyword: 'salami'
  (67/347) Searching keyword: 'meatballs'
  (68/347) Searching keyword: 'roast beef'
  (69/347) Searching keyword: 'frozen chicken nuggets'
  (70/347) Searching keyword: 'milk'
  (71/347) Searching keyword: 'eggs'
  (72/347) Searching keyword: 'butter'
  (73/347) Searching keyword: 'sour cream'
  (74/347) Searching keyword: 'shredded cheese'
  (75/347) Searching keyword: 'cream cheese'
  (76/347) Searching keyword: 'yogurt'
  (77/347) Searching keyword: 'cottage cheese'
  (78/347) Searching keyword: 'ice cream'
  (79/347) Searching keyword: 'half and half'
  (80/347) Searching keyword: 'apples'
  (81/347) Searching keyword: 'grapes'
  (82/347) Searching keyword: 'carrots'
  (83/347) Searching keyword: 'tomatoes'
  (84/347) Searching keyword: 'lettuce'
  (85/347) Searching keyword: 'broccoli'
  (86/347) Searching keyword: 'potatoes'
  (87/347) Searching keyword: 'onions'
  (88/347) Searching keyword: 'white bread'
  (89/347) Searching keyword: 'whole wheat bread'
  (90/347) Searching keyword: 'hamburger buns'
  (91/347) Searching keyword: 'tortillas'
  (92/347) Searching keyword: 'bagels'
  (93/347) Searching keyword: 'English muffins'
  (94/347) Searching keyword: 'pita bread'
  (95/347) Searching keyword: 'croissants'
  (96/347) Searching keyword: 'dinner rolls'
  (97/347) Searching keyword: 'gluten free bread'
  (98/347) Searching keyword: 'white rice'
  (99/347) Searching keyword: 'brown rice'
  (100/347) Searching keyword: 'elbow macaroni'
  (101/347) Searching keyword: 'lasagna noodles'
  (102/347) Searching keyword: 'instant rice'
  (103/347) Searching keyword: 'ramen'
  (104/347) Searching keyword: 'quinoa'
  (105/347) Searching keyword: 'couscous'
  (106/347) Searching keyword: 'flour'
  (107/347) Searching keyword: 'canned corn'
  (108/347) Searching keyword: 'canned beans'
  (109/347) Searching keyword: 'peanut butter'
  (110/347) Searching keyword: 'jelly'
  (111/347) Searching keyword: 'mayonnaise'
  (112/347) Searching keyword: 'ketchup'
  (113/347) Searching keyword: 'mustard'
  (114/347) Searching keyword: 'cooking oil'
  (115/347) Searching keyword: 'vinegar'
  (116/347) Searching keyword: 'sugar'
  (117/347) Searching keyword: 'toilet paper'
  (118/347) Searching keyword: 'paper towels'
  (119/347) Searching keyword: 'laundry detergent'
  (120/347) Searching keyword: 'dish soap'
  (121/347) Searching keyword: 'trash bags'
  (122/347) Searching keyword: 'cleaning wipes'
  (123/347) Searching keyword: 'air freshener'
  (124/347) Searching keyword: 'aluminum foil'
  (125/347) Searching keyword: 'ziplock bags'
  (126/347) Searching keyword: 'sponges'
  (127/347) Searching keyword: 'coffee'
  (128/347) Searching keyword: 'tea'
  (129/347) Searching keyword: 'orange juice'
  (130/347) Searching keyword: 'apple juice'
  (131/347) Searching keyword: 'soda'
  (132/347) Searching keyword: 'bottled water'
  (133/347) Searching keyword: 'energy drink'
  (134/347) Searching keyword: 'sports drink'
  (135/347) Searching keyword: 'lemonade'
  (136/347) Searching keyword: 'hot cocoa'
  (137/347) Searching keyword: 'potato chips'
  (138/347) Searching keyword: 'crackers'
  (139/347) Searching keyword: 'cookies'
  (140/347) Searching keyword: 'pretzels'
  (141/347) Searching keyword: 'granola bars'
  (142/347) Searching keyword: 'fruit snacks'
  (143/347) Searching keyword: 'popcorn'
  (144/347) Searching keyword: 'trail mix'
  (145/347) Searching keyword: 'jerky'
  (146/347) Searching keyword: 'nuts'
  (147/347) Searching keyword: 'toothpaste'
  (148/347) Searching keyword: 'shampoo'
  (149/347) Searching keyword: 'bar soap'
  (150/347) Searching keyword: 'deodorant'
  (151/347) Searching keyword: 'razor'
  (152/347) Searching keyword: 'apple'
  (153/347) Searching keyword: 'apricot'
  (154/347) Searching keyword: 'artichoke'
  (155/347) Searching keyword: 'arugula'
  (156/347) Searching keyword: 'asparagus'
  (157/347) Searching keyword: 'avocado'
  (158/347) Searching keyword: 'banana'
  (159/347) Searching keyword: 'beet'
  (160/347) Searching keyword: 'bell pepper'
  (161/347) Searching keyword: 'blackberry'
  (162/347) Searching keyword: 'blueberry'
  (163/347) Searching keyword: 'bok choy'
  (164/347) Searching keyword: 'brussels sprouts'
  (165/347) Searching keyword: 'cabbage'
  (166/347) Searching keyword: 'cantaloupe'
  (167/347) Searching keyword: 'carrot'
  (168/347) Searching keyword: 'cauliflower'
  (169/347) Searching keyword: 'celery'
  (170/347) Searching keyword: 'chard'
  (171/347) Searching keyword: 'cherry'
  (172/347) Searching keyword: 'chili pepper'
  (173/347) Searching keyword: 'collard greens'
  (174/347) Searching keyword: 'cucumber'
  (175/347) Searching keyword: 'eggplant'
  (176/347) Searching keyword: 'endive'
  (177/347) Searching keyword: 'escarole'
  (178/347) Searching keyword: 'fig'
  (179/347) Searching keyword: 'garlic'
  (180/347) Searching keyword: 'ginger'
  (181/347) Searching keyword: 'grape'
  (182/347) Searching keyword: 'grapefruit'
  (183/347) Searching keyword: 'green beans'
  (184/347) Searching keyword: 'green onion'
  (185/347) Searching keyword: 'green pepper'
  (186/347) Searching keyword: 'habanero'
  (187/347) Searching keyword: 'honeydew'
  (188/347) Searching keyword: 'jalapeno'
  (189/347) Searching keyword: 'kale'
  (190/347) Searching keyword: 'kiwi'
  (191/347) Searching keyword: 'leek'
  (192/347) Searching keyword: 'lemon'
  (193/347) Searching keyword: 'lime'
  (194/347) Searching keyword: 'mango'
  (195/347) Searching keyword: 'mushroom'
  (196/347) Searching keyword: 'mustard greens'
  (197/347) Searching keyword: 'nectarine'
  (198/347) Searching keyword: 'okra'
  (199/347) Searching keyword: 'onion'
  (200/347) Searching keyword: 'orange'
  (201/347) Searching keyword: 'papaya'
  (202/347) Searching keyword: 'parsnip'
  (203/347) Searching keyword: 'peach'
  (204/347) Searching keyword: 'pear'
  (205/347) Searching keyword: 'pineapple'
  (206/347) Searching keyword: 'plum'
  (207/347) Searching keyword: 'pomegranate'
  (208/347) Searching keyword: 'potato'
  (209/347) Searching keyword: 'pumpkin'
  (210/347) Searching keyword: 'radicchio'
  (211/347) Searching keyword: 'radish'
  (212/347) Searching keyword: 'raspberry'
  (213/347) Searching keyword: 'red cabbage'
  (214/347) Searching keyword: 'red pepper'
  (215/347) Searching keyword: 'romaine lettuce'
  (216/347) Searching keyword: 'rutabaga'
  (217/347) Searching keyword: 'shallot'
  (218/347) Searching keyword: 'snap peas'
  (219/347) Searching keyword: 'snow peas'
  (220/347) Searching keyword: 'spinach'
  (221/347) Searching keyword: 'squash'
  (222/347) Searching keyword: 'strawberry'
  (223/347) Searching keyword: 'sweet potato'
  (224/347) Searching keyword: 'tomato'
  (225/347) Searching keyword: 'turnip'
  (226/347) Searching keyword: 'watermelon'
  (227/347) Searching keyword: 'yellow pepper'
  (228/347) Searching keyword: 'zucchini'
  (229/347) Searching keyword: 'Almond'
  (230/347) Searching keyword: 'Dressing'
  (231/347) Searching keyword: 'Bagel'
  (232/347) Searching keyword: 'Bean'
  (233/347) Searching keyword: 'Soup'
  (234/347) Searching keyword: 'Beef'
  (235/347) Searching keyword: 'Beverages'
  (236/347) Searching keyword: 'Juice'
  (237/347) Searching keyword: 'Bread'
  (238/347) Searching keyword: 'Breakfast bar'
  (239/347) Searching keyword: 'Burrito'
  (240/347) Searching keyword: 'Cactus'
  (241/347) Searching keyword: 'oil'
  (242/347) Searching keyword: 'Canola'
  (243/347) Searching keyword: 'dip'
  (244/347) Searching keyword: 'Cassava'
  (245/347) Searching keyword: 'granola bar'
  (246/347) Searching keyword: 'Cereal'
  (247/347) Searching keyword: 'Cheese'
  (248/347) Searching keyword: 'Chicken'
  (249/347) Searching keyword: 'Chickpea'
  (250/347) Searching keyword: 'Chili'
  (251/347) Searching keyword: 'Chip'
  (252/347) Searching keyword: 'Chocolate'
  (253/347) Searching keyword: 'syrup'
  (254/347) Searching keyword: 'hazelnut'
  (255/347) Searching keyword: 'Coconut'
  (256/347) Searching keyword: 'Cod'
  (257/347) Searching keyword: 'creamer'
  (258/347) Searching keyword: 'Coleslaw'
  (259/347) Searching keyword: 'Collard'
  (260/347) Searching keyword: 'cilantro'
  (261/347) Searching keyword: 'Corn'
  (262/347) Searching keyword: 'Cowpeas'
  (263/347) Searching keyword: 'Cracker'
  (264/347) Searching keyword: 'Cranberry'
  (265/347) Searching keyword: 'wheat'
  (266/347) Searching keyword: 'Cream'
  (267/347) Searching keyword: 'Egg'
  (268/347) Searching keyword: 'Eggnog'
  (269/347) Searching keyword: 'Fava'
  (270/347) Searching keyword: 'Fish'
  (271/347) Searching keyword: 'Flan'
  (272/347) Searching keyword: 'rice'
  (273/347) Searching keyword: 'hot dog'
  (274/347) Searching keyword: 'Frankfurter'
  (275/347) Searching keyword: 'cocktail'
  (276/347) Searching keyword: 'Fruit juice'
  (277/347) Searching keyword: 'Gelatin'
  (278/347) Searching keyword: 'Goat'
  (279/347) Searching keyword: 'Greens'
  (280/347) Searching keyword: 'Guava'
  (281/347) Searching keyword: 'Hominy'
  (282/347) Searching keyword: 'Honey'
  (283/347) Searching keyword: 'Ice'
  (284/347) Searching keyword: 'Icing'
  (285/347) Searching keyword: 'Italian dressing'
  (286/347) Searching keyword: 'preserve'
  (287/347) Searching keyword: 'Jam'
  (288/347) Searching keyword: 'Lard'
  (289/347) Searching keyword: 'Lentil'
  (290/347) Searching keyword: 'Macaroni'
  (291/347) Searching keyword: 'Margarine'
  (292/347) Searching keyword: 'Marmalade'
  (293/347) Searching keyword: 'Masa harina'
  (294/347) Searching keyword: 'Melon'
  (295/347) Searching keyword: 'Mozzarella'
  (296/347) Searching keyword: 'Multigrain'
  (297/347) Searching keyword: 'Noodle'
  (298/347) Searching keyword: 'Nopal'
  (299/347) Searching keyword: 'Nutrition bar'
  (300/347) Searching keyword: 'Nut'
  (301/347) Searching keyword: 'Oat bran'
  (302/347) Searching keyword: 'Oatmeal'
  (303/347) Searching keyword: 'Parsley'
  (304/347) Searching keyword: 'Passion fruit'
  (305/347) Searching keyword: 'Pasta'
  (306/347) Searching keyword: 'Peanut'
  (307/347) Searching keyword: 'Pea'
  (308/347) Searching keyword: 'Pepper'
  (309/347) Searching keyword: 'Persimmon'
  (310/347) Searching keyword: 'relish'
  (311/347) Searching keyword: 'Pinto'
  (312/347) Searching keyword: 'Pizza'
  (313/347) Searching keyword: 'Plantain'
  (314/347) Searching keyword: 'Poppy seed'
  (315/347) Searching keyword: 'Pork'
  (316/347) Searching keyword: 'Prune'
  (317/347) Searching keyword: 'Pudding'
  (318/347) Searching keyword: 'Ravioli'
  (319/347) Searching keyword: 'kidney'
  (320/347) Searching keyword: 'Roll'
  (321/347) Searching keyword: 'Salad'
  (322/347) Searching keyword: 'Salsa'
  (323/347) Searching keyword: 'Salt'
  (324/347) Searching keyword: 'Sandwich'
  (325/347) Searching keyword: 'Sauce'
  (326/347) Searching keyword: 'Sauerkraut'
  (327/347) Searching keyword: 'Seafood'
  (328/347) Searching keyword: 'Sesame'
  (329/347) Searching keyword: 'Sherbet'
  (330/347) Searching keyword: 'Snack'
  (331/347) Searching keyword: 'Soft drink'
  (332/347) Searching keyword: 'Soy'
  (333/347) Searching keyword: 'Soybean'
  (334/347) Searching keyword: 'Spice'
  (335/347) Searching keyword: 'Strawberries'
  (336/347) Searching keyword: 'Sweetener'
  (337/347) Searching keyword: 'Tahini'
  (338/347) Searching keyword: 'Tangerine'
  (339/347) Searching keyword: 'Topping'
  (340/347) Searching keyword: 'Tortilla'
  (341/347) Searching keyword: 'Tuna'
  (342/347) Searching keyword: 'Whipped'
  (343/347) Searching keyword: 'Whiting'
  (344/347) Searching keyword: 'jicama'
  (345/347) Searching keyword: 'Yellow'
  (346/347) Searching keyword: 'bottled water'
  (347/347) Searching keyword: 'bottled spring water'
  Saving and emailing results for store 220...
Payload results saved to G:\.shortcut-targets-by-id\10hwxlrEnEox7VqS6tvo44Q8rX59qZcSg\Drones_MV\UAV Rural Essential Goods Delivery\FOOD_PRICING\Data_Scraping\ACC\ACC_25_11\ACC_220_11_25.csv

Processing ZIP 99749 (store 230)
  (1/347) Searching keyword: 'Gold Medal Flour'
  (2/347) Searching keyword: 'Sugar granulated'
  (3/347) Searching keyword: 'Carnation Evaporated milk'
  (4/347) Searching keyword: 'Cereal Kellogg's corn flakes'
  (5/347) Searching keyword: 'Quaker Oatmeal 18 oz canister'
  (6/347) Searching keyword: 'rice long grain'
  (7/347) Searching keyword: 'White Bread loaf'
  (8/347) Searching keyword: 'Wheat Bread loaf'
  (9/347) Searching keyword: 'Spaghetti'
  (10/347) Searching keyword: 'Tortillas Mission soft taco'
  (11/347) Searching keyword: 'Pilot Bread'
  (12/347) Searching keyword: 'Nabisco saltine crackers'
  (13/347) Searching keyword: 'Ground beef lean'
  (14/347) Searching keyword: 'Chuck roast'
  (15/347) Searching keyword: 'Steak round'
  (16/347) Searching keyword: 'Steak New york'
  (17/347) Searching keyword: 'Chicken whole'
  (18/347) Searching keyword: 'Chicken breast'
  (19/347) Searching keyword: 'Bacon thick'
  (20/347) Searching keyword: 'Pork chops center'
  (21/347) Searching keyword: 'Ham boneless'
  (22/347) Searching keyword: 'Hot Dogs'
  (23/347) Searching keyword: 'Spam'
  (24/347) Searching keyword: 'Tuna light chunk oil'
  (25/347) Searching keyword: 'Eggs 18 count'
  (26/347) Searching keyword: 'Eggs Dozen'
  (27/347) Searching keyword: 'Milk whole 1 gallon'
  (28/347) Searching keyword: 'Milk 2% 1 gallon'
  (29/347) Searching keyword: 'Butter salted'
  (30/347) Searching keyword: 'Tillamook cheddar cheese 2 lb'
  (31/347) Searching keyword: 'Kraft American singles'
  (32/347) Searching keyword: 'Darigold Sour cream 17'
  (33/347) Searching keyword: 'Yoplait Yogurt blueberry'
  (34/347) Searching keyword: 'Vanilla Ice cream'
  (35/347) Searching keyword: 'Red Delicious Apples'
  (36/347) Searching keyword: 'Bananas'
  (37/347) Searching keyword: 'Oranges'
  (38/347) Searching keyword: 'Russet Potatoes'
  (39/347) Searching keyword: 'Iceberg Lettuce'
  (40/347) Searching keyword: 'Tomatoes large'
  (41/347) Searching keyword: 'yellow Onions'
  (42/347) Searching keyword: 'Canned Corn Del Monte'
  (43/347) Searching keyword: 'Canned green beans Del Monte'
  (44/347) Searching keyword: 'Dole Canned mandarin oranges'
  (45/347) Searching keyword: 'Orange juice frozen'
  (46/347) Searching keyword: 'Coke 13'
  (47/347) Searching keyword: 'Pepsi 13'
  (48/347) Searching keyword: '8 Up'
  (49/347) Searching keyword: 'Folgers Coffee'
  (50/347) Searching keyword: 'Lipton Tea bags'
  (51/347) Searching keyword: 'Top Ramen chicken'
  (52/347) Searching keyword: 'Heinz Ketchup'
  (53/347) Searching keyword: 'Smuckers Jelly strawberry'
  (54/347) Searching keyword: 'JIF Peanut Butter creamy'
  (55/347) Searching keyword: 'Vegetable'
  (56/347) Searching keyword: 'Infant Formula'
  (57/347) Searching keyword: 'ground beef'
  (58/347) Searching keyword: 'whole chicken'
  (59/347) Searching keyword: 'bacon'
  (60/347) Searching keyword: 'sausage'
  (61/347) Searching keyword: 'pork chops'
  (62/347) Searching keyword: 'deli meat'
  (63/347) Searching keyword: 'steak'
  (64/347) Searching keyword: 'turkey breast'
  (65/347) Searching keyword: 'ham'
  (66/347) Searching keyword: 'salami'
  (67/347) Searching keyword: 'meatballs'
  (68/347) Searching keyword: 'roast beef'
  (69/347) Searching keyword: 'frozen chicken nuggets'
  (70/347) Searching keyword: 'milk'
  (71/347) Searching keyword: 'eggs'
  (72/347) Searching keyword: 'butter'
  (73/347) Searching keyword: 'sour cream'
  (74/347) Searching keyword: 'shredded cheese'
  (75/347) Searching keyword: 'cream cheese'
  (76/347) Searching keyword: 'yogurt'
  (77/347) Searching keyword: 'cottage cheese'
  (78/347) Searching keyword: 'ice cream'
  (79/347) Searching keyword: 'half and half'
  (80/347) Searching keyword: 'apples'
  (81/347) Searching keyword: 'grapes'
  (82/347) Searching keyword: 'carrots'
  (83/347) Searching keyword: 'tomatoes'
  (84/347) Searching keyword: 'lettuce'
  (85/347) Searching keyword: 'broccoli'
  (86/347) Searching keyword: 'potatoes'
  (87/347) Searching keyword: 'onions'
  (88/347) Searching keyword: 'white bread'
  (89/347) Searching keyword: 'whole wheat bread'
  (90/347) Searching keyword: 'hamburger buns'
  (91/347) Searching keyword: 'tortillas'
  (92/347) Searching keyword: 'bagels'
  (93/347) Searching keyword: 'English muffins'
  (94/347) Searching keyword: 'pita bread'
  (95/347) Searching keyword: 'croissants'
  (96/347) Searching keyword: 'dinner rolls'
  (97/347) Searching keyword: 'gluten free bread'
  (98/347) Searching keyword: 'white rice'
  (99/347) Searching keyword: 'brown rice'
  (100/347) Searching keyword: 'elbow macaroni'
  (101/347) Searching keyword: 'lasagna noodles'
  (102/347) Searching keyword: 'instant rice'
  (103/347) Searching keyword: 'ramen'
  (104/347) Searching keyword: 'quinoa'
  (105/347) Searching keyword: 'couscous'
  (106/347) Searching keyword: 'flour'
  (107/347) Searching keyword: 'canned corn'
  (108/347) Searching keyword: 'canned beans'
  (109/347) Searching keyword: 'peanut butter'
  (110/347) Searching keyword: 'jelly'
  (111/347) Searching keyword: 'mayonnaise'
  (112/347) Searching keyword: 'ketchup'
  (113/347) Searching keyword: 'mustard'
  (114/347) Searching keyword: 'cooking oil'
  (115/347) Searching keyword: 'vinegar'
  (116/347) Searching keyword: 'sugar'
  (117/347) Searching keyword: 'toilet paper'
  (118/347) Searching keyword: 'paper towels'
  (119/347) Searching keyword: 'laundry detergent'
  (120/347) Searching keyword: 'dish soap'
  (121/347) Searching keyword: 'trash bags'
  (122/347) Searching keyword: 'cleaning wipes'
  (123/347) Searching keyword: 'air freshener'
  (124/347) Searching keyword: 'aluminum foil'
  (125/347) Searching keyword: 'ziplock bags'
  (126/347) Searching keyword: 'sponges'
  (127/347) Searching keyword: 'coffee'
  (128/347) Searching keyword: 'tea'
  (129/347) Searching keyword: 'orange juice'
  (130/347) Searching keyword: 'apple juice'
  (131/347) Searching keyword: 'soda'
  (132/347) Searching keyword: 'bottled water'
  (133/347) Searching keyword: 'energy drink'
  (134/347) Searching keyword: 'sports drink'
  (135/347) Searching keyword: 'lemonade'
  (136/347) Searching keyword: 'hot cocoa'
  (137/347) Searching keyword: 'potato chips'
  (138/347) Searching keyword: 'crackers'
  (139/347) Searching keyword: 'cookies'
  (140/347) Searching keyword: 'pretzels'
  (141/347) Searching keyword: 'granola bars'
  (142/347) Searching keyword: 'fruit snacks'
  (143/347) Searching keyword: 'popcorn'
  (144/347) Searching keyword: 'trail mix'
  (145/347) Searching keyword: 'jerky'
  (146/347) Searching keyword: 'nuts'
  (147/347) Searching keyword: 'toothpaste'
  (148/347) Searching keyword: 'shampoo'
  (149/347) Searching keyword: 'bar soap'
  (150/347) Searching keyword: 'deodorant'
  (151/347) Searching keyword: 'razor'
  (152/347) Searching keyword: 'apple'
  (153/347) Searching keyword: 'apricot'
  (154/347) Searching keyword: 'artichoke'
  (155/347) Searching keyword: 'arugula'
  (156/347) Searching keyword: 'asparagus'
  (157/347) Searching keyword: 'avocado'
  (158/347) Searching keyword: 'banana'
  (159/347) Searching keyword: 'beet'
  (160/347) Searching keyword: 'bell pepper'
  (161/347) Searching keyword: 'blackberry'
  (162/347) Searching keyword: 'blueberry'
  (163/347) Searching keyword: 'bok choy'
  (164/347) Searching keyword: 'brussels sprouts'
  (165/347) Searching keyword: 'cabbage'
  (166/347) Searching keyword: 'cantaloupe'
  (167/347) Searching keyword: 'carrot'
  (168/347) Searching keyword: 'cauliflower'
  (169/347) Searching keyword: 'celery'
  (170/347) Searching keyword: 'chard'
  (171/347) Searching keyword: 'cherry'
  (172/347) Searching keyword: 'chili pepper'
  (173/347) Searching keyword: 'collard greens'
  (174/347) Searching keyword: 'cucumber'
  (175/347) Searching keyword: 'eggplant'
  (176/347) Searching keyword: 'endive'
  (177/347) Searching keyword: 'escarole'
  (178/347) Searching keyword: 'fig'
  (179/347) Searching keyword: 'garlic'
  (180/347) Searching keyword: 'ginger'
  (181/347) Searching keyword: 'grape'
  (182/347) Searching keyword: 'grapefruit'
  (183/347) Searching keyword: 'green beans'
  (184/347) Searching keyword: 'green onion'
  (185/347) Searching keyword: 'green pepper'
  (186/347) Searching keyword: 'habanero'
  (187/347) Searching keyword: 'honeydew'
  (188/347) Searching keyword: 'jalapeno'
  (189/347) Searching keyword: 'kale'
  (190/347) Searching keyword: 'kiwi'
  (191/347) Searching keyword: 'leek'
  (192/347) Searching keyword: 'lemon'
  (193/347) Searching keyword: 'lime'
  (194/347) Searching keyword: 'mango'
  (195/347) Searching keyword: 'mushroom'
  (196/347) Searching keyword: 'mustard greens'
  (197/347) Searching keyword: 'nectarine'
  (198/347) Searching keyword: 'okra'
  (199/347) Searching keyword: 'onion'
  (200/347) Searching keyword: 'orange'
  (201/347) Searching keyword: 'papaya'
  (202/347) Searching keyword: 'parsnip'
  (203/347) Searching keyword: 'peach'
  (204/347) Searching keyword: 'pear'
  (205/347) Searching keyword: 'pineapple'
  (206/347) Searching keyword: 'plum'
  (207/347) Searching keyword: 'pomegranate'
  (208/347) Searching keyword: 'potato'
  (209/347) Searching keyword: 'pumpkin'
  (210/347) Searching keyword: 'radicchio'
  (211/347) Searching keyword: 'radish'
  (212/347) Searching keyword: 'raspberry'
  (213/347) Searching keyword: 'red cabbage'
  (214/347) Searching keyword: 'red pepper'
  (215/347) Searching keyword: 'romaine lettuce'
  (216/347) Searching keyword: 'rutabaga'
  (217/347) Searching keyword: 'shallot'
  (218/347) Searching keyword: 'snap peas'
  (219/347) Searching keyword: 'snow peas'
  (220/347) Searching keyword: 'spinach'
  (221/347) Searching keyword: 'squash'
  (222/347) Searching keyword: 'strawberry'
  (223/347) Searching keyword: 'sweet potato'
  (224/347) Searching keyword: 'tomato'
  (225/347) Searching keyword: 'turnip'
  (226/347) Searching keyword: 'watermelon'
  (227/347) Searching keyword: 'yellow pepper'
  (228/347) Searching keyword: 'zucchini'
  (229/347) Searching keyword: 'Almond'
  (230/347) Searching keyword: 'Dressing'
  (231/347) Searching keyword: 'Bagel'
  (232/347) Searching keyword: 'Bean'
  (233/347) Searching keyword: 'Soup'
  (234/347) Searching keyword: 'Beef'
  (235/347) Searching keyword: 'Beverages'
  (236/347) Searching keyword: 'Juice'
  (237/347) Searching keyword: 'Bread'
  (238/347) Searching keyword: 'Breakfast bar'
  (239/347) Searching keyword: 'Burrito'
  (240/347) Searching keyword: 'Cactus'
  (241/347) Searching keyword: 'oil'
  (242/347) Searching keyword: 'Canola'
  (243/347) Searching keyword: 'dip'
  (244/347) Searching keyword: 'Cassava'
  (245/347) Searching keyword: 'granola bar'
  (246/347) Searching keyword: 'Cereal'
  (247/347) Searching keyword: 'Cheese'
  (248/347) Searching keyword: 'Chicken'
  (249/347) Searching keyword: 'Chickpea'
  (250/347) Searching keyword: 'Chili'
  (251/347) Searching keyword: 'Chip'
  (252/347) Searching keyword: 'Chocolate'
  (253/347) Searching keyword: 'syrup'
  (254/347) Searching keyword: 'hazelnut'
  (255/347) Searching keyword: 'Coconut'
  (256/347) Searching keyword: 'Cod'
  (257/347) Searching keyword: 'creamer'
  (258/347) Searching keyword: 'Coleslaw'
  (259/347) Searching keyword: 'Collard'
  (260/347) Searching keyword: 'cilantro'
  (261/347) Searching keyword: 'Corn'
  (262/347) Searching keyword: 'Cowpeas'
  (263/347) Searching keyword: 'Cracker'
  (264/347) Searching keyword: 'Cranberry'
  (265/347) Searching keyword: 'wheat'
  (266/347) Searching keyword: 'Cream'
  (267/347) Searching keyword: 'Egg'
  (268/347) Searching keyword: 'Eggnog'
  (269/347) Searching keyword: 'Fava'
  (270/347) Searching keyword: 'Fish'
  (271/347) Searching keyword: 'Flan'
  (272/347) Searching keyword: 'rice'
  (273/347) Searching keyword: 'hot dog'
  (274/347) Searching keyword: 'Frankfurter'
  (275/347) Searching keyword: 'cocktail'
  (276/347) Searching keyword: 'Fruit juice'
  (277/347) Searching keyword: 'Gelatin'
  (278/347) Searching keyword: 'Goat'
  (279/347) Searching keyword: 'Greens'
  (280/347) Searching keyword: 'Guava'
  (281/347) Searching keyword: 'Hominy'
  (282/347) Searching keyword: 'Honey'
  (283/347) Searching keyword: 'Ice'
  (284/347) Searching keyword: 'Icing'
  (285/347) Searching keyword: 'Italian dressing'
  (286/347) Searching keyword: 'preserve'
  (287/347) Searching keyword: 'Jam'
  (288/347) Searching keyword: 'Lard'
  (289/347) Searching keyword: 'Lentil'
  (290/347) Searching keyword: 'Macaroni'
  (291/347) Searching keyword: 'Margarine'
  (292/347) Searching keyword: 'Marmalade'
  (293/347) Searching keyword: 'Masa harina'
  (294/347) Searching keyword: 'Melon'
  (295/347) Searching keyword: 'Mozzarella'
  (296/347) Searching keyword: 'Multigrain'
  (297/347) Searching keyword: 'Noodle'
  (298/347) Searching keyword: 'Nopal'
  (299/347) Searching keyword: 'Nutrition bar'
  (300/347) Searching keyword: 'Nut'
  (301/347) Searching keyword: 'Oat bran'
  (302/347) Searching keyword: 'Oatmeal'
  (303/347) Searching keyword: 'Parsley'
  (304/347) Searching keyword: 'Passion fruit'
  (305/347) Searching keyword: 'Pasta'
  (306/347) Searching keyword: 'Peanut'
  (307/347) Searching keyword: 'Pea'
  (308/347) Searching keyword: 'Pepper'
  (309/347) Searching keyword: 'Persimmon'
  (310/347) Searching keyword: 'relish'
  (311/347) Searching keyword: 'Pinto'
  (312/347) Searching keyword: 'Pizza'
  (313/347) Searching keyword: 'Plantain'
  (314/347) Searching keyword: 'Poppy seed'
  (315/347) Searching keyword: 'Pork'
  (316/347) Searching keyword: 'Prune'
  (317/347) Searching keyword: 'Pudding'
  (318/347) Searching keyword: 'Ravioli'
  (319/347) Searching keyword: 'kidney'
  (320/347) Searching keyword: 'Roll'
  (321/347) Searching keyword: 'Salad'
  (322/347) Searching keyword: 'Salsa'
  (323/347) Searching keyword: 'Salt'
  (324/347) Searching keyword: 'Sandwich'
  (325/347) Searching keyword: 'Sauce'
  (326/347) Searching keyword: 'Sauerkraut'
  (327/347) Searching keyword: 'Seafood'
  (328/347) Searching keyword: 'Sesame'
  (329/347) Searching keyword: 'Sherbet'
  (330/347) Searching keyword: 'Snack'
  (331/347) Searching keyword: 'Soft drink'
  (332/347) Searching keyword: 'Soy'
  (333/347) Searching keyword: 'Soybean'
  (334/347) Searching keyword: 'Spice'
  (335/347) Searching keyword: 'Strawberries'
  (336/347) Searching keyword: 'Sweetener'
  (337/347) Searching keyword: 'Tahini'
  (338/347) Searching keyword: 'Tangerine'
  (339/347) Searching keyword: 'Topping'
  (340/347) Searching keyword: 'Tortilla'
  (341/347) Searching keyword: 'Tuna'
  (342/347) Searching keyword: 'Whipped'
  (343/347) Searching keyword: 'Whiting'
  (344/347) Searching keyword: 'jicama'
  (345/347) Searching keyword: 'Yellow'
  (346/347) Searching keyword: 'bottled water'
  (347/347) Searching keyword: 'bottled spring water'
  Saving and emailing results for store 230...
Payload results saved to G:\.shortcut-targets-by-id\10hwxlrEnEox7VqS6tvo44Q8rX59qZcSg\Drones_MV\UAV Rural Essential Goods Delivery\FOOD_PRICING\Data_Scraping\ACC\ACC_25_11\ACC_230_11_25.csv

Processing ZIP 99650 (store 231)
  (1/347) Searching keyword: 'Gold Medal Flour'
  (2/347) Searching keyword: 'Sugar granulated'
  (3/347) Searching keyword: 'Carnation Evaporated milk'
  (4/347) Searching keyword: 'Cereal Kellogg's corn flakes'
  (5/347) Searching keyword: 'Quaker Oatmeal 18 oz canister'
  (6/347) Searching keyword: 'rice long grain'
  (7/347) Searching keyword: 'White Bread loaf'
  (8/347) Searching keyword: 'Wheat Bread loaf'
  (9/347) Searching keyword: 'Spaghetti'
  (10/347) Searching keyword: 'Tortillas Mission soft taco'
  (11/347) Searching keyword: 'Pilot Bread'
  (12/347) Searching keyword: 'Nabisco saltine crackers'
  (13/347) Searching keyword: 'Ground beef lean'
  (14/347) Searching keyword: 'Chuck roast'
  (15/347) Searching keyword: 'Steak round'
  (16/347) Searching keyword: 'Steak New york'
  (17/347) Searching keyword: 'Chicken whole'
  (18/347) Searching keyword: 'Chicken breast'
  (19/347) Searching keyword: 'Bacon thick'
  (20/347) Searching keyword: 'Pork chops center'
  (21/347) Searching keyword: 'Ham boneless'
  (22/347) Searching keyword: 'Hot Dogs'
  (23/347) Searching keyword: 'Spam'
  (24/347) Searching keyword: 'Tuna light chunk oil'
  (25/347) Searching keyword: 'Eggs 18 count'
  (26/347) Searching keyword: 'Eggs Dozen'
  (27/347) Searching keyword: 'Milk whole 1 gallon'
  (28/347) Searching keyword: 'Milk 2% 1 gallon'
  (29/347) Searching keyword: 'Butter salted'
  (30/347) Searching keyword: 'Tillamook cheddar cheese 2 lb'
  (31/347) Searching keyword: 'Kraft American singles'
  (32/347) Searching keyword: 'Darigold Sour cream 17'
  (33/347) Searching keyword: 'Yoplait Yogurt blueberry'
  (34/347) Searching keyword: 'Vanilla Ice cream'
  (35/347) Searching keyword: 'Red Delicious Apples'
  (36/347) Searching keyword: 'Bananas'
  (37/347) Searching keyword: 'Oranges'
  (38/347) Searching keyword: 'Russet Potatoes'
  (39/347) Searching keyword: 'Iceberg Lettuce'
  (40/347) Searching keyword: 'Tomatoes large'
  (41/347) Searching keyword: 'yellow Onions'
  (42/347) Searching keyword: 'Canned Corn Del Monte'
  (43/347) Searching keyword: 'Canned green beans Del Monte'
  (44/347) Searching keyword: 'Dole Canned mandarin oranges'
  (45/347) Searching keyword: 'Orange juice frozen'
  (46/347) Searching keyword: 'Coke 13'
  (47/347) Searching keyword: 'Pepsi 13'
  (48/347) Searching keyword: '8 Up'
  (49/347) Searching keyword: 'Folgers Coffee'
  (50/347) Searching keyword: 'Lipton Tea bags'
  (51/347) Searching keyword: 'Top Ramen chicken'
  (52/347) Searching keyword: 'Heinz Ketchup'
  (53/347) Searching keyword: 'Smuckers Jelly strawberry'
  (54/347) Searching keyword: 'JIF Peanut Butter creamy'
  (55/347) Searching keyword: 'Vegetable'
  (56/347) Searching keyword: 'Infant Formula'
  (57/347) Searching keyword: 'ground beef'
  (58/347) Searching keyword: 'whole chicken'
  (59/347) Searching keyword: 'bacon'
  (60/347) Searching keyword: 'sausage'
  (61/347) Searching keyword: 'pork chops'
  (62/347) Searching keyword: 'deli meat'
  (63/347) Searching keyword: 'steak'
  (64/347) Searching keyword: 'turkey breast'
  (65/347) Searching keyword: 'ham'
  (66/347) Searching keyword: 'salami'
  (67/347) Searching keyword: 'meatballs'
  (68/347) Searching keyword: 'roast beef'
  (69/347) Searching keyword: 'frozen chicken nuggets'
  (70/347) Searching keyword: 'milk'
  (71/347) Searching keyword: 'eggs'
  (72/347) Searching keyword: 'butter'
  (73/347) Searching keyword: 'sour cream'
  (74/347) Searching keyword: 'shredded cheese'
  (75/347) Searching keyword: 'cream cheese'
  (76/347) Searching keyword: 'yogurt'
  (77/347) Searching keyword: 'cottage cheese'
  (78/347) Searching keyword: 'ice cream'
  (79/347) Searching keyword: 'half and half'
  (80/347) Searching keyword: 'apples'
  (81/347) Searching keyword: 'grapes'
  (82/347) Searching keyword: 'carrots'
  (83/347) Searching keyword: 'tomatoes'
  (84/347) Searching keyword: 'lettuce'
  (85/347) Searching keyword: 'broccoli'
  (86/347) Searching keyword: 'potatoes'
  (87/347) Searching keyword: 'onions'
  (88/347) Searching keyword: 'white bread'
  (89/347) Searching keyword: 'whole wheat bread'
  (90/347) Searching keyword: 'hamburger buns'
  (91/347) Searching keyword: 'tortillas'
  (92/347) Searching keyword: 'bagels'
  (93/347) Searching keyword: 'English muffins'
  (94/347) Searching keyword: 'pita bread'
  (95/347) Searching keyword: 'croissants'
  (96/347) Searching keyword: 'dinner rolls'
  (97/347) Searching keyword: 'gluten free bread'
  (98/347) Searching keyword: 'white rice'
  (99/347) Searching keyword: 'brown rice'
  (100/347) Searching keyword: 'elbow macaroni'
  (101/347) Searching keyword: 'lasagna noodles'
  (102/347) Searching keyword: 'instant rice'
  (103/347) Searching keyword: 'ramen'
  (104/347) Searching keyword: 'quinoa'
  (105/347) Searching keyword: 'couscous'
  (106/347) Searching keyword: 'flour'
  (107/347) Searching keyword: 'canned corn'
  (108/347) Searching keyword: 'canned beans'
  (109/347) Searching keyword: 'peanut butter'
  (110/347) Searching keyword: 'jelly'
  (111/347) Searching keyword: 'mayonnaise'
  (112/347) Searching keyword: 'ketchup'
  (113/347) Searching keyword: 'mustard'
  (114/347) Searching keyword: 'cooking oil'
  (115/347) Searching keyword: 'vinegar'
  (116/347) Searching keyword: 'sugar'
  (117/347) Searching keyword: 'toilet paper'
  (118/347) Searching keyword: 'paper towels'
  (119/347) Searching keyword: 'laundry detergent'
  (120/347) Searching keyword: 'dish soap'
  (121/347) Searching keyword: 'trash bags'
  (122/347) Searching keyword: 'cleaning wipes'
  (123/347) Searching keyword: 'air freshener'
  (124/347) Searching keyword: 'aluminum foil'
  (125/347) Searching keyword: 'ziplock bags'
  (126/347) Searching keyword: 'sponges'
  (127/347) Searching keyword: 'coffee'
  (128/347) Searching keyword: 'tea'
  (129/347) Searching keyword: 'orange juice'
  (130/347) Searching keyword: 'apple juice'
  (131/347) Searching keyword: 'soda'
  (132/347) Searching keyword: 'bottled water'
  (133/347) Searching keyword: 'energy drink'
  (134/347) Searching keyword: 'sports drink'
  (135/347) Searching keyword: 'lemonade'
  (136/347) Searching keyword: 'hot cocoa'
  (137/347) Searching keyword: 'potato chips'
  (138/347) Searching keyword: 'crackers'
  (139/347) Searching keyword: 'cookies'
  (140/347) Searching keyword: 'pretzels'
  (141/347) Searching keyword: 'granola bars'
  (142/347) Searching keyword: 'fruit snacks'
  (143/347) Searching keyword: 'popcorn'
  (144/347) Searching keyword: 'trail mix'
  (145/347) Searching keyword: 'jerky'
  (146/347) Searching keyword: 'nuts'
  (147/347) Searching keyword: 'toothpaste'
  (148/347) Searching keyword: 'shampoo'
  (149/347) Searching keyword: 'bar soap'
  (150/347) Searching keyword: 'deodorant'
  (151/347) Searching keyword: 'razor'
  (152/347) Searching keyword: 'apple'
  (153/347) Searching keyword: 'apricot'
  (154/347) Searching keyword: 'artichoke'
  (155/347) Searching keyword: 'arugula'
  (156/347) Searching keyword: 'asparagus'
  (157/347) Searching keyword: 'avocado'
  (158/347) Searching keyword: 'banana'
  (159/347) Searching keyword: 'beet'
  (160/347) Searching keyword: 'bell pepper'
  (161/347) Searching keyword: 'blackberry'
  (162/347) Searching keyword: 'blueberry'
  (163/347) Searching keyword: 'bok choy'
  (164/347) Searching keyword: 'brussels sprouts'
  (165/347) Searching keyword: 'cabbage'
  (166/347) Searching keyword: 'cantaloupe'
  (167/347) Searching keyword: 'carrot'
  (168/347) Searching keyword: 'cauliflower'
  (169/347) Searching keyword: 'celery'
  (170/347) Searching keyword: 'chard'
  (171/347) Searching keyword: 'cherry'
  (172/347) Searching keyword: 'chili pepper'
  (173/347) Searching keyword: 'collard greens'
  (174/347) Searching keyword: 'cucumber'
  (175/347) Searching keyword: 'eggplant'
  (176/347) Searching keyword: 'endive'
  (177/347) Searching keyword: 'escarole'
  (178/347) Searching keyword: 'fig'
  (179/347) Searching keyword: 'garlic'
  (180/347) Searching keyword: 'ginger'
  (181/347) Searching keyword: 'grape'
  (182/347) Searching keyword: 'grapefruit'
  (183/347) Searching keyword: 'green beans'
  (184/347) Searching keyword: 'green onion'
  (185/347) Searching keyword: 'green pepper'
  (186/347) Searching keyword: 'habanero'
  (187/347) Searching keyword: 'honeydew'
  (188/347) Searching keyword: 'jalapeno'
  (189/347) Searching keyword: 'kale'
  (190/347) Searching keyword: 'kiwi'
  (191/347) Searching keyword: 'leek'
  (192/347) Searching keyword: 'lemon'
  (193/347) Searching keyword: 'lime'
  (194/347) Searching keyword: 'mango'
  (195/347) Searching keyword: 'mushroom'
  (196/347) Searching keyword: 'mustard greens'
  (197/347) Searching keyword: 'nectarine'
  (198/347) Searching keyword: 'okra'
  (199/347) Searching keyword: 'onion'
  (200/347) Searching keyword: 'orange'
  (201/347) Searching keyword: 'papaya'
  (202/347) Searching keyword: 'parsnip'
  (203/347) Searching keyword: 'peach'
  (204/347) Searching keyword: 'pear'
  (205/347) Searching keyword: 'pineapple'
  (206/347) Searching keyword: 'plum'
  (207/347) Searching keyword: 'pomegranate'
  (208/347) Searching keyword: 'potato'
  (209/347) Searching keyword: 'pumpkin'
  (210/347) Searching keyword: 'radicchio'
  (211/347) Searching keyword: 'radish'
  (212/347) Searching keyword: 'raspberry'
  (213/347) Searching keyword: 'red cabbage'
  (214/347) Searching keyword: 'red pepper'
  (215/347) Searching keyword: 'romaine lettuce'
  (216/347) Searching keyword: 'rutabaga'
  (217/347) Searching keyword: 'shallot'
  (218/347) Searching keyword: 'snap peas'
  (219/347) Searching keyword: 'snow peas'
  (220/347) Searching keyword: 'spinach'
  (221/347) Searching keyword: 'squash'
  (222/347) Searching keyword: 'strawberry'
  (223/347) Searching keyword: 'sweet potato'
  (224/347) Searching keyword: 'tomato'
  (225/347) Searching keyword: 'turnip'
  (226/347) Searching keyword: 'watermelon'
  (227/347) Searching keyword: 'yellow pepper'
  (228/347) Searching keyword: 'zucchini'
  (229/347) Searching keyword: 'Almond'
  (230/347) Searching keyword: 'Dressing'
  (231/347) Searching keyword: 'Bagel'
  (232/347) Searching keyword: 'Bean'
  (233/347) Searching keyword: 'Soup'
  (234/347) Searching keyword: 'Beef'
  (235/347) Searching keyword: 'Beverages'
  (236/347) Searching keyword: 'Juice'
  (237/347) Searching keyword: 'Bread'
  (238/347) Searching keyword: 'Breakfast bar'
  (239/347) Searching keyword: 'Burrito'
  (240/347) Searching keyword: 'Cactus'
  (241/347) Searching keyword: 'oil'
  (242/347) Searching keyword: 'Canola'
  (243/347) Searching keyword: 'dip'
  (244/347) Searching keyword: 'Cassava'
  (245/347) Searching keyword: 'granola bar'
  (246/347) Searching keyword: 'Cereal'
  (247/347) Searching keyword: 'Cheese'
  (248/347) Searching keyword: 'Chicken'
  (249/347) Searching keyword: 'Chickpea'
  (250/347) Searching keyword: 'Chili'
  (251/347) Searching keyword: 'Chip'
  (252/347) Searching keyword: 'Chocolate'
  (253/347) Searching keyword: 'syrup'
  (254/347) Searching keyword: 'hazelnut'
  (255/347) Searching keyword: 'Coconut'
  (256/347) Searching keyword: 'Cod'
  (257/347) Searching keyword: 'creamer'
  (258/347) Searching keyword: 'Coleslaw'
  (259/347) Searching keyword: 'Collard'
  (260/347) Searching keyword: 'cilantro'
  (261/347) Searching keyword: 'Corn'
  (262/347) Searching keyword: 'Cowpeas'
  (263/347) Searching keyword: 'Cracker'
  (264/347) Searching keyword: 'Cranberry'
  (265/347) Searching keyword: 'wheat'
  (266/347) Searching keyword: 'Cream'
  (267/347) Searching keyword: 'Egg'
  (268/347) Searching keyword: 'Eggnog'
  (269/347) Searching keyword: 'Fava'
  (270/347) Searching keyword: 'Fish'
  (271/347) Searching keyword: 'Flan'
  (272/347) Searching keyword: 'rice'
  (273/347) Searching keyword: 'hot dog'
  (274/347) Searching keyword: 'Frankfurter'
  (275/347) Searching keyword: 'cocktail'
  (276/347) Searching keyword: 'Fruit juice'
  (277/347) Searching keyword: 'Gelatin'
  (278/347) Searching keyword: 'Goat'
  (279/347) Searching keyword: 'Greens'
  (280/347) Searching keyword: 'Guava'
  (281/347) Searching keyword: 'Hominy'
  (282/347) Searching keyword: 'Honey'
  (283/347) Searching keyword: 'Ice'
  (284/347) Searching keyword: 'Icing'
  (285/347) Searching keyword: 'Italian dressing'
  (286/347) Searching keyword: 'preserve'
  (287/347) Searching keyword: 'Jam'
  (288/347) Searching keyword: 'Lard'
  (289/347) Searching keyword: 'Lentil'
  (290/347) Searching keyword: 'Macaroni'
  (291/347) Searching keyword: 'Margarine'
  (292/347) Searching keyword: 'Marmalade'
  (293/347) Searching keyword: 'Masa harina'
  (294/347) Searching keyword: 'Melon'
  (295/347) Searching keyword: 'Mozzarella'
  (296/347) Searching keyword: 'Multigrain'
  (297/347) Searching keyword: 'Noodle'
  (298/347) Searching keyword: 'Nopal'
  (299/347) Searching keyword: 'Nutrition bar'
  (300/347) Searching keyword: 'Nut'
  (301/347) Searching keyword: 'Oat bran'
  (302/347) Searching keyword: 'Oatmeal'
  (303/347) Searching keyword: 'Parsley'
  (304/347) Searching keyword: 'Passion fruit'
  (305/347) Searching keyword: 'Pasta'
  (306/347) Searching keyword: 'Peanut'
  (307/347) Searching keyword: 'Pea'
  (308/347) Searching keyword: 'Pepper'
  (309/347) Searching keyword: 'Persimmon'
  (310/347) Searching keyword: 'relish'
  (311/347) Searching keyword: 'Pinto'
  (312/347) Searching keyword: 'Pizza'
  (313/347) Searching keyword: 'Plantain'
  (314/347) Searching keyword: 'Poppy seed'
  (315/347) Searching keyword: 'Pork'
  (316/347) Searching keyword: 'Prune'
  (317/347) Searching keyword: 'Pudding'
  (318/347) Searching keyword: 'Ravioli'
  (319/347) Searching keyword: 'kidney'
  (320/347) Searching keyword: 'Roll'
  (321/347) Searching keyword: 'Salad'
  (322/347) Searching keyword: 'Salsa'
  (323/347) Searching keyword: 'Salt'
  (324/347) Searching keyword: 'Sandwich'
  (325/347) Searching keyword: 'Sauce'
  (326/347) Searching keyword: 'Sauerkraut'
  (327/347) Searching keyword: 'Seafood'
  (328/347) Searching keyword: 'Sesame'
  (329/347) Searching keyword: 'Sherbet'
  (330/347) Searching keyword: 'Snack'
  (331/347) Searching keyword: 'Soft drink'
  (332/347) Searching keyword: 'Soy'
  (333/347) Searching keyword: 'Soybean'
  (334/347) Searching keyword: 'Spice'
  (335/347) Searching keyword: 'Strawberries'
  (336/347) Searching keyword: 'Sweetener'
  (337/347) Searching keyword: 'Tahini'
  (338/347) Searching keyword: 'Tangerine'
  (339/347) Searching keyword: 'Topping'
  (340/347) Searching keyword: 'Tortilla'
  (341/347) Searching keyword: 'Tuna'
  (342/347) Searching keyword: 'Whipped'
  (343/347) Searching keyword: 'Whiting'
  (344/347) Searching keyword: 'jicama'
  (345/347) Searching keyword: 'Yellow'
  (346/347) Searching keyword: 'bottled water'
  (347/347) Searching keyword: 'bottled spring water'
  Saving and emailing results for store 231...
Payload results saved to G:\.shortcut-targets-by-id\10hwxlrEnEox7VqS6tvo44Q8rX59qZcSg\Drones_MV\UAV Rural Essential Goods Delivery\FOOD_PRICING\Data_Scraping\ACC\ACC_25_11\ACC_231_11_25.csv

Processing ZIP 99659 (store 255)
  (1/347) Searching keyword: 'Gold Medal Flour'
  (2/347) Searching keyword: 'Sugar granulated'
  (3/347) Searching keyword: 'Carnation Evaporated milk'
  (4/347) Searching keyword: 'Cereal Kellogg's corn flakes'
  (5/347) Searching keyword: 'Quaker Oatmeal 18 oz canister'
  (6/347) Searching keyword: 'rice long grain'
  (7/347) Searching keyword: 'White Bread loaf'
  (8/347) Searching keyword: 'Wheat Bread loaf'
  (9/347) Searching keyword: 'Spaghetti'
  (10/347) Searching keyword: 'Tortillas Mission soft taco'
  (11/347) Searching keyword: 'Pilot Bread'
  (12/347) Searching keyword: 'Nabisco saltine crackers'
  (13/347) Searching keyword: 'Ground beef lean'
  (14/347) Searching keyword: 'Chuck roast'
  (15/347) Searching keyword: 'Steak round'
  (16/347) Searching keyword: 'Steak New york'
  (17/347) Searching keyword: 'Chicken whole'
  (18/347) Searching keyword: 'Chicken breast'
  (19/347) Searching keyword: 'Bacon thick'
  (20/347) Searching keyword: 'Pork chops center'
  (21/347) Searching keyword: 'Ham boneless'
  (22/347) Searching keyword: 'Hot Dogs'
  (23/347) Searching keyword: 'Spam'
  (24/347) Searching keyword: 'Tuna light chunk oil'
  (25/347) Searching keyword: 'Eggs 18 count'
  (26/347) Searching keyword: 'Eggs Dozen'
  (27/347) Searching keyword: 'Milk whole 1 gallon'
  (28/347) Searching keyword: 'Milk 2% 1 gallon'
  (29/347) Searching keyword: 'Butter salted'
  (30/347) Searching keyword: 'Tillamook cheddar cheese 2 lb'
  (31/347) Searching keyword: 'Kraft American singles'
  (32/347) Searching keyword: 'Darigold Sour cream 17'
  (33/347) Searching keyword: 'Yoplait Yogurt blueberry'
  (34/347) Searching keyword: 'Vanilla Ice cream'
  (35/347) Searching keyword: 'Red Delicious Apples'
  (36/347) Searching keyword: 'Bananas'
  (37/347) Searching keyword: 'Oranges'
  (38/347) Searching keyword: 'Russet Potatoes'
  (39/347) Searching keyword: 'Iceberg Lettuce'
  (40/347) Searching keyword: 'Tomatoes large'
  (41/347) Searching keyword: 'yellow Onions'
  (42/347) Searching keyword: 'Canned Corn Del Monte'
  (43/347) Searching keyword: 'Canned green beans Del Monte'
  (44/347) Searching keyword: 'Dole Canned mandarin oranges'
  (45/347) Searching keyword: 'Orange juice frozen'
  (46/347) Searching keyword: 'Coke 13'
  (47/347) Searching keyword: 'Pepsi 13'
  (48/347) Searching keyword: '8 Up'
  (49/347) Searching keyword: 'Folgers Coffee'
  (50/347) Searching keyword: 'Lipton Tea bags'
  (51/347) Searching keyword: 'Top Ramen chicken'
  (52/347) Searching keyword: 'Heinz Ketchup'
  (53/347) Searching keyword: 'Smuckers Jelly strawberry'
  (54/347) Searching keyword: 'JIF Peanut Butter creamy'
  (55/347) Searching keyword: 'Vegetable'
  (56/347) Searching keyword: 'Infant Formula'
  (57/347) Searching keyword: 'ground beef'
  (58/347) Searching keyword: 'whole chicken'
  (59/347) Searching keyword: 'bacon'
  (60/347) Searching keyword: 'sausage'
  (61/347) Searching keyword: 'pork chops'
  (62/347) Searching keyword: 'deli meat'
  (63/347) Searching keyword: 'steak'
  (64/347) Searching keyword: 'turkey breast'
  (65/347) Searching keyword: 'ham'
  (66/347) Searching keyword: 'salami'
  (67/347) Searching keyword: 'meatballs'
  (68/347) Searching keyword: 'roast beef'
  (69/347) Searching keyword: 'frozen chicken nuggets'
  (70/347) Searching keyword: 'milk'
  (71/347) Searching keyword: 'eggs'
  (72/347) Searching keyword: 'butter'
  (73/347) Searching keyword: 'sour cream'
  (74/347) Searching keyword: 'shredded cheese'
  (75/347) Searching keyword: 'cream cheese'
  (76/347) Searching keyword: 'yogurt'
  (77/347) Searching keyword: 'cottage cheese'
  (78/347) Searching keyword: 'ice cream'
  (79/347) Searching keyword: 'half and half'
  (80/347) Searching keyword: 'apples'
  (81/347) Searching keyword: 'grapes'
  (82/347) Searching keyword: 'carrots'
  (83/347) Searching keyword: 'tomatoes'
  (84/347) Searching keyword: 'lettuce'
  (85/347) Searching keyword: 'broccoli'
  (86/347) Searching keyword: 'potatoes'
  (87/347) Searching keyword: 'onions'
  (88/347) Searching keyword: 'white bread'
  (89/347) Searching keyword: 'whole wheat bread'
  (90/347) Searching keyword: 'hamburger buns'
  (91/347) Searching keyword: 'tortillas'
  (92/347) Searching keyword: 'bagels'
  (93/347) Searching keyword: 'English muffins'
  (94/347) Searching keyword: 'pita bread'
  (95/347) Searching keyword: 'croissants'
  (96/347) Searching keyword: 'dinner rolls'
  (97/347) Searching keyword: 'gluten free bread'
  (98/347) Searching keyword: 'white rice'
  (99/347) Searching keyword: 'brown rice'
  (100/347) Searching keyword: 'elbow macaroni'
  (101/347) Searching keyword: 'lasagna noodles'
  (102/347) Searching keyword: 'instant rice'
  (103/347) Searching keyword: 'ramen'
  (104/347) Searching keyword: 'quinoa'
  (105/347) Searching keyword: 'couscous'
  (106/347) Searching keyword: 'flour'
  (107/347) Searching keyword: 'canned corn'
  (108/347) Searching keyword: 'canned beans'
  (109/347) Searching keyword: 'peanut butter'
  (110/347) Searching keyword: 'jelly'
  (111/347) Searching keyword: 'mayonnaise'
  (112/347) Searching keyword: 'ketchup'
  (113/347) Searching keyword: 'mustard'
  (114/347) Searching keyword: 'cooking oil'
  (115/347) Searching keyword: 'vinegar'
  (116/347) Searching keyword: 'sugar'
  (117/347) Searching keyword: 'toilet paper'
  (118/347) Searching keyword: 'paper towels'
  (119/347) Searching keyword: 'laundry detergent'
  (120/347) Searching keyword: 'dish soap'
  (121/347) Searching keyword: 'trash bags'
  (122/347) Searching keyword: 'cleaning wipes'
  (123/347) Searching keyword: 'air freshener'
  (124/347) Searching keyword: 'aluminum foil'
  (125/347) Searching keyword: 'ziplock bags'
  (126/347) Searching keyword: 'sponges'
  (127/347) Searching keyword: 'coffee'
  (128/347) Searching keyword: 'tea'
  (129/347) Searching keyword: 'orange juice'
  (130/347) Searching keyword: 'apple juice'
  (131/347) Searching keyword: 'soda'
  (132/347) Searching keyword: 'bottled water'
  (133/347) Searching keyword: 'energy drink'
  (134/347) Searching keyword: 'sports drink'
  (135/347) Searching keyword: 'lemonade'
  (136/347) Searching keyword: 'hot cocoa'
  (137/347) Searching keyword: 'potato chips'
  (138/347) Searching keyword: 'crackers'
  (139/347) Searching keyword: 'cookies'
  (140/347) Searching keyword: 'pretzels'
  (141/347) Searching keyword: 'granola bars'
  (142/347) Searching keyword: 'fruit snacks'
  (143/347) Searching keyword: 'popcorn'
  (144/347) Searching keyword: 'trail mix'
  (145/347) Searching keyword: 'jerky'
  (146/347) Searching keyword: 'nuts'
  (147/347) Searching keyword: 'toothpaste'
  (148/347) Searching keyword: 'shampoo'
  (149/347) Searching keyword: 'bar soap'
  (150/347) Searching keyword: 'deodorant'
  (151/347) Searching keyword: 'razor'
  (152/347) Searching keyword: 'apple'
  (153/347) Searching keyword: 'apricot'
  (154/347) Searching keyword: 'artichoke'
  (155/347) Searching keyword: 'arugula'
  (156/347) Searching keyword: 'asparagus'
  (157/347) Searching keyword: 'avocado'
  (158/347) Searching keyword: 'banana'
  (159/347) Searching keyword: 'beet'
  (160/347) Searching keyword: 'bell pepper'
  (161/347) Searching keyword: 'blackberry'
  (162/347) Searching keyword: 'blueberry'
  (163/347) Searching keyword: 'bok choy'
  (164/347) Searching keyword: 'brussels sprouts'
  (165/347) Searching keyword: 'cabbage'
  (166/347) Searching keyword: 'cantaloupe'
  (167/347) Searching keyword: 'carrot'
  (168/347) Searching keyword: 'cauliflower'
  (169/347) Searching keyword: 'celery'
  (170/347) Searching keyword: 'chard'
  (171/347) Searching keyword: 'cherry'
  (172/347) Searching keyword: 'chili pepper'
  (173/347) Searching keyword: 'collard greens'
  (174/347) Searching keyword: 'cucumber'
  (175/347) Searching keyword: 'eggplant'
  (176/347) Searching keyword: 'endive'
  (177/347) Searching keyword: 'escarole'
  (178/347) Searching keyword: 'fig'
  (179/347) Searching keyword: 'garlic'
  (180/347) Searching keyword: 'ginger'
  (181/347) Searching keyword: 'grape'
  (182/347) Searching keyword: 'grapefruit'
  (183/347) Searching keyword: 'green beans'
  (184/347) Searching keyword: 'green onion'
  (185/347) Searching keyword: 'green pepper'
  (186/347) Searching keyword: 'habanero'
  (187/347) Searching keyword: 'honeydew'
  (188/347) Searching keyword: 'jalapeno'
  (189/347) Searching keyword: 'kale'
  (190/347) Searching keyword: 'kiwi'
  (191/347) Searching keyword: 'leek'
  (192/347) Searching keyword: 'lemon'
  (193/347) Searching keyword: 'lime'
  (194/347) Searching keyword: 'mango'
  (195/347) Searching keyword: 'mushroom'
  (196/347) Searching keyword: 'mustard greens'
  (197/347) Searching keyword: 'nectarine'
  (198/347) Searching keyword: 'okra'
  (199/347) Searching keyword: 'onion'
  (200/347) Searching keyword: 'orange'
  (201/347) Searching keyword: 'papaya'
  (202/347) Searching keyword: 'parsnip'
  (203/347) Searching keyword: 'peach'
  (204/347) Searching keyword: 'pear'
  (205/347) Searching keyword: 'pineapple'
  (206/347) Searching keyword: 'plum'
  (207/347) Searching keyword: 'pomegranate'
  (208/347) Searching keyword: 'potato'
  (209/347) Searching keyword: 'pumpkin'
  (210/347) Searching keyword: 'radicchio'
  (211/347) Searching keyword: 'radish'
  (212/347) Searching keyword: 'raspberry'
  (213/347) Searching keyword: 'red cabbage'
  (214/347) Searching keyword: 'red pepper'
  (215/347) Searching keyword: 'romaine lettuce'
  (216/347) Searching keyword: 'rutabaga'
  (217/347) Searching keyword: 'shallot'
  (218/347) Searching keyword: 'snap peas'
  (219/347) Searching keyword: 'snow peas'
  (220/347) Searching keyword: 'spinach'
  (221/347) Searching keyword: 'squash'
  (222/347) Searching keyword: 'strawberry'
  (223/347) Searching keyword: 'sweet potato'
  (224/347) Searching keyword: 'tomato'
  (225/347) Searching keyword: 'turnip'
  (226/347) Searching keyword: 'watermelon'
  (227/347) Searching keyword: 'yellow pepper'
  (228/347) Searching keyword: 'zucchini'
  (229/347) Searching keyword: 'Almond'
  (230/347) Searching keyword: 'Dressing'
  (231/347) Searching keyword: 'Bagel'
  (232/347) Searching keyword: 'Bean'
  (233/347) Searching keyword: 'Soup'
  (234/347) Searching keyword: 'Beef'
  (235/347) Searching keyword: 'Beverages'
  (236/347) Searching keyword: 'Juice'
  (237/347) Searching keyword: 'Bread'
  (238/347) Searching keyword: 'Breakfast bar'
  (239/347) Searching keyword: 'Burrito'
  (240/347) Searching keyword: 'Cactus'
  (241/347) Searching keyword: 'oil'
  (242/347) Searching keyword: 'Canola'
  (243/347) Searching keyword: 'dip'
  (244/347) Searching keyword: 'Cassava'
  (245/347) Searching keyword: 'granola bar'
  (246/347) Searching keyword: 'Cereal'
  (247/347) Searching keyword: 'Cheese'
  (248/347) Searching keyword: 'Chicken'
  (249/347) Searching keyword: 'Chickpea'
  (250/347) Searching keyword: 'Chili'
  (251/347) Searching keyword: 'Chip'
  (252/347) Searching keyword: 'Chocolate'
  (253/347) Searching keyword: 'syrup'
  (254/347) Searching keyword: 'hazelnut'
  (255/347) Searching keyword: 'Coconut'
  (256/347) Searching keyword: 'Cod'
  (257/347) Searching keyword: 'creamer'
  (258/347) Searching keyword: 'Coleslaw'
  (259/347) Searching keyword: 'Collard'
  (260/347) Searching keyword: 'cilantro'
  (261/347) Searching keyword: 'Corn'
  (262/347) Searching keyword: 'Cowpeas'
  (263/347) Searching keyword: 'Cracker'
  (264/347) Searching keyword: 'Cranberry'
  (265/347) Searching keyword: 'wheat'
  (266/347) Searching keyword: 'Cream'
  (267/347) Searching keyword: 'Egg'
  (268/347) Searching keyword: 'Eggnog'
  (269/347) Searching keyword: 'Fava'
  (270/347) Searching keyword: 'Fish'
  (271/347) Searching keyword: 'Flan'
  (272/347) Searching keyword: 'rice'
  (273/347) Searching keyword: 'hot dog'
  (274/347) Searching keyword: 'Frankfurter'
  (275/347) Searching keyword: 'cocktail'
  (276/347) Searching keyword: 'Fruit juice'
  (277/347) Searching keyword: 'Gelatin'
  (278/347) Searching keyword: 'Goat'
  (279/347) Searching keyword: 'Greens'
  (280/347) Searching keyword: 'Guava'
  (281/347) Searching keyword: 'Hominy'
  (282/347) Searching keyword: 'Honey'
  (283/347) Searching keyword: 'Ice'
  (284/347) Searching keyword: 'Icing'
  (285/347) Searching keyword: 'Italian dressing'
  (286/347) Searching keyword: 'preserve'
  (287/347) Searching keyword: 'Jam'
  (288/347) Searching keyword: 'Lard'
  (289/347) Searching keyword: 'Lentil'
  (290/347) Searching keyword: 'Macaroni'
  (291/347) Searching keyword: 'Margarine'
  (292/347) Searching keyword: 'Marmalade'
  (293/347) Searching keyword: 'Masa harina'
  (294/347) Searching keyword: 'Melon'
  (295/347) Searching keyword: 'Mozzarella'
  (296/347) Searching keyword: 'Multigrain'
  (297/347) Searching keyword: 'Noodle'
  (298/347) Searching keyword: 'Nopal'
  (299/347) Searching keyword: 'Nutrition bar'
  (300/347) Searching keyword: 'Nut'
  (301/347) Searching keyword: 'Oat bran'
  (302/347) Searching keyword: 'Oatmeal'
  (303/347) Searching keyword: 'Parsley'
  (304/347) Searching keyword: 'Passion fruit'
  (305/347) Searching keyword: 'Pasta'
  (306/347) Searching keyword: 'Peanut'
  (307/347) Searching keyword: 'Pea'
  (308/347) Searching keyword: 'Pepper'
  (309/347) Searching keyword: 'Persimmon'
  (310/347) Searching keyword: 'relish'
  (311/347) Searching keyword: 'Pinto'
  (312/347) Searching keyword: 'Pizza'
  (313/347) Searching keyword: 'Plantain'
  (314/347) Searching keyword: 'Poppy seed'
  (315/347) Searching keyword: 'Pork'
  (316/347) Searching keyword: 'Prune'
  (317/347) Searching keyword: 'Pudding'
  (318/347) Searching keyword: 'Ravioli'
  (319/347) Searching keyword: 'kidney'
  (320/347) Searching keyword: 'Roll'
  (321/347) Searching keyword: 'Salad'
  (322/347) Searching keyword: 'Salsa'
  (323/347) Searching keyword: 'Salt'
  (324/347) Searching keyword: 'Sandwich'
  (325/347) Searching keyword: 'Sauce'
  (326/347) Searching keyword: 'Sauerkraut'
  (327/347) Searching keyword: 'Seafood'
  (328/347) Searching keyword: 'Sesame'
  (329/347) Searching keyword: 'Sherbet'
  (330/347) Searching keyword: 'Snack'
  (331/347) Searching keyword: 'Soft drink'
  (332/347) Searching keyword: 'Soy'
  (333/347) Searching keyword: 'Soybean'
  (334/347) Searching keyword: 'Spice'
  (335/347) Searching keyword: 'Strawberries'
  (336/347) Searching keyword: 'Sweetener'
  (337/347) Searching keyword: 'Tahini'
  (338/347) Searching keyword: 'Tangerine'
  (339/347) Searching keyword: 'Topping'
  (340/347) Searching keyword: 'Tortilla'
  (341/347) Searching keyword: 'Tuna'
  (342/347) Searching keyword: 'Whipped'
  (343/347) Searching keyword: 'Whiting'
  (344/347) Searching keyword: 'jicama'
  (345/347) Searching keyword: 'Yellow'
  (346/347) Searching keyword: 'bottled water'
  (347/347) Searching keyword: 'bottled spring water'
  Saving and emailing results for store 255...
Payload results saved to G:\.shortcut-targets-by-id\10hwxlrEnEox7VqS6tvo44Q8rX59qZcSg\Drones_MV\UAV Rural Essential Goods Delivery\FOOD_PRICING\Data_Scraping\ACC\ACC_25_11\ACC_255_11_25.csv

Processing ZIP 99658 (store 265)
  (1/347) Searching keyword: 'Gold Medal Flour'
  (2/347) Searching keyword: 'Sugar granulated'
  (3/347) Searching keyword: 'Carnation Evaporated milk'
  (4/347) Searching keyword: 'Cereal Kellogg's corn flakes'
  (5/347) Searching keyword: 'Quaker Oatmeal 18 oz canister'
  (6/347) Searching keyword: 'rice long grain'
  (7/347) Searching keyword: 'White Bread loaf'
  (8/347) Searching keyword: 'Wheat Bread loaf'
  (9/347) Searching keyword: 'Spaghetti'
  (10/347) Searching keyword: 'Tortillas Mission soft taco'
  (11/347) Searching keyword: 'Pilot Bread'
  (12/347) Searching keyword: 'Nabisco saltine crackers'
  (13/347) Searching keyword: 'Ground beef lean'
  (14/347) Searching keyword: 'Chuck roast'
  (15/347) Searching keyword: 'Steak round'
  (16/347) Searching keyword: 'Steak New york'
  (17/347) Searching keyword: 'Chicken whole'
  (18/347) Searching keyword: 'Chicken breast'
  (19/347) Searching keyword: 'Bacon thick'
  (20/347) Searching keyword: 'Pork chops center'
  (21/347) Searching keyword: 'Ham boneless'
  (22/347) Searching keyword: 'Hot Dogs'
  (23/347) Searching keyword: 'Spam'
  (24/347) Searching keyword: 'Tuna light chunk oil'
  (25/347) Searching keyword: 'Eggs 18 count'
  (26/347) Searching keyword: 'Eggs Dozen'
  (27/347) Searching keyword: 'Milk whole 1 gallon'
  (28/347) Searching keyword: 'Milk 2% 1 gallon'
  (29/347) Searching keyword: 'Butter salted'
  (30/347) Searching keyword: 'Tillamook cheddar cheese 2 lb'
  (31/347) Searching keyword: 'Kraft American singles'
  (32/347) Searching keyword: 'Darigold Sour cream 17'
  (33/347) Searching keyword: 'Yoplait Yogurt blueberry'
  (34/347) Searching keyword: 'Vanilla Ice cream'
  (35/347) Searching keyword: 'Red Delicious Apples'
  (36/347) Searching keyword: 'Bananas'
  (37/347) Searching keyword: 'Oranges'
  (38/347) Searching keyword: 'Russet Potatoes'
  (39/347) Searching keyword: 'Iceberg Lettuce'
  (40/347) Searching keyword: 'Tomatoes large'
  (41/347) Searching keyword: 'yellow Onions'
  (42/347) Searching keyword: 'Canned Corn Del Monte'
  (43/347) Searching keyword: 'Canned green beans Del Monte'
  (44/347) Searching keyword: 'Dole Canned mandarin oranges'
  (45/347) Searching keyword: 'Orange juice frozen'
  (46/347) Searching keyword: 'Coke 13'
  (47/347) Searching keyword: 'Pepsi 13'
  (48/347) Searching keyword: '8 Up'
  (49/347) Searching keyword: 'Folgers Coffee'
  (50/347) Searching keyword: 'Lipton Tea bags'
  (51/347) Searching keyword: 'Top Ramen chicken'
  (52/347) Searching keyword: 'Heinz Ketchup'
  (53/347) Searching keyword: 'Smuckers Jelly strawberry'
  (54/347) Searching keyword: 'JIF Peanut Butter creamy'
  (55/347) Searching keyword: 'Vegetable'
  (56/347) Searching keyword: 'Infant Formula'
  (57/347) Searching keyword: 'ground beef'
  (58/347) Searching keyword: 'whole chicken'
  (59/347) Searching keyword: 'bacon'
  (60/347) Searching keyword: 'sausage'
  (61/347) Searching keyword: 'pork chops'
  (62/347) Searching keyword: 'deli meat'
  (63/347) Searching keyword: 'steak'
  (64/347) Searching keyword: 'turkey breast'
  (65/347) Searching keyword: 'ham'
  (66/347) Searching keyword: 'salami'
  (67/347) Searching keyword: 'meatballs'
  (68/347) Searching keyword: 'roast beef'
  (69/347) Searching keyword: 'frozen chicken nuggets'
  (70/347) Searching keyword: 'milk'
  (71/347) Searching keyword: 'eggs'
  (72/347) Searching keyword: 'butter'
  (73/347) Searching keyword: 'sour cream'
  (74/347) Searching keyword: 'shredded cheese'
  (75/347) Searching keyword: 'cream cheese'
  (76/347) Searching keyword: 'yogurt'
  (77/347) Searching keyword: 'cottage cheese'
  (78/347) Searching keyword: 'ice cream'
  (79/347) Searching keyword: 'half and half'
  (80/347) Searching keyword: 'apples'
  (81/347) Searching keyword: 'grapes'
  (82/347) Searching keyword: 'carrots'
  (83/347) Searching keyword: 'tomatoes'
  (84/347) Searching keyword: 'lettuce'
  (85/347) Searching keyword: 'broccoli'
  (86/347) Searching keyword: 'potatoes'
  (87/347) Searching keyword: 'onions'
  (88/347) Searching keyword: 'white bread'
  (89/347) Searching keyword: 'whole wheat bread'
  (90/347) Searching keyword: 'hamburger buns'
  (91/347) Searching keyword: 'tortillas'
  (92/347) Searching keyword: 'bagels'
  (93/347) Searching keyword: 'English muffins'
  (94/347) Searching keyword: 'pita bread'
  (95/347) Searching keyword: 'croissants'
  (96/347) Searching keyword: 'dinner rolls'
  (97/347) Searching keyword: 'gluten free bread'
  (98/347) Searching keyword: 'white rice'
  (99/347) Searching keyword: 'brown rice'
  (100/347) Searching keyword: 'elbow macaroni'
  (101/347) Searching keyword: 'lasagna noodles'
  (102/347) Searching keyword: 'instant rice'
  (103/347) Searching keyword: 'ramen'
  (104/347) Searching keyword: 'quinoa'
  (105/347) Searching keyword: 'couscous'
  (106/347) Searching keyword: 'flour'
  (107/347) Searching keyword: 'canned corn'
  (108/347) Searching keyword: 'canned beans'
  (109/347) Searching keyword: 'peanut butter'
  (110/347) Searching keyword: 'jelly'
  (111/347) Searching keyword: 'mayonnaise'
  (112/347) Searching keyword: 'ketchup'
  (113/347) Searching keyword: 'mustard'
  (114/347) Searching keyword: 'cooking oil'
  (115/347) Searching keyword: 'vinegar'
  (116/347) Searching keyword: 'sugar'
  (117/347) Searching keyword: 'toilet paper'
  (118/347) Searching keyword: 'paper towels'
  (119/347) Searching keyword: 'laundry detergent'
  (120/347) Searching keyword: 'dish soap'
  (121/347) Searching keyword: 'trash bags'
  (122/347) Searching keyword: 'cleaning wipes'
  (123/347) Searching keyword: 'air freshener'
  (124/347) Searching keyword: 'aluminum foil'
  (125/347) Searching keyword: 'ziplock bags'
  (126/347) Searching keyword: 'sponges'
  (127/347) Searching keyword: 'coffee'
  (128/347) Searching keyword: 'tea'
  (129/347) Searching keyword: 'orange juice'
  (130/347) Searching keyword: 'apple juice'
  (131/347) Searching keyword: 'soda'
  (132/347) Searching keyword: 'bottled water'
  (133/347) Searching keyword: 'energy drink'
  (134/347) Searching keyword: 'sports drink'
  (135/347) Searching keyword: 'lemonade'
  (136/347) Searching keyword: 'hot cocoa'
  (137/347) Searching keyword: 'potato chips'
  (138/347) Searching keyword: 'crackers'
  (139/347) Searching keyword: 'cookies'
  (140/347) Searching keyword: 'pretzels'
  (141/347) Searching keyword: 'granola bars'
  (142/347) Searching keyword: 'fruit snacks'
  (143/347) Searching keyword: 'popcorn'
  (144/347) Searching keyword: 'trail mix'
  (145/347) Searching keyword: 'jerky'
  (146/347) Searching keyword: 'nuts'
  (147/347) Searching keyword: 'toothpaste'
  (148/347) Searching keyword: 'shampoo'
  (149/347) Searching keyword: 'bar soap'
  (150/347) Searching keyword: 'deodorant'
  (151/347) Searching keyword: 'razor'
  (152/347) Searching keyword: 'apple'
  (153/347) Searching keyword: 'apricot'
  (154/347) Searching keyword: 'artichoke'
  (155/347) Searching keyword: 'arugula'
  (156/347) Searching keyword: 'asparagus'
  (157/347) Searching keyword: 'avocado'
  (158/347) Searching keyword: 'banana'
  (159/347) Searching keyword: 'beet'
  (160/347) Searching keyword: 'bell pepper'
  (161/347) Searching keyword: 'blackberry'
  (162/347) Searching keyword: 'blueberry'
  (163/347) Searching keyword: 'bok choy'
  (164/347) Searching keyword: 'brussels sprouts'
  (165/347) Searching keyword: 'cabbage'
  (166/347) Searching keyword: 'cantaloupe'
  (167/347) Searching keyword: 'carrot'
  (168/347) Searching keyword: 'cauliflower'
  (169/347) Searching keyword: 'celery'
  (170/347) Searching keyword: 'chard'
  (171/347) Searching keyword: 'cherry'
  (172/347) Searching keyword: 'chili pepper'
  (173/347) Searching keyword: 'collard greens'
  (174/347) Searching keyword: 'cucumber'
  (175/347) Searching keyword: 'eggplant'
  (176/347) Searching keyword: 'endive'
  (177/347) Searching keyword: 'escarole'
  (178/347) Searching keyword: 'fig'
  (179/347) Searching keyword: 'garlic'
  (180/347) Searching keyword: 'ginger'
  (181/347) Searching keyword: 'grape'
  (182/347) Searching keyword: 'grapefruit'
  (183/347) Searching keyword: 'green beans'
  (184/347) Searching keyword: 'green onion'
  (185/347) Searching keyword: 'green pepper'
  (186/347) Searching keyword: 'habanero'
  (187/347) Searching keyword: 'honeydew'
  (188/347) Searching keyword: 'jalapeno'
  (189/347) Searching keyword: 'kale'
  (190/347) Searching keyword: 'kiwi'
  (191/347) Searching keyword: 'leek'
  (192/347) Searching keyword: 'lemon'
  (193/347) Searching keyword: 'lime'
  (194/347) Searching keyword: 'mango'
  (195/347) Searching keyword: 'mushroom'
  (196/347) Searching keyword: 'mustard greens'
  (197/347) Searching keyword: 'nectarine'
  (198/347) Searching keyword: 'okra'
  (199/347) Searching keyword: 'onion'
  (200/347) Searching keyword: 'orange'
  (201/347) Searching keyword: 'papaya'
  (202/347) Searching keyword: 'parsnip'
  (203/347) Searching keyword: 'peach'
  (204/347) Searching keyword: 'pear'
  (205/347) Searching keyword: 'pineapple'
  (206/347) Searching keyword: 'plum'
  (207/347) Searching keyword: 'pomegranate'
  (208/347) Searching keyword: 'potato'
  (209/347) Searching keyword: 'pumpkin'
  (210/347) Searching keyword: 'radicchio'
  (211/347) Searching keyword: 'radish'
  (212/347) Searching keyword: 'raspberry'
  (213/347) Searching keyword: 'red cabbage'
  (214/347) Searching keyword: 'red pepper'
  (215/347) Searching keyword: 'romaine lettuce'
  (216/347) Searching keyword: 'rutabaga'
  (217/347) Searching keyword: 'shallot'
  (218/347) Searching keyword: 'snap peas'
  (219/347) Searching keyword: 'snow peas'
  (220/347) Searching keyword: 'spinach'
  (221/347) Searching keyword: 'squash'
  (222/347) Searching keyword: 'strawberry'
  (223/347) Searching keyword: 'sweet potato'
  (224/347) Searching keyword: 'tomato'
  (225/347) Searching keyword: 'turnip'
  (226/347) Searching keyword: 'watermelon'
  (227/347) Searching keyword: 'yellow pepper'
  (228/347) Searching keyword: 'zucchini'
  (229/347) Searching keyword: 'Almond'
  (230/347) Searching keyword: 'Dressing'
  (231/347) Searching keyword: 'Bagel'
  (232/347) Searching keyword: 'Bean'
  (233/347) Searching keyword: 'Soup'
  (234/347) Searching keyword: 'Beef'
  (235/347) Searching keyword: 'Beverages'
  (236/347) Searching keyword: 'Juice'
  (237/347) Searching keyword: 'Bread'
  (238/347) Searching keyword: 'Breakfast bar'
  (239/347) Searching keyword: 'Burrito'
  (240/347) Searching keyword: 'Cactus'
  (241/347) Searching keyword: 'oil'
  (242/347) Searching keyword: 'Canola'
  (243/347) Searching keyword: 'dip'
  (244/347) Searching keyword: 'Cassava'
  (245/347) Searching keyword: 'granola bar'
  (246/347) Searching keyword: 'Cereal'
  (247/347) Searching keyword: 'Cheese'
  (248/347) Searching keyword: 'Chicken'
  (249/347) Searching keyword: 'Chickpea'
  (250/347) Searching keyword: 'Chili'
  (251/347) Searching keyword: 'Chip'
  (252/347) Searching keyword: 'Chocolate'
  (253/347) Searching keyword: 'syrup'
  (254/347) Searching keyword: 'hazelnut'
  (255/347) Searching keyword: 'Coconut'
  (256/347) Searching keyword: 'Cod'
  (257/347) Searching keyword: 'creamer'
  (258/347) Searching keyword: 'Coleslaw'
  (259/347) Searching keyword: 'Collard'
  (260/347) Searching keyword: 'cilantro'
  (261/347) Searching keyword: 'Corn'
  (262/347) Searching keyword: 'Cowpeas'
  (263/347) Searching keyword: 'Cracker'
  (264/347) Searching keyword: 'Cranberry'
  (265/347) Searching keyword: 'wheat'
  (266/347) Searching keyword: 'Cream'
  (267/347) Searching keyword: 'Egg'
  (268/347) Searching keyword: 'Eggnog'
  (269/347) Searching keyword: 'Fava'
  (270/347) Searching keyword: 'Fish'
  (271/347) Searching keyword: 'Flan'
  (272/347) Searching keyword: 'rice'
  (273/347) Searching keyword: 'hot dog'
  (274/347) Searching keyword: 'Frankfurter'
  (275/347) Searching keyword: 'cocktail'
  (276/347) Searching keyword: 'Fruit juice'
  (277/347) Searching keyword: 'Gelatin'
  (278/347) Searching keyword: 'Goat'
  (279/347) Searching keyword: 'Greens'
  (280/347) Searching keyword: 'Guava'
  (281/347) Searching keyword: 'Hominy'
  (282/347) Searching keyword: 'Honey'
  (283/347) Searching keyword: 'Ice'
  (284/347) Searching keyword: 'Icing'
  (285/347) Searching keyword: 'Italian dressing'
  (286/347) Searching keyword: 'preserve'
  (287/347) Searching keyword: 'Jam'
  (288/347) Searching keyword: 'Lard'
  (289/347) Searching keyword: 'Lentil'
  (290/347) Searching keyword: 'Macaroni'
  (291/347) Searching keyword: 'Margarine'
  (292/347) Searching keyword: 'Marmalade'
  (293/347) Searching keyword: 'Masa harina'
  (294/347) Searching keyword: 'Melon'
  (295/347) Searching keyword: 'Mozzarella'
  (296/347) Searching keyword: 'Multigrain'
  (297/347) Searching keyword: 'Noodle'
  (298/347) Searching keyword: 'Nopal'
  (299/347) Searching keyword: 'Nutrition bar'
  (300/347) Searching keyword: 'Nut'
  (301/347) Searching keyword: 'Oat bran'
  (302/347) Searching keyword: 'Oatmeal'
  (303/347) Searching keyword: 'Parsley'
  (304/347) Searching keyword: 'Passion fruit'
  (305/347) Searching keyword: 'Pasta'
  (306/347) Searching keyword: 'Peanut'
  (307/347) Searching keyword: 'Pea'
  (308/347) Searching keyword: 'Pepper'
  (309/347) Searching keyword: 'Persimmon'
  (310/347) Searching keyword: 'relish'
  (311/347) Searching keyword: 'Pinto'
  (312/347) Searching keyword: 'Pizza'
  (313/347) Searching keyword: 'Plantain'
  (314/347) Searching keyword: 'Poppy seed'
  (315/347) Searching keyword: 'Pork'
  (316/347) Searching keyword: 'Prune'
  (317/347) Searching keyword: 'Pudding'
  (318/347) Searching keyword: 'Ravioli'
  (319/347) Searching keyword: 'kidney'
  (320/347) Searching keyword: 'Roll'
  (321/347) Searching keyword: 'Salad'
  (322/347) Searching keyword: 'Salsa'
  (323/347) Searching keyword: 'Salt'
  (324/347) Searching keyword: 'Sandwich'
  (325/347) Searching keyword: 'Sauce'
  (326/347) Searching keyword: 'Sauerkraut'
  (327/347) Searching keyword: 'Seafood'
  (328/347) Searching keyword: 'Sesame'
  (329/347) Searching keyword: 'Sherbet'
  (330/347) Searching keyword: 'Snack'
  (331/347) Searching keyword: 'Soft drink'
  (332/347) Searching keyword: 'Soy'
  (333/347) Searching keyword: 'Soybean'
  (334/347) Searching keyword: 'Spice'
  (335/347) Searching keyword: 'Strawberries'
  (336/347) Searching keyword: 'Sweetener'
  (337/347) Searching keyword: 'Tahini'
  (338/347) Searching keyword: 'Tangerine'
  (339/347) Searching keyword: 'Topping'
  (340/347) Searching keyword: 'Tortilla'
  (341/347) Searching keyword: 'Tuna'
  (342/347) Searching keyword: 'Whipped'
  (343/347) Searching keyword: 'Whiting'
  (344/347) Searching keyword: 'jicama'
  (345/347) Searching keyword: 'Yellow'
  (346/347) Searching keyword: 'bottled water'
  (347/347) Searching keyword: 'bottled spring water'
  Saving and emailing results for store 265...
Payload results saved to G:\.shortcut-targets-by-id\10hwxlrEnEox7VqS6tvo44Q8rX59qZcSg\Drones_MV\UAV Rural Essential Goods Delivery\FOOD_PRICING\Data_Scraping\ACC\ACC_25_11\ACC_265_11_25.csv

Processing ZIP 99835 (store 272)
  (1/347) Searching keyword: 'Gold Medal Flour'
  (2/347) Searching keyword: 'Sugar granulated'
  (3/347) Searching keyword: 'Carnation Evaporated milk'
  (4/347) Searching keyword: 'Cereal Kellogg's corn flakes'
  (5/347) Searching keyword: 'Quaker Oatmeal 18 oz canister'
  (6/347) Searching keyword: 'rice long grain'
  (7/347) Searching keyword: 'White Bread loaf'
  (8/347) Searching keyword: 'Wheat Bread loaf'
  (9/347) Searching keyword: 'Spaghetti'
  (10/347) Searching keyword: 'Tortillas Mission soft taco'
  (11/347) Searching keyword: 'Pilot Bread'
  (12/347) Searching keyword: 'Nabisco saltine crackers'
  (13/347) Searching keyword: 'Ground beef lean'
  (14/347) Searching keyword: 'Chuck roast'
  (15/347) Searching keyword: 'Steak round'
  (16/347) Searching keyword: 'Steak New york'
  (17/347) Searching keyword: 'Chicken whole'
  (18/347) Searching keyword: 'Chicken breast'
  (19/347) Searching keyword: 'Bacon thick'
  (20/347) Searching keyword: 'Pork chops center'
  (21/347) Searching keyword: 'Ham boneless'
  (22/347) Searching keyword: 'Hot Dogs'
  (23/347) Searching keyword: 'Spam'
  (24/347) Searching keyword: 'Tuna light chunk oil'
  (25/347) Searching keyword: 'Eggs 18 count'
  (26/347) Searching keyword: 'Eggs Dozen'
  (27/347) Searching keyword: 'Milk whole 1 gallon'
  (28/347) Searching keyword: 'Milk 2% 1 gallon'
  (29/347) Searching keyword: 'Butter salted'
  (30/347) Searching keyword: 'Tillamook cheddar cheese 2 lb'
  (31/347) Searching keyword: 'Kraft American singles'
  (32/347) Searching keyword: 'Darigold Sour cream 17'
  (33/347) Searching keyword: 'Yoplait Yogurt blueberry'
  (34/347) Searching keyword: 'Vanilla Ice cream'
  (35/347) Searching keyword: 'Red Delicious Apples'
  (36/347) Searching keyword: 'Bananas'
  (37/347) Searching keyword: 'Oranges'
  (38/347) Searching keyword: 'Russet Potatoes'
  (39/347) Searching keyword: 'Iceberg Lettuce'
  (40/347) Searching keyword: 'Tomatoes large'
  (41/347) Searching keyword: 'yellow Onions'
  (42/347) Searching keyword: 'Canned Corn Del Monte'
  (43/347) Searching keyword: 'Canned green beans Del Monte'
  (44/347) Searching keyword: 'Dole Canned mandarin oranges'
  (45/347) Searching keyword: 'Orange juice frozen'
  (46/347) Searching keyword: 'Coke 13'
  (47/347) Searching keyword: 'Pepsi 13'
  (48/347) Searching keyword: '8 Up'
  (49/347) Searching keyword: 'Folgers Coffee'
  (50/347) Searching keyword: 'Lipton Tea bags'
  (51/347) Searching keyword: 'Top Ramen chicken'
  (52/347) Searching keyword: 'Heinz Ketchup'
  (53/347) Searching keyword: 'Smuckers Jelly strawberry'
  (54/347) Searching keyword: 'JIF Peanut Butter creamy'
  (55/347) Searching keyword: 'Vegetable'
  (56/347) Searching keyword: 'Infant Formula'
  (57/347) Searching keyword: 'ground beef'
  (58/347) Searching keyword: 'whole chicken'
  (59/347) Searching keyword: 'bacon'
  (60/347) Searching keyword: 'sausage'
  (61/347) Searching keyword: 'pork chops'
  (62/347) Searching keyword: 'deli meat'
  (63/347) Searching keyword: 'steak'
  (64/347) Searching keyword: 'turkey breast'
  (65/347) Searching keyword: 'ham'
  (66/347) Searching keyword: 'salami'
  (67/347) Searching keyword: 'meatballs'
  (68/347) Searching keyword: 'roast beef'
  (69/347) Searching keyword: 'frozen chicken nuggets'
  (70/347) Searching keyword: 'milk'
  (71/347) Searching keyword: 'eggs'
  (72/347) Searching keyword: 'butter'
  (73/347) Searching keyword: 'sour cream'
  (74/347) Searching keyword: 'shredded cheese'
  (75/347) Searching keyword: 'cream cheese'
  (76/347) Searching keyword: 'yogurt'
  (77/347) Searching keyword: 'cottage cheese'
  (78/347) Searching keyword: 'ice cream'
  (79/347) Searching keyword: 'half and half'
  (80/347) Searching keyword: 'apples'
  (81/347) Searching keyword: 'grapes'
  (82/347) Searching keyword: 'carrots'
  (83/347) Searching keyword: 'tomatoes'
  (84/347) Searching keyword: 'lettuce'
  (85/347) Searching keyword: 'broccoli'
  (86/347) Searching keyword: 'potatoes'
  (87/347) Searching keyword: 'onions'
  (88/347) Searching keyword: 'white bread'
  (89/347) Searching keyword: 'whole wheat bread'
  (90/347) Searching keyword: 'hamburger buns'
  (91/347) Searching keyword: 'tortillas'
  (92/347) Searching keyword: 'bagels'
  (93/347) Searching keyword: 'English muffins'
  (94/347) Searching keyword: 'pita bread'
  (95/347) Searching keyword: 'croissants'
  (96/347) Searching keyword: 'dinner rolls'
  (97/347) Searching keyword: 'gluten free bread'
  (98/347) Searching keyword: 'white rice'
  (99/347) Searching keyword: 'brown rice'
  (100/347) Searching keyword: 'elbow macaroni'
  (101/347) Searching keyword: 'lasagna noodles'
  (102/347) Searching keyword: 'instant rice'
  (103/347) Searching keyword: 'ramen'
  (104/347) Searching keyword: 'quinoa'
  (105/347) Searching keyword: 'couscous'
  (106/347) Searching keyword: 'flour'
  (107/347) Searching keyword: 'canned corn'
  (108/347) Searching keyword: 'canned beans'
  (109/347) Searching keyword: 'peanut butter'
  (110/347) Searching keyword: 'jelly'
  (111/347) Searching keyword: 'mayonnaise'
  (112/347) Searching keyword: 'ketchup'
  (113/347) Searching keyword: 'mustard'
  (114/347) Searching keyword: 'cooking oil'
  (115/347) Searching keyword: 'vinegar'
  (116/347) Searching keyword: 'sugar'
  (117/347) Searching keyword: 'toilet paper'
  (118/347) Searching keyword: 'paper towels'
  (119/347) Searching keyword: 'laundry detergent'
  (120/347) Searching keyword: 'dish soap'
  (121/347) Searching keyword: 'trash bags'
  (122/347) Searching keyword: 'cleaning wipes'
  (123/347) Searching keyword: 'air freshener'
  (124/347) Searching keyword: 'aluminum foil'
  (125/347) Searching keyword: 'ziplock bags'
  (126/347) Searching keyword: 'sponges'
  (127/347) Searching keyword: 'coffee'
  (128/347) Searching keyword: 'tea'
  (129/347) Searching keyword: 'orange juice'
  (130/347) Searching keyword: 'apple juice'
  (131/347) Searching keyword: 'soda'
  (132/347) Searching keyword: 'bottled water'
  (133/347) Searching keyword: 'energy drink'
  (134/347) Searching keyword: 'sports drink'
  (135/347) Searching keyword: 'lemonade'
  (136/347) Searching keyword: 'hot cocoa'
  (137/347) Searching keyword: 'potato chips'
  (138/347) Searching keyword: 'crackers'
  (139/347) Searching keyword: 'cookies'
  (140/347) Searching keyword: 'pretzels'
  (141/347) Searching keyword: 'granola bars'
  (142/347) Searching keyword: 'fruit snacks'
  (143/347) Searching keyword: 'popcorn'
  (144/347) Searching keyword: 'trail mix'
  (145/347) Searching keyword: 'jerky'
  (146/347) Searching keyword: 'nuts'
  (147/347) Searching keyword: 'toothpaste'
  (148/347) Searching keyword: 'shampoo'
  (149/347) Searching keyword: 'bar soap'
  (150/347) Searching keyword: 'deodorant'
  (151/347) Searching keyword: 'razor'
  (152/347) Searching keyword: 'apple'
  (153/347) Searching keyword: 'apricot'
  (154/347) Searching keyword: 'artichoke'
  (155/347) Searching keyword: 'arugula'
  (156/347) Searching keyword: 'asparagus'
  (157/347) Searching keyword: 'avocado'
  (158/347) Searching keyword: 'banana'
  (159/347) Searching keyword: 'beet'
  (160/347) Searching keyword: 'bell pepper'
  (161/347) Searching keyword: 'blackberry'
  (162/347) Searching keyword: 'blueberry'
  (163/347) Searching keyword: 'bok choy'
  (164/347) Searching keyword: 'brussels sprouts'
  (165/347) Searching keyword: 'cabbage'
  (166/347) Searching keyword: 'cantaloupe'
  (167/347) Searching keyword: 'carrot'
  (168/347) Searching keyword: 'cauliflower'
  (169/347) Searching keyword: 'celery'
  (170/347) Searching keyword: 'chard'
  (171/347) Searching keyword: 'cherry'
  (172/347) Searching keyword: 'chili pepper'
  (173/347) Searching keyword: 'collard greens'
  (174/347) Searching keyword: 'cucumber'
  (175/347) Searching keyword: 'eggplant'
  (176/347) Searching keyword: 'endive'
  (177/347) Searching keyword: 'escarole'
  (178/347) Searching keyword: 'fig'
  (179/347) Searching keyword: 'garlic'
  (180/347) Searching keyword: 'ginger'
  (181/347) Searching keyword: 'grape'
  (182/347) Searching keyword: 'grapefruit'
  (183/347) Searching keyword: 'green beans'
  (184/347) Searching keyword: 'green onion'
  (185/347) Searching keyword: 'green pepper'
  (186/347) Searching keyword: 'habanero'
  (187/347) Searching keyword: 'honeydew'
  (188/347) Searching keyword: 'jalapeno'
  (189/347) Searching keyword: 'kale'
  (190/347) Searching keyword: 'kiwi'
  (191/347) Searching keyword: 'leek'
  (192/347) Searching keyword: 'lemon'
  (193/347) Searching keyword: 'lime'
  (194/347) Searching keyword: 'mango'
  (195/347) Searching keyword: 'mushroom'
  (196/347) Searching keyword: 'mustard greens'
  (197/347) Searching keyword: 'nectarine'
  (198/347) Searching keyword: 'okra'
  (199/347) Searching keyword: 'onion'
  (200/347) Searching keyword: 'orange'
  (201/347) Searching keyword: 'papaya'
  (202/347) Searching keyword: 'parsnip'
  (203/347) Searching keyword: 'peach'
  (204/347) Searching keyword: 'pear'
  (205/347) Searching keyword: 'pineapple'
  (206/347) Searching keyword: 'plum'
  (207/347) Searching keyword: 'pomegranate'
  (208/347) Searching keyword: 'potato'
  (209/347) Searching keyword: 'pumpkin'
  (210/347) Searching keyword: 'radicchio'
  (211/347) Searching keyword: 'radish'
  (212/347) Searching keyword: 'raspberry'
  (213/347) Searching keyword: 'red cabbage'
  (214/347) Searching keyword: 'red pepper'
  (215/347) Searching keyword: 'romaine lettuce'
  (216/347) Searching keyword: 'rutabaga'
  (217/347) Searching keyword: 'shallot'
  (218/347) Searching keyword: 'snap peas'
  (219/347) Searching keyword: 'snow peas'
  (220/347) Searching keyword: 'spinach'
  (221/347) Searching keyword: 'squash'
  (222/347) Searching keyword: 'strawberry'
  (223/347) Searching keyword: 'sweet potato'
  (224/347) Searching keyword: 'tomato'
  (225/347) Searching keyword: 'turnip'
  (226/347) Searching keyword: 'watermelon'
  (227/347) Searching keyword: 'yellow pepper'
  (228/347) Searching keyword: 'zucchini'
  (229/347) Searching keyword: 'Almond'
  (230/347) Searching keyword: 'Dressing'
  (231/347) Searching keyword: 'Bagel'
  (232/347) Searching keyword: 'Bean'
  (233/347) Searching keyword: 'Soup'
  (234/347) Searching keyword: 'Beef'
  (235/347) Searching keyword: 'Beverages'
  (236/347) Searching keyword: 'Juice'
  (237/347) Searching keyword: 'Bread'
  (238/347) Searching keyword: 'Breakfast bar'
  (239/347) Searching keyword: 'Burrito'
  (240/347) Searching keyword: 'Cactus'
  (241/347) Searching keyword: 'oil'
  (242/347) Searching keyword: 'Canola'
  (243/347) Searching keyword: 'dip'
  (244/347) Searching keyword: 'Cassava'
  (245/347) Searching keyword: 'granola bar'
  (246/347) Searching keyword: 'Cereal'
  (247/347) Searching keyword: 'Cheese'
  (248/347) Searching keyword: 'Chicken'
  (249/347) Searching keyword: 'Chickpea'
  (250/347) Searching keyword: 'Chili'
  (251/347) Searching keyword: 'Chip'
  (252/347) Searching keyword: 'Chocolate'
  (253/347) Searching keyword: 'syrup'
  (254/347) Searching keyword: 'hazelnut'
  (255/347) Searching keyword: 'Coconut'
  (256/347) Searching keyword: 'Cod'
  (257/347) Searching keyword: 'creamer'
  (258/347) Searching keyword: 'Coleslaw'
  (259/347) Searching keyword: 'Collard'
  (260/347) Searching keyword: 'cilantro'
  (261/347) Searching keyword: 'Corn'
  (262/347) Searching keyword: 'Cowpeas'
  (263/347) Searching keyword: 'Cracker'
  (264/347) Searching keyword: 'Cranberry'
  (265/347) Searching keyword: 'wheat'
  (266/347) Searching keyword: 'Cream'
  (267/347) Searching keyword: 'Egg'
  (268/347) Searching keyword: 'Eggnog'
  (269/347) Searching keyword: 'Fava'
  (270/347) Searching keyword: 'Fish'
  (271/347) Searching keyword: 'Flan'
  (272/347) Searching keyword: 'rice'
  (273/347) Searching keyword: 'hot dog'
  (274/347) Searching keyword: 'Frankfurter'
  (275/347) Searching keyword: 'cocktail'
  (276/347) Searching keyword: 'Fruit juice'
  (277/347) Searching keyword: 'Gelatin'
  (278/347) Searching keyword: 'Goat'
  (279/347) Searching keyword: 'Greens'
  (280/347) Searching keyword: 'Guava'
  (281/347) Searching keyword: 'Hominy'
  (282/347) Searching keyword: 'Honey'
  (283/347) Searching keyword: 'Ice'
  (284/347) Searching keyword: 'Icing'
  (285/347) Searching keyword: 'Italian dressing'
  (286/347) Searching keyword: 'preserve'
  (287/347) Searching keyword: 'Jam'
  (288/347) Searching keyword: 'Lard'
  (289/347) Searching keyword: 'Lentil'
  (290/347) Searching keyword: 'Macaroni'
  (291/347) Searching keyword: 'Margarine'
  (292/347) Searching keyword: 'Marmalade'
  (293/347) Searching keyword: 'Masa harina'
  (294/347) Searching keyword: 'Melon'
  (295/347) Searching keyword: 'Mozzarella'
  (296/347) Searching keyword: 'Multigrain'
  (297/347) Searching keyword: 'Noodle'
  (298/347) Searching keyword: 'Nopal'
  (299/347) Searching keyword: 'Nutrition bar'
  (300/347) Searching keyword: 'Nut'
  (301/347) Searching keyword: 'Oat bran'
  (302/347) Searching keyword: 'Oatmeal'
  (303/347) Searching keyword: 'Parsley'
  (304/347) Searching keyword: 'Passion fruit'
  (305/347) Searching keyword: 'Pasta'
  (306/347) Searching keyword: 'Peanut'
  (307/347) Searching keyword: 'Pea'
  (308/347) Searching keyword: 'Pepper'
  (309/347) Searching keyword: 'Persimmon'
  (310/347) Searching keyword: 'relish'
  (311/347) Searching keyword: 'Pinto'
  (312/347) Searching keyword: 'Pizza'
  (313/347) Searching keyword: 'Plantain'
  (314/347) Searching keyword: 'Poppy seed'
  (315/347) Searching keyword: 'Pork'
  (316/347) Searching keyword: 'Prune'
  (317/347) Searching keyword: 'Pudding'
  (318/347) Searching keyword: 'Ravioli'
  (319/347) Searching keyword: 'kidney'
  (320/347) Searching keyword: 'Roll'
  (321/347) Searching keyword: 'Salad'
  (322/347) Searching keyword: 'Salsa'
  (323/347) Searching keyword: 'Salt'
  (324/347) Searching keyword: 'Sandwich'
  (325/347) Searching keyword: 'Sauce'
  (326/347) Searching keyword: 'Sauerkraut'
  (327/347) Searching keyword: 'Seafood'
  (328/347) Searching keyword: 'Sesame'
  (329/347) Searching keyword: 'Sherbet'
  (330/347) Searching keyword: 'Snack'
  (331/347) Searching keyword: 'Soft drink'
  (332/347) Searching keyword: 'Soy'
  (333/347) Searching keyword: 'Soybean'
  (334/347) Searching keyword: 'Spice'
  (335/347) Searching keyword: 'Strawberries'
  (336/347) Searching keyword: 'Sweetener'
  (337/347) Searching keyword: 'Tahini'
  (338/347) Searching keyword: 'Tangerine'
  (339/347) Searching keyword: 'Topping'
  (340/347) Searching keyword: 'Tortilla'
  (341/347) Searching keyword: 'Tuna'
  (342/347) Searching keyword: 'Whipped'
  (343/347) Searching keyword: 'Whiting'
  (344/347) Searching keyword: 'jicama'
  (345/347) Searching keyword: 'Yellow'
  (346/347) Searching keyword: 'bottled water'
  (347/347) Searching keyword: 'bottled spring water'
  Saving and emailing results for store 272...
Payload results saved to G:\.shortcut-targets-by-id\10hwxlrEnEox7VqS6tvo44Q8rX59qZcSg\Drones_MV\UAV Rural Essential Goods Delivery\FOOD_PRICING\Data_Scraping\ACC\ACC_25_11\ACC_272_11_25.csv

Processing ZIP 99921 (store 284)
  (1/347) Searching keyword: 'Gold Medal Flour'
  (2/347) Searching keyword: 'Sugar granulated'
  (3/347) Searching keyword: 'Carnation Evaporated milk'
  (4/347) Searching keyword: 'Cereal Kellogg's corn flakes'
  (5/347) Searching keyword: 'Quaker Oatmeal 18 oz canister'
  (6/347) Searching keyword: 'rice long grain'
  (7/347) Searching keyword: 'White Bread loaf'
  (8/347) Searching keyword: 'Wheat Bread loaf'
  (9/347) Searching keyword: 'Spaghetti'
  (10/347) Searching keyword: 'Tortillas Mission soft taco'
  (11/347) Searching keyword: 'Pilot Bread'
  (12/347) Searching keyword: 'Nabisco saltine crackers'
  (13/347) Searching keyword: 'Ground beef lean'
  (14/347) Searching keyword: 'Chuck roast'
  (15/347) Searching keyword: 'Steak round'
  (16/347) Searching keyword: 'Steak New york'
  (17/347) Searching keyword: 'Chicken whole'
  (18/347) Searching keyword: 'Chicken breast'
  (19/347) Searching keyword: 'Bacon thick'
  (20/347) Searching keyword: 'Pork chops center'
  (21/347) Searching keyword: 'Ham boneless'
  (22/347) Searching keyword: 'Hot Dogs'
  (23/347) Searching keyword: 'Spam'
  (24/347) Searching keyword: 'Tuna light chunk oil'
  (25/347) Searching keyword: 'Eggs 18 count'
  (26/347) Searching keyword: 'Eggs Dozen'
  (27/347) Searching keyword: 'Milk whole 1 gallon'
  (28/347) Searching keyword: 'Milk 2% 1 gallon'
  (29/347) Searching keyword: 'Butter salted'
  (30/347) Searching keyword: 'Tillamook cheddar cheese 2 lb'
  (31/347) Searching keyword: 'Kraft American singles'
  (32/347) Searching keyword: 'Darigold Sour cream 17'
  (33/347) Searching keyword: 'Yoplait Yogurt blueberry'
  (34/347) Searching keyword: 'Vanilla Ice cream'
  (35/347) Searching keyword: 'Red Delicious Apples'
  (36/347) Searching keyword: 'Bananas'
  (37/347) Searching keyword: 'Oranges'
  (38/347) Searching keyword: 'Russet Potatoes'
  (39/347) Searching keyword: 'Iceberg Lettuce'
  (40/347) Searching keyword: 'Tomatoes large'
  (41/347) Searching keyword: 'yellow Onions'
  (42/347) Searching keyword: 'Canned Corn Del Monte'
  (43/347) Searching keyword: 'Canned green beans Del Monte'
  (44/347) Searching keyword: 'Dole Canned mandarin oranges'
  (45/347) Searching keyword: 'Orange juice frozen'
  (46/347) Searching keyword: 'Coke 13'
  (47/347) Searching keyword: 'Pepsi 13'
  (48/347) Searching keyword: '8 Up'
  (49/347) Searching keyword: 'Folgers Coffee'
  (50/347) Searching keyword: 'Lipton Tea bags'
  (51/347) Searching keyword: 'Top Ramen chicken'
  (52/347) Searching keyword: 'Heinz Ketchup'
  (53/347) Searching keyword: 'Smuckers Jelly strawberry'
  (54/347) Searching keyword: 'JIF Peanut Butter creamy'
  (55/347) Searching keyword: 'Vegetable'
  (56/347) Searching keyword: 'Infant Formula'
  (57/347) Searching keyword: 'ground beef'
  (58/347) Searching keyword: 'whole chicken'
  (59/347) Searching keyword: 'bacon'
  (60/347) Searching keyword: 'sausage'
  (61/347) Searching keyword: 'pork chops'
  (62/347) Searching keyword: 'deli meat'
  (63/347) Searching keyword: 'steak'
  (64/347) Searching keyword: 'turkey breast'
  (65/347) Searching keyword: 'ham'
  (66/347) Searching keyword: 'salami'
  (67/347) Searching keyword: 'meatballs'
  (68/347) Searching keyword: 'roast beef'
  (69/347) Searching keyword: 'frozen chicken nuggets'
  (70/347) Searching keyword: 'milk'
  (71/347) Searching keyword: 'eggs'
  (72/347) Searching keyword: 'butter'
  (73/347) Searching keyword: 'sour cream'
  (74/347) Searching keyword: 'shredded cheese'
  (75/347) Searching keyword: 'cream cheese'
  (76/347) Searching keyword: 'yogurt'
  (77/347) Searching keyword: 'cottage cheese'
  (78/347) Searching keyword: 'ice cream'
  (79/347) Searching keyword: 'half and half'
  (80/347) Searching keyword: 'apples'
  (81/347) Searching keyword: 'grapes'
  (82/347) Searching keyword: 'carrots'
  (83/347) Searching keyword: 'tomatoes'
  (84/347) Searching keyword: 'lettuce'
  (85/347) Searching keyword: 'broccoli'
  (86/347) Searching keyword: 'potatoes'
  (87/347) Searching keyword: 'onions'
  (88/347) Searching keyword: 'white bread'
  (89/347) Searching keyword: 'whole wheat bread'
  (90/347) Searching keyword: 'hamburger buns'
  (91/347) Searching keyword: 'tortillas'
  (92/347) Searching keyword: 'bagels'
  (93/347) Searching keyword: 'English muffins'
  (94/347) Searching keyword: 'pita bread'
  (95/347) Searching keyword: 'croissants'
  (96/347) Searching keyword: 'dinner rolls'
  (97/347) Searching keyword: 'gluten free bread'
  (98/347) Searching keyword: 'white rice'
  (99/347) Searching keyword: 'brown rice'
  (100/347) Searching keyword: 'elbow macaroni'
  (101/347) Searching keyword: 'lasagna noodles'
  (102/347) Searching keyword: 'instant rice'
  (103/347) Searching keyword: 'ramen'
  (104/347) Searching keyword: 'quinoa'
  (105/347) Searching keyword: 'couscous'
  (106/347) Searching keyword: 'flour'
  (107/347) Searching keyword: 'canned corn'
  (108/347) Searching keyword: 'canned beans'
  (109/347) Searching keyword: 'peanut butter'
  (110/347) Searching keyword: 'jelly'
  (111/347) Searching keyword: 'mayonnaise'
  (112/347) Searching keyword: 'ketchup'
  (113/347) Searching keyword: 'mustard'
  (114/347) Searching keyword: 'cooking oil'
  (115/347) Searching keyword: 'vinegar'
  (116/347) Searching keyword: 'sugar'
  (117/347) Searching keyword: 'toilet paper'
  (118/347) Searching keyword: 'paper towels'
  (119/347) Searching keyword: 'laundry detergent'
  (120/347) Searching keyword: 'dish soap'
  (121/347) Searching keyword: 'trash bags'
  (122/347) Searching keyword: 'cleaning wipes'
  (123/347) Searching keyword: 'air freshener'
  (124/347) Searching keyword: 'aluminum foil'
  (125/347) Searching keyword: 'ziplock bags'
  (126/347) Searching keyword: 'sponges'
  (127/347) Searching keyword: 'coffee'
  (128/347) Searching keyword: 'tea'
  (129/347) Searching keyword: 'orange juice'
  (130/347) Searching keyword: 'apple juice'
  (131/347) Searching keyword: 'soda'
  (132/347) Searching keyword: 'bottled water'
  (133/347) Searching keyword: 'energy drink'
  (134/347) Searching keyword: 'sports drink'
  (135/347) Searching keyword: 'lemonade'
  (136/347) Searching keyword: 'hot cocoa'
  (137/347) Searching keyword: 'potato chips'
  (138/347) Searching keyword: 'crackers'
  (139/347) Searching keyword: 'cookies'
  (140/347) Searching keyword: 'pretzels'
  (141/347) Searching keyword: 'granola bars'
  (142/347) Searching keyword: 'fruit snacks'
  (143/347) Searching keyword: 'popcorn'
  (144/347) Searching keyword: 'trail mix'
  (145/347) Searching keyword: 'jerky'
  (146/347) Searching keyword: 'nuts'
  (147/347) Searching keyword: 'toothpaste'
  (148/347) Searching keyword: 'shampoo'
  (149/347) Searching keyword: 'bar soap'
  (150/347) Searching keyword: 'deodorant'
  (151/347) Searching keyword: 'razor'
  (152/347) Searching keyword: 'apple'
  (153/347) Searching keyword: 'apricot'
  (154/347) Searching keyword: 'artichoke'
  (155/347) Searching keyword: 'arugula'
  (156/347) Searching keyword: 'asparagus'
  (157/347) Searching keyword: 'avocado'
  (158/347) Searching keyword: 'banana'
  (159/347) Searching keyword: 'beet'
  (160/347) Searching keyword: 'bell pepper'
  (161/347) Searching keyword: 'blackberry'
  (162/347) Searching keyword: 'blueberry'
  (163/347) Searching keyword: 'bok choy'
  (164/347) Searching keyword: 'brussels sprouts'
  (165/347) Searching keyword: 'cabbage'
  (166/347) Searching keyword: 'cantaloupe'
  (167/347) Searching keyword: 'carrot'
  (168/347) Searching keyword: 'cauliflower'
  (169/347) Searching keyword: 'celery'
  (170/347) Searching keyword: 'chard'
  (171/347) Searching keyword: 'cherry'
  (172/347) Searching keyword: 'chili pepper'
  (173/347) Searching keyword: 'collard greens'
  (174/347) Searching keyword: 'cucumber'
  (175/347) Searching keyword: 'eggplant'
  (176/347) Searching keyword: 'endive'
  (177/347) Searching keyword: 'escarole'
  (178/347) Searching keyword: 'fig'
  (179/347) Searching keyword: 'garlic'
  (180/347) Searching keyword: 'ginger'
  (181/347) Searching keyword: 'grape'
  (182/347) Searching keyword: 'grapefruit'
  (183/347) Searching keyword: 'green beans'
  (184/347) Searching keyword: 'green onion'
  (185/347) Searching keyword: 'green pepper'
  (186/347) Searching keyword: 'habanero'
  (187/347) Searching keyword: 'honeydew'
  (188/347) Searching keyword: 'jalapeno'
  (189/347) Searching keyword: 'kale'
  (190/347) Searching keyword: 'kiwi'
  (191/347) Searching keyword: 'leek'
  (192/347) Searching keyword: 'lemon'
  (193/347) Searching keyword: 'lime'
  (194/347) Searching keyword: 'mango'
  (195/347) Searching keyword: 'mushroom'
  (196/347) Searching keyword: 'mustard greens'
  (197/347) Searching keyword: 'nectarine'
  (198/347) Searching keyword: 'okra'
  (199/347) Searching keyword: 'onion'
  (200/347) Searching keyword: 'orange'
  (201/347) Searching keyword: 'papaya'
  (202/347) Searching keyword: 'parsnip'
  (203/347) Searching keyword: 'peach'
  (204/347) Searching keyword: 'pear'
  (205/347) Searching keyword: 'pineapple'
  (206/347) Searching keyword: 'plum'
  (207/347) Searching keyword: 'pomegranate'
  (208/347) Searching keyword: 'potato'
  (209/347) Searching keyword: 'pumpkin'
  (210/347) Searching keyword: 'radicchio'
  (211/347) Searching keyword: 'radish'
  (212/347) Searching keyword: 'raspberry'
  (213/347) Searching keyword: 'red cabbage'
  (214/347) Searching keyword: 'red pepper'
  (215/347) Searching keyword: 'romaine lettuce'
  (216/347) Searching keyword: 'rutabaga'
  (217/347) Searching keyword: 'shallot'
  (218/347) Searching keyword: 'snap peas'
  (219/347) Searching keyword: 'snow peas'
  (220/347) Searching keyword: 'spinach'
  (221/347) Searching keyword: 'squash'
  (222/347) Searching keyword: 'strawberry'
  (223/347) Searching keyword: 'sweet potato'
  (224/347) Searching keyword: 'tomato'
  (225/347) Searching keyword: 'turnip'
  (226/347) Searching keyword: 'watermelon'
  (227/347) Searching keyword: 'yellow pepper'
  (228/347) Searching keyword: 'zucchini'
  (229/347) Searching keyword: 'Almond'
  (230/347) Searching keyword: 'Dressing'
  (231/347) Searching keyword: 'Bagel'
  (232/347) Searching keyword: 'Bean'
  (233/347) Searching keyword: 'Soup'
  (234/347) Searching keyword: 'Beef'
  (235/347) Searching keyword: 'Beverages'
  (236/347) Searching keyword: 'Juice'
  (237/347) Searching keyword: 'Bread'
  (238/347) Searching keyword: 'Breakfast bar'
  (239/347) Searching keyword: 'Burrito'
  (240/347) Searching keyword: 'Cactus'
  (241/347) Searching keyword: 'oil'
  (242/347) Searching keyword: 'Canola'
  (243/347) Searching keyword: 'dip'
  (244/347) Searching keyword: 'Cassava'
  (245/347) Searching keyword: 'granola bar'
  (246/347) Searching keyword: 'Cereal'
  (247/347) Searching keyword: 'Cheese'
  (248/347) Searching keyword: 'Chicken'
  (249/347) Searching keyword: 'Chickpea'
  (250/347) Searching keyword: 'Chili'
  (251/347) Searching keyword: 'Chip'
  (252/347) Searching keyword: 'Chocolate'
  (253/347) Searching keyword: 'syrup'
  (254/347) Searching keyword: 'hazelnut'
  (255/347) Searching keyword: 'Coconut'
  (256/347) Searching keyword: 'Cod'
  (257/347) Searching keyword: 'creamer'
  (258/347) Searching keyword: 'Coleslaw'
  (259/347) Searching keyword: 'Collard'
  (260/347) Searching keyword: 'cilantro'
  (261/347) Searching keyword: 'Corn'
  (262/347) Searching keyword: 'Cowpeas'
  (263/347) Searching keyword: 'Cracker'
  (264/347) Searching keyword: 'Cranberry'
  (265/347) Searching keyword: 'wheat'
  (266/347) Searching keyword: 'Cream'
  (267/347) Searching keyword: 'Egg'
  (268/347) Searching keyword: 'Eggnog'
  (269/347) Searching keyword: 'Fava'
  (270/347) Searching keyword: 'Fish'
  (271/347) Searching keyword: 'Flan'
  (272/347) Searching keyword: 'rice'
  (273/347) Searching keyword: 'hot dog'
  (274/347) Searching keyword: 'Frankfurter'
  (275/347) Searching keyword: 'cocktail'
  (276/347) Searching keyword: 'Fruit juice'
  (277/347) Searching keyword: 'Gelatin'
  (278/347) Searching keyword: 'Goat'
  (279/347) Searching keyword: 'Greens'
  (280/347) Searching keyword: 'Guava'
  (281/347) Searching keyword: 'Hominy'
  (282/347) Searching keyword: 'Honey'
  (283/347) Searching keyword: 'Ice'
  (284/347) Searching keyword: 'Icing'
  (285/347) Searching keyword: 'Italian dressing'
  (286/347) Searching keyword: 'preserve'
  (287/347) Searching keyword: 'Jam'
  (288/347) Searching keyword: 'Lard'
  (289/347) Searching keyword: 'Lentil'
  (290/347) Searching keyword: 'Macaroni'
  (291/347) Searching keyword: 'Margarine'
  (292/347) Searching keyword: 'Marmalade'
  (293/347) Searching keyword: 'Masa harina'
  (294/347) Searching keyword: 'Melon'
  (295/347) Searching keyword: 'Mozzarella'
  (296/347) Searching keyword: 'Multigrain'
  (297/347) Searching keyword: 'Noodle'
  (298/347) Searching keyword: 'Nopal'
  (299/347) Searching keyword: 'Nutrition bar'
  (300/347) Searching keyword: 'Nut'
  (301/347) Searching keyword: 'Oat bran'
  (302/347) Searching keyword: 'Oatmeal'
  (303/347) Searching keyword: 'Parsley'
  (304/347) Searching keyword: 'Passion fruit'
  (305/347) Searching keyword: 'Pasta'
  (306/347) Searching keyword: 'Peanut'
  (307/347) Searching keyword: 'Pea'
  (308/347) Searching keyword: 'Pepper'
  (309/347) Searching keyword: 'Persimmon'
  (310/347) Searching keyword: 'relish'
  (311/347) Searching keyword: 'Pinto'
  (312/347) Searching keyword: 'Pizza'
  (313/347) Searching keyword: 'Plantain'
  (314/347) Searching keyword: 'Poppy seed'
  (315/347) Searching keyword: 'Pork'
  (316/347) Searching keyword: 'Prune'
  (317/347) Searching keyword: 'Pudding'
  (318/347) Searching keyword: 'Ravioli'
  (319/347) Searching keyword: 'kidney'
  (320/347) Searching keyword: 'Roll'
  (321/347) Searching keyword: 'Salad'
  (322/347) Searching keyword: 'Salsa'
  (323/347) Searching keyword: 'Salt'
  (324/347) Searching keyword: 'Sandwich'
  (325/347) Searching keyword: 'Sauce'
  (326/347) Searching keyword: 'Sauerkraut'
  (327/347) Searching keyword: 'Seafood'
  (328/347) Searching keyword: 'Sesame'
  (329/347) Searching keyword: 'Sherbet'
  (330/347) Searching keyword: 'Snack'
  (331/347) Searching keyword: 'Soft drink'
  (332/347) Searching keyword: 'Soy'
  (333/347) Searching keyword: 'Soybean'
  (334/347) Searching keyword: 'Spice'
  (335/347) Searching keyword: 'Strawberries'
  (336/347) Searching keyword: 'Sweetener'
  (337/347) Searching keyword: 'Tahini'
  (338/347) Searching keyword: 'Tangerine'
  (339/347) Searching keyword: 'Topping'
  (340/347) Searching keyword: 'Tortilla'
  (341/347) Searching keyword: 'Tuna'
  (342/347) Searching keyword: 'Whipped'
  (343/347) Searching keyword: 'Whiting'
  (344/347) Searching keyword: 'jicama'
  (345/347) Searching keyword: 'Yellow'
  (346/347) Searching keyword: 'bottled water'
  (347/347) Searching keyword: 'bottled spring water'
  Saving and emailing results for store 284...
Payload results saved to G:\.shortcut-targets-by-id\10hwxlrEnEox7VqS6tvo44Q8rX59qZcSg\Drones_MV\UAV Rural Essential Goods Delivery\FOOD_PRICING\Data_Scraping\ACC\ACC_25_11\ACC_284_11_25.csv

Processing ZIP 99678 (store 285)
  (1/347) Searching keyword: 'Gold Medal Flour'
  (2/347) Searching keyword: 'Sugar granulated'
  (3/347) Searching keyword: 'Carnation Evaporated milk'
  (4/347) Searching keyword: 'Cereal Kellogg's corn flakes'
  (5/347) Searching keyword: 'Quaker Oatmeal 18 oz canister'
  (6/347) Searching keyword: 'rice long grain'
  (7/347) Searching keyword: 'White Bread loaf'
  (8/347) Searching keyword: 'Wheat Bread loaf'
  (9/347) Searching keyword: 'Spaghetti'
  (10/347) Searching keyword: 'Tortillas Mission soft taco'
  (11/347) Searching keyword: 'Pilot Bread'
  (12/347) Searching keyword: 'Nabisco saltine crackers'
  (13/347) Searching keyword: 'Ground beef lean'
  (14/347) Searching keyword: 'Chuck roast'
  (15/347) Searching keyword: 'Steak round'
  (16/347) Searching keyword: 'Steak New york'
  (17/347) Searching keyword: 'Chicken whole'
  (18/347) Searching keyword: 'Chicken breast'
  (19/347) Searching keyword: 'Bacon thick'
  (20/347) Searching keyword: 'Pork chops center'
  (21/347) Searching keyword: 'Ham boneless'
  (22/347) Searching keyword: 'Hot Dogs'
  (23/347) Searching keyword: 'Spam'
  (24/347) Searching keyword: 'Tuna light chunk oil'
  (25/347) Searching keyword: 'Eggs 18 count'
  (26/347) Searching keyword: 'Eggs Dozen'
  (27/347) Searching keyword: 'Milk whole 1 gallon'
  (28/347) Searching keyword: 'Milk 2% 1 gallon'
  (29/347) Searching keyword: 'Butter salted'
  (30/347) Searching keyword: 'Tillamook cheddar cheese 2 lb'
  (31/347) Searching keyword: 'Kraft American singles'
  (32/347) Searching keyword: 'Darigold Sour cream 17'
  (33/347) Searching keyword: 'Yoplait Yogurt blueberry'
  (34/347) Searching keyword: 'Vanilla Ice cream'
  (35/347) Searching keyword: 'Red Delicious Apples'
  (36/347) Searching keyword: 'Bananas'
  (37/347) Searching keyword: 'Oranges'
  (38/347) Searching keyword: 'Russet Potatoes'
  (39/347) Searching keyword: 'Iceberg Lettuce'
  (40/347) Searching keyword: 'Tomatoes large'
  (41/347) Searching keyword: 'yellow Onions'
  (42/347) Searching keyword: 'Canned Corn Del Monte'
  (43/347) Searching keyword: 'Canned green beans Del Monte'
  (44/347) Searching keyword: 'Dole Canned mandarin oranges'
  (45/347) Searching keyword: 'Orange juice frozen'
  (46/347) Searching keyword: 'Coke 13'
  (47/347) Searching keyword: 'Pepsi 13'
  (48/347) Searching keyword: '8 Up'
  (49/347) Searching keyword: 'Folgers Coffee'
  (50/347) Searching keyword: 'Lipton Tea bags'
  (51/347) Searching keyword: 'Top Ramen chicken'
  (52/347) Searching keyword: 'Heinz Ketchup'
  (53/347) Searching keyword: 'Smuckers Jelly strawberry'
  (54/347) Searching keyword: 'JIF Peanut Butter creamy'
  (55/347) Searching keyword: 'Vegetable'
  (56/347) Searching keyword: 'Infant Formula'
  (57/347) Searching keyword: 'ground beef'
  (58/347) Searching keyword: 'whole chicken'
  (59/347) Searching keyword: 'bacon'
  (60/347) Searching keyword: 'sausage'
  (61/347) Searching keyword: 'pork chops'
  (62/347) Searching keyword: 'deli meat'
  (63/347) Searching keyword: 'steak'
  (64/347) Searching keyword: 'turkey breast'
  (65/347) Searching keyword: 'ham'
  (66/347) Searching keyword: 'salami'
  (67/347) Searching keyword: 'meatballs'
  (68/347) Searching keyword: 'roast beef'
  (69/347) Searching keyword: 'frozen chicken nuggets'
  (70/347) Searching keyword: 'milk'
  (71/347) Searching keyword: 'eggs'
  (72/347) Searching keyword: 'butter'
  (73/347) Searching keyword: 'sour cream'
  (74/347) Searching keyword: 'shredded cheese'
  (75/347) Searching keyword: 'cream cheese'
  (76/347) Searching keyword: 'yogurt'
  (77/347) Searching keyword: 'cottage cheese'
  (78/347) Searching keyword: 'ice cream'
  (79/347) Searching keyword: 'half and half'
  (80/347) Searching keyword: 'apples'
  (81/347) Searching keyword: 'grapes'
  (82/347) Searching keyword: 'carrots'
  (83/347) Searching keyword: 'tomatoes'
  (84/347) Searching keyword: 'lettuce'
  (85/347) Searching keyword: 'broccoli'
  (86/347) Searching keyword: 'potatoes'
  (87/347) Searching keyword: 'onions'
  (88/347) Searching keyword: 'white bread'
  (89/347) Searching keyword: 'whole wheat bread'
  (90/347) Searching keyword: 'hamburger buns'
  (91/347) Searching keyword: 'tortillas'
  (92/347) Searching keyword: 'bagels'
  (93/347) Searching keyword: 'English muffins'
  (94/347) Searching keyword: 'pita bread'
  (95/347) Searching keyword: 'croissants'
  (96/347) Searching keyword: 'dinner rolls'
  (97/347) Searching keyword: 'gluten free bread'
  (98/347) Searching keyword: 'white rice'
  (99/347) Searching keyword: 'brown rice'
  (100/347) Searching keyword: 'elbow macaroni'
  (101/347) Searching keyword: 'lasagna noodles'
  (102/347) Searching keyword: 'instant rice'
  (103/347) Searching keyword: 'ramen'
  (104/347) Searching keyword: 'quinoa'
  (105/347) Searching keyword: 'couscous'
  (106/347) Searching keyword: 'flour'
  (107/347) Searching keyword: 'canned corn'
  (108/347) Searching keyword: 'canned beans'
  (109/347) Searching keyword: 'peanut butter'
  (110/347) Searching keyword: 'jelly'
  (111/347) Searching keyword: 'mayonnaise'
  (112/347) Searching keyword: 'ketchup'
  (113/347) Searching keyword: 'mustard'
  (114/347) Searching keyword: 'cooking oil'
  (115/347) Searching keyword: 'vinegar'
  (116/347) Searching keyword: 'sugar'
  (117/347) Searching keyword: 'toilet paper'
  (118/347) Searching keyword: 'paper towels'
  (119/347) Searching keyword: 'laundry detergent'
  (120/347) Searching keyword: 'dish soap'
  (121/347) Searching keyword: 'trash bags'
  (122/347) Searching keyword: 'cleaning wipes'
  (123/347) Searching keyword: 'air freshener'
  (124/347) Searching keyword: 'aluminum foil'
  (125/347) Searching keyword: 'ziplock bags'
  (126/347) Searching keyword: 'sponges'
  (127/347) Searching keyword: 'coffee'
  (128/347) Searching keyword: 'tea'
  (129/347) Searching keyword: 'orange juice'
  (130/347) Searching keyword: 'apple juice'
  (131/347) Searching keyword: 'soda'
  (132/347) Searching keyword: 'bottled water'
  (133/347) Searching keyword: 'energy drink'
  (134/347) Searching keyword: 'sports drink'
  (135/347) Searching keyword: 'lemonade'
  (136/347) Searching keyword: 'hot cocoa'
  (137/347) Searching keyword: 'potato chips'
  (138/347) Searching keyword: 'crackers'
  (139/347) Searching keyword: 'cookies'
  (140/347) Searching keyword: 'pretzels'
  (141/347) Searching keyword: 'granola bars'
  (142/347) Searching keyword: 'fruit snacks'
  (143/347) Searching keyword: 'popcorn'
  (144/347) Searching keyword: 'trail mix'
  (145/347) Searching keyword: 'jerky'
  (146/347) Searching keyword: 'nuts'
  (147/347) Searching keyword: 'toothpaste'
  (148/347) Searching keyword: 'shampoo'
  (149/347) Searching keyword: 'bar soap'
  (150/347) Searching keyword: 'deodorant'
  (151/347) Searching keyword: 'razor'
  (152/347) Searching keyword: 'apple'
  (153/347) Searching keyword: 'apricot'
  (154/347) Searching keyword: 'artichoke'
  (155/347) Searching keyword: 'arugula'
  (156/347) Searching keyword: 'asparagus'
  (157/347) Searching keyword: 'avocado'
  (158/347) Searching keyword: 'banana'
  (159/347) Searching keyword: 'beet'
  (160/347) Searching keyword: 'bell pepper'
  (161/347) Searching keyword: 'blackberry'
  (162/347) Searching keyword: 'blueberry'
  (163/347) Searching keyword: 'bok choy'
  (164/347) Searching keyword: 'brussels sprouts'
  (165/347) Searching keyword: 'cabbage'
  (166/347) Searching keyword: 'cantaloupe'
  (167/347) Searching keyword: 'carrot'
  (168/347) Searching keyword: 'cauliflower'
  (169/347) Searching keyword: 'celery'
  (170/347) Searching keyword: 'chard'
  (171/347) Searching keyword: 'cherry'
  (172/347) Searching keyword: 'chili pepper'
  (173/347) Searching keyword: 'collard greens'
  (174/347) Searching keyword: 'cucumber'
  (175/347) Searching keyword: 'eggplant'
  (176/347) Searching keyword: 'endive'
  (177/347) Searching keyword: 'escarole'
  (178/347) Searching keyword: 'fig'
  (179/347) Searching keyword: 'garlic'
  (180/347) Searching keyword: 'ginger'
  (181/347) Searching keyword: 'grape'
  (182/347) Searching keyword: 'grapefruit'
  (183/347) Searching keyword: 'green beans'
  (184/347) Searching keyword: 'green onion'
  (185/347) Searching keyword: 'green pepper'
  (186/347) Searching keyword: 'habanero'
  (187/347) Searching keyword: 'honeydew'
  (188/347) Searching keyword: 'jalapeno'
  (189/347) Searching keyword: 'kale'
  (190/347) Searching keyword: 'kiwi'
  (191/347) Searching keyword: 'leek'
  (192/347) Searching keyword: 'lemon'
  (193/347) Searching keyword: 'lime'
  (194/347) Searching keyword: 'mango'
  (195/347) Searching keyword: 'mushroom'
  (196/347) Searching keyword: 'mustard greens'
  (197/347) Searching keyword: 'nectarine'
  (198/347) Searching keyword: 'okra'
  (199/347) Searching keyword: 'onion'
  (200/347) Searching keyword: 'orange'
  (201/347) Searching keyword: 'papaya'
  (202/347) Searching keyword: 'parsnip'
  (203/347) Searching keyword: 'peach'
  (204/347) Searching keyword: 'pear'
  (205/347) Searching keyword: 'pineapple'
  (206/347) Searching keyword: 'plum'
  (207/347) Searching keyword: 'pomegranate'
  (208/347) Searching keyword: 'potato'
  (209/347) Searching keyword: 'pumpkin'
  (210/347) Searching keyword: 'radicchio'
  (211/347) Searching keyword: 'radish'
  (212/347) Searching keyword: 'raspberry'
  (213/347) Searching keyword: 'red cabbage'
  (214/347) Searching keyword: 'red pepper'
  (215/347) Searching keyword: 'romaine lettuce'
  (216/347) Searching keyword: 'rutabaga'
  (217/347) Searching keyword: 'shallot'
  (218/347) Searching keyword: 'snap peas'
  (219/347) Searching keyword: 'snow peas'
  (220/347) Searching keyword: 'spinach'
  (221/347) Searching keyword: 'squash'
  (222/347) Searching keyword: 'strawberry'
  (223/347) Searching keyword: 'sweet potato'
  (224/347) Searching keyword: 'tomato'
  (225/347) Searching keyword: 'turnip'
  (226/347) Searching keyword: 'watermelon'
  (227/347) Searching keyword: 'yellow pepper'
  (228/347) Searching keyword: 'zucchini'
  (229/347) Searching keyword: 'Almond'
  (230/347) Searching keyword: 'Dressing'
  (231/347) Searching keyword: 'Bagel'
  (232/347) Searching keyword: 'Bean'
  (233/347) Searching keyword: 'Soup'
  (234/347) Searching keyword: 'Beef'
  (235/347) Searching keyword: 'Beverages'
  (236/347) Searching keyword: 'Juice'
  (237/347) Searching keyword: 'Bread'
  (238/347) Searching keyword: 'Breakfast bar'
  (239/347) Searching keyword: 'Burrito'
  (240/347) Searching keyword: 'Cactus'
  (241/347) Searching keyword: 'oil'
  (242/347) Searching keyword: 'Canola'
  (243/347) Searching keyword: 'dip'
  (244/347) Searching keyword: 'Cassava'
  (245/347) Searching keyword: 'granola bar'
  (246/347) Searching keyword: 'Cereal'
  (247/347) Searching keyword: 'Cheese'
  (248/347) Searching keyword: 'Chicken'
  (249/347) Searching keyword: 'Chickpea'
  (250/347) Searching keyword: 'Chili'
  (251/347) Searching keyword: 'Chip'
  (252/347) Searching keyword: 'Chocolate'
  (253/347) Searching keyword: 'syrup'
  (254/347) Searching keyword: 'hazelnut'
  (255/347) Searching keyword: 'Coconut'
  (256/347) Searching keyword: 'Cod'
  (257/347) Searching keyword: 'creamer'
  (258/347) Searching keyword: 'Coleslaw'
  (259/347) Searching keyword: 'Collard'
  (260/347) Searching keyword: 'cilantro'
  (261/347) Searching keyword: 'Corn'
  (262/347) Searching keyword: 'Cowpeas'
  (263/347) Searching keyword: 'Cracker'
  (264/347) Searching keyword: 'Cranberry'
  (265/347) Searching keyword: 'wheat'
  (266/347) Searching keyword: 'Cream'
  (267/347) Searching keyword: 'Egg'
  (268/347) Searching keyword: 'Eggnog'
  (269/347) Searching keyword: 'Fava'
  (270/347) Searching keyword: 'Fish'
  (271/347) Searching keyword: 'Flan'
  (272/347) Searching keyword: 'rice'
  (273/347) Searching keyword: 'hot dog'
  (274/347) Searching keyword: 'Frankfurter'
  (275/347) Searching keyword: 'cocktail'
  (276/347) Searching keyword: 'Fruit juice'
  (277/347) Searching keyword: 'Gelatin'
  (278/347) Searching keyword: 'Goat'
  (279/347) Searching keyword: 'Greens'
  (280/347) Searching keyword: 'Guava'
  (281/347) Searching keyword: 'Hominy'
  (282/347) Searching keyword: 'Honey'
  (283/347) Searching keyword: 'Ice'
  (284/347) Searching keyword: 'Icing'
  (285/347) Searching keyword: 'Italian dressing'
  (286/347) Searching keyword: 'preserve'
  (287/347) Searching keyword: 'Jam'
  (288/347) Searching keyword: 'Lard'
  (289/347) Searching keyword: 'Lentil'
  (290/347) Searching keyword: 'Macaroni'
  (291/347) Searching keyword: 'Margarine'
  (292/347) Searching keyword: 'Marmalade'
  (293/347) Searching keyword: 'Masa harina'
  (294/347) Searching keyword: 'Melon'
  (295/347) Searching keyword: 'Mozzarella'
  (296/347) Searching keyword: 'Multigrain'
  (297/347) Searching keyword: 'Noodle'
  (298/347) Searching keyword: 'Nopal'
  (299/347) Searching keyword: 'Nutrition bar'
  (300/347) Searching keyword: 'Nut'
  (301/347) Searching keyword: 'Oat bran'
  (302/347) Searching keyword: 'Oatmeal'
  (303/347) Searching keyword: 'Parsley'
  (304/347) Searching keyword: 'Passion fruit'
  (305/347) Searching keyword: 'Pasta'
  (306/347) Searching keyword: 'Peanut'
  (307/347) Searching keyword: 'Pea'
  (308/347) Searching keyword: 'Pepper'
  (309/347) Searching keyword: 'Persimmon'
  (310/347) Searching keyword: 'relish'
  (311/347) Searching keyword: 'Pinto'
  (312/347) Searching keyword: 'Pizza'
  (313/347) Searching keyword: 'Plantain'
  (314/347) Searching keyword: 'Poppy seed'
  (315/347) Searching keyword: 'Pork'
  (316/347) Searching keyword: 'Prune'
  (317/347) Searching keyword: 'Pudding'
  (318/347) Searching keyword: 'Ravioli'
  (319/347) Searching keyword: 'kidney'
  (320/347) Searching keyword: 'Roll'
  (321/347) Searching keyword: 'Salad'
  (322/347) Searching keyword: 'Salsa'
  (323/347) Searching keyword: 'Salt'
  (324/347) Searching keyword: 'Sandwich'
  (325/347) Searching keyword: 'Sauce'
  (326/347) Searching keyword: 'Sauerkraut'
  (327/347) Searching keyword: 'Seafood'
  (328/347) Searching keyword: 'Sesame'
  (329/347) Searching keyword: 'Sherbet'
  (330/347) Searching keyword: 'Snack'
  (331/347) Searching keyword: 'Soft drink'
  (332/347) Searching keyword: 'Soy'
  (333/347) Searching keyword: 'Soybean'
  (334/347) Searching keyword: 'Spice'
  (335/347) Searching keyword: 'Strawberries'
  (336/347) Searching keyword: 'Sweetener'
  (337/347) Searching keyword: 'Tahini'
  (338/347) Searching keyword: 'Tangerine'
  (339/347) Searching keyword: 'Topping'
  (340/347) Searching keyword: 'Tortilla'
  (341/347) Searching keyword: 'Tuna'
  (342/347) Searching keyword: 'Whipped'
  (343/347) Searching keyword: 'Whiting'
  (344/347) Searching keyword: 'jicama'
  (345/347) Searching keyword: 'Yellow'
  (346/347) Searching keyword: 'bottled water'
  (347/347) Searching keyword: 'bottled spring water'
  Saving and emailing results for store 285...
Payload results saved to G:\.shortcut-targets-by-id\10hwxlrEnEox7VqS6tvo44Q8rX59qZcSg\Drones_MV\UAV Rural Essential Goods Delivery\FOOD_PRICING\Data_Scraping\ACC\ACC_25_11\ACC_285_11_25.csv

Processing ZIP 99576 (store 295)
  (1/347) Searching keyword: 'Gold Medal Flour'
  (2/347) Searching keyword: 'Sugar granulated'
  (3/347) Searching keyword: 'Carnation Evaporated milk'
  (4/347) Searching keyword: 'Cereal Kellogg's corn flakes'
  (5/347) Searching keyword: 'Quaker Oatmeal 18 oz canister'
  (6/347) Searching keyword: 'rice long grain'
  (7/347) Searching keyword: 'White Bread loaf'
  (8/347) Searching keyword: 'Wheat Bread loaf'
  (9/347) Searching keyword: 'Spaghetti'
  (10/347) Searching keyword: 'Tortillas Mission soft taco'
  (11/347) Searching keyword: 'Pilot Bread'
  (12/347) Searching keyword: 'Nabisco saltine crackers'
  (13/347) Searching keyword: 'Ground beef lean'
  (14/347) Searching keyword: 'Chuck roast'
  (15/347) Searching keyword: 'Steak round'
  (16/347) Searching keyword: 'Steak New york'
  (17/347) Searching keyword: 'Chicken whole'
  (18/347) Searching keyword: 'Chicken breast'
  (19/347) Searching keyword: 'Bacon thick'
  (20/347) Searching keyword: 'Pork chops center'
  (21/347) Searching keyword: 'Ham boneless'
  (22/347) Searching keyword: 'Hot Dogs'
  (23/347) Searching keyword: 'Spam'
  (24/347) Searching keyword: 'Tuna light chunk oil'
  (25/347) Searching keyword: 'Eggs 18 count'
  (26/347) Searching keyword: 'Eggs Dozen'
  (27/347) Searching keyword: 'Milk whole 1 gallon'
  (28/347) Searching keyword: 'Milk 2% 1 gallon'
  (29/347) Searching keyword: 'Butter salted'
  (30/347) Searching keyword: 'Tillamook cheddar cheese 2 lb'
  (31/347) Searching keyword: 'Kraft American singles'
  (32/347) Searching keyword: 'Darigold Sour cream 17'
  (33/347) Searching keyword: 'Yoplait Yogurt blueberry'
  (34/347) Searching keyword: 'Vanilla Ice cream'
  (35/347) Searching keyword: 'Red Delicious Apples'
  (36/347) Searching keyword: 'Bananas'
  (37/347) Searching keyword: 'Oranges'
  (38/347) Searching keyword: 'Russet Potatoes'
  (39/347) Searching keyword: 'Iceberg Lettuce'
  (40/347) Searching keyword: 'Tomatoes large'
  (41/347) Searching keyword: 'yellow Onions'
  (42/347) Searching keyword: 'Canned Corn Del Monte'
  (43/347) Searching keyword: 'Canned green beans Del Monte'
  (44/347) Searching keyword: 'Dole Canned mandarin oranges'
  (45/347) Searching keyword: 'Orange juice frozen'
  (46/347) Searching keyword: 'Coke 13'
  (47/347) Searching keyword: 'Pepsi 13'
  (48/347) Searching keyword: '8 Up'
  (49/347) Searching keyword: 'Folgers Coffee'
  (50/347) Searching keyword: 'Lipton Tea bags'
  (51/347) Searching keyword: 'Top Ramen chicken'
  (52/347) Searching keyword: 'Heinz Ketchup'
  (53/347) Searching keyword: 'Smuckers Jelly strawberry'
  (54/347) Searching keyword: 'JIF Peanut Butter creamy'
  (55/347) Searching keyword: 'Vegetable'
  (56/347) Searching keyword: 'Infant Formula'
  (57/347) Searching keyword: 'ground beef'
  (58/347) Searching keyword: 'whole chicken'
  (59/347) Searching keyword: 'bacon'
  (60/347) Searching keyword: 'sausage'
  (61/347) Searching keyword: 'pork chops'
  (62/347) Searching keyword: 'deli meat'
  (63/347) Searching keyword: 'steak'
  (64/347) Searching keyword: 'turkey breast'
  (65/347) Searching keyword: 'ham'
  (66/347) Searching keyword: 'salami'
  (67/347) Searching keyword: 'meatballs'
  (68/347) Searching keyword: 'roast beef'
  (69/347) Searching keyword: 'frozen chicken nuggets'
  (70/347) Searching keyword: 'milk'
  (71/347) Searching keyword: 'eggs'
  (72/347) Searching keyword: 'butter'
  (73/347) Searching keyword: 'sour cream'
  (74/347) Searching keyword: 'shredded cheese'
  (75/347) Searching keyword: 'cream cheese'
  (76/347) Searching keyword: 'yogurt'
  (77/347) Searching keyword: 'cottage cheese'
  (78/347) Searching keyword: 'ice cream'
  (79/347) Searching keyword: 'half and half'
  (80/347) Searching keyword: 'apples'
  (81/347) Searching keyword: 'grapes'
  (82/347) Searching keyword: 'carrots'
  (83/347) Searching keyword: 'tomatoes'
  (84/347) Searching keyword: 'lettuce'
  (85/347) Searching keyword: 'broccoli'
  (86/347) Searching keyword: 'potatoes'
  (87/347) Searching keyword: 'onions'
  (88/347) Searching keyword: 'white bread'
  (89/347) Searching keyword: 'whole wheat bread'
  (90/347) Searching keyword: 'hamburger buns'
  (91/347) Searching keyword: 'tortillas'
  (92/347) Searching keyword: 'bagels'
  (93/347) Searching keyword: 'English muffins'
  (94/347) Searching keyword: 'pita bread'
  (95/347) Searching keyword: 'croissants'
  (96/347) Searching keyword: 'dinner rolls'
  (97/347) Searching keyword: 'gluten free bread'
  (98/347) Searching keyword: 'white rice'
  (99/347) Searching keyword: 'brown rice'
  (100/347) Searching keyword: 'elbow macaroni'
  (101/347) Searching keyword: 'lasagna noodles'
  (102/347) Searching keyword: 'instant rice'
  (103/347) Searching keyword: 'ramen'
  (104/347) Searching keyword: 'quinoa'
  (105/347) Searching keyword: 'couscous'
  (106/347) Searching keyword: 'flour'
  (107/347) Searching keyword: 'canned corn'
  (108/347) Searching keyword: 'canned beans'
  (109/347) Searching keyword: 'peanut butter'
  (110/347) Searching keyword: 'jelly'
  (111/347) Searching keyword: 'mayonnaise'
  (112/347) Searching keyword: 'ketchup'
  (113/347) Searching keyword: 'mustard'
  (114/347) Searching keyword: 'cooking oil'
  (115/347) Searching keyword: 'vinegar'
  (116/347) Searching keyword: 'sugar'
  (117/347) Searching keyword: 'toilet paper'
  (118/347) Searching keyword: 'paper towels'
  (119/347) Searching keyword: 'laundry detergent'
  (120/347) Searching keyword: 'dish soap'
  (121/347) Searching keyword: 'trash bags'
  (122/347) Searching keyword: 'cleaning wipes'
  (123/347) Searching keyword: 'air freshener'
  (124/347) Searching keyword: 'aluminum foil'
  (125/347) Searching keyword: 'ziplock bags'
  (126/347) Searching keyword: 'sponges'
  (127/347) Searching keyword: 'coffee'
  (128/347) Searching keyword: 'tea'
  (129/347) Searching keyword: 'orange juice'
  (130/347) Searching keyword: 'apple juice'
  (131/347) Searching keyword: 'soda'
  (132/347) Searching keyword: 'bottled water'
  (133/347) Searching keyword: 'energy drink'
  (134/347) Searching keyword: 'sports drink'
  (135/347) Searching keyword: 'lemonade'
  (136/347) Searching keyword: 'hot cocoa'
  (137/347) Searching keyword: 'potato chips'
  (138/347) Searching keyword: 'crackers'
  (139/347) Searching keyword: 'cookies'
  (140/347) Searching keyword: 'pretzels'
  (141/347) Searching keyword: 'granola bars'
  (142/347) Searching keyword: 'fruit snacks'
  (143/347) Searching keyword: 'popcorn'
  (144/347) Searching keyword: 'trail mix'
  (145/347) Searching keyword: 'jerky'
  (146/347) Searching keyword: 'nuts'
  (147/347) Searching keyword: 'toothpaste'
  (148/347) Searching keyword: 'shampoo'
  (149/347) Searching keyword: 'bar soap'
  (150/347) Searching keyword: 'deodorant'
  (151/347) Searching keyword: 'razor'
  (152/347) Searching keyword: 'apple'
  (153/347) Searching keyword: 'apricot'
  (154/347) Searching keyword: 'artichoke'
  (155/347) Searching keyword: 'arugula'
  (156/347) Searching keyword: 'asparagus'
  (157/347) Searching keyword: 'avocado'
  (158/347) Searching keyword: 'banana'
  (159/347) Searching keyword: 'beet'
  (160/347) Searching keyword: 'bell pepper'
  (161/347) Searching keyword: 'blackberry'
  (162/347) Searching keyword: 'blueberry'
  (163/347) Searching keyword: 'bok choy'
  (164/347) Searching keyword: 'brussels sprouts'
  (165/347) Searching keyword: 'cabbage'
  (166/347) Searching keyword: 'cantaloupe'
  (167/347) Searching keyword: 'carrot'
  (168/347) Searching keyword: 'cauliflower'
  (169/347) Searching keyword: 'celery'
  (170/347) Searching keyword: 'chard'
  (171/347) Searching keyword: 'cherry'
  (172/347) Searching keyword: 'chili pepper'
  (173/347) Searching keyword: 'collard greens'
  (174/347) Searching keyword: 'cucumber'
  (175/347) Searching keyword: 'eggplant'
  (176/347) Searching keyword: 'endive'
  (177/347) Searching keyword: 'escarole'
  (178/347) Searching keyword: 'fig'
  (179/347) Searching keyword: 'garlic'
  (180/347) Searching keyword: 'ginger'
  (181/347) Searching keyword: 'grape'
  (182/347) Searching keyword: 'grapefruit'
  (183/347) Searching keyword: 'green beans'
  (184/347) Searching keyword: 'green onion'
  (185/347) Searching keyword: 'green pepper'
  (186/347) Searching keyword: 'habanero'
  (187/347) Searching keyword: 'honeydew'
  (188/347) Searching keyword: 'jalapeno'
  (189/347) Searching keyword: 'kale'
  (190/347) Searching keyword: 'kiwi'
  (191/347) Searching keyword: 'leek'
  (192/347) Searching keyword: 'lemon'
  (193/347) Searching keyword: 'lime'
  (194/347) Searching keyword: 'mango'
  (195/347) Searching keyword: 'mushroom'
  (196/347) Searching keyword: 'mustard greens'
  (197/347) Searching keyword: 'nectarine'
  (198/347) Searching keyword: 'okra'
  (199/347) Searching keyword: 'onion'
  (200/347) Searching keyword: 'orange'
  (201/347) Searching keyword: 'papaya'
  (202/347) Searching keyword: 'parsnip'
  (203/347) Searching keyword: 'peach'
  (204/347) Searching keyword: 'pear'
  (205/347) Searching keyword: 'pineapple'
  (206/347) Searching keyword: 'plum'
  (207/347) Searching keyword: 'pomegranate'
  (208/347) Searching keyword: 'potato'
  (209/347) Searching keyword: 'pumpkin'
  (210/347) Searching keyword: 'radicchio'
  (211/347) Searching keyword: 'radish'
  (212/347) Searching keyword: 'raspberry'
  (213/347) Searching keyword: 'red cabbage'
  (214/347) Searching keyword: 'red pepper'
  (215/347) Searching keyword: 'romaine lettuce'
  (216/347) Searching keyword: 'rutabaga'
  (217/347) Searching keyword: 'shallot'
  (218/347) Searching keyword: 'snap peas'
  (219/347) Searching keyword: 'snow peas'
  (220/347) Searching keyword: 'spinach'
  (221/347) Searching keyword: 'squash'
  (222/347) Searching keyword: 'strawberry'
  (223/347) Searching keyword: 'sweet potato'
  (224/347) Searching keyword: 'tomato'
  (225/347) Searching keyword: 'turnip'
  (226/347) Searching keyword: 'watermelon'
  (227/347) Searching keyword: 'yellow pepper'
  (228/347) Searching keyword: 'zucchini'
  (229/347) Searching keyword: 'Almond'
  (230/347) Searching keyword: 'Dressing'
  (231/347) Searching keyword: 'Bagel'
  (232/347) Searching keyword: 'Bean'
  (233/347) Searching keyword: 'Soup'
  (234/347) Searching keyword: 'Beef'
  (235/347) Searching keyword: 'Beverages'
  (236/347) Searching keyword: 'Juice'
  (237/347) Searching keyword: 'Bread'
  (238/347) Searching keyword: 'Breakfast bar'
  (239/347) Searching keyword: 'Burrito'
  (240/347) Searching keyword: 'Cactus'
  (241/347) Searching keyword: 'oil'
  (242/347) Searching keyword: 'Canola'
  (243/347) Searching keyword: 'dip'
  (244/347) Searching keyword: 'Cassava'
  (245/347) Searching keyword: 'granola bar'
  (246/347) Searching keyword: 'Cereal'
  (247/347) Searching keyword: 'Cheese'
  (248/347) Searching keyword: 'Chicken'
  (249/347) Searching keyword: 'Chickpea'
  (250/347) Searching keyword: 'Chili'
  (251/347) Searching keyword: 'Chip'
  (252/347) Searching keyword: 'Chocolate'
  (253/347) Searching keyword: 'syrup'
  (254/347) Searching keyword: 'hazelnut'
  (255/347) Searching keyword: 'Coconut'
  (256/347) Searching keyword: 'Cod'
  (257/347) Searching keyword: 'creamer'
  (258/347) Searching keyword: 'Coleslaw'
  (259/347) Searching keyword: 'Collard'
  (260/347) Searching keyword: 'cilantro'
  (261/347) Searching keyword: 'Corn'
  (262/347) Searching keyword: 'Cowpeas'
  (263/347) Searching keyword: 'Cracker'
  (264/347) Searching keyword: 'Cranberry'
  (265/347) Searching keyword: 'wheat'
  (266/347) Searching keyword: 'Cream'
  (267/347) Searching keyword: 'Egg'
  (268/347) Searching keyword: 'Eggnog'
  (269/347) Searching keyword: 'Fava'
  (270/347) Searching keyword: 'Fish'
  (271/347) Searching keyword: 'Flan'
  (272/347) Searching keyword: 'rice'
  (273/347) Searching keyword: 'hot dog'
  (274/347) Searching keyword: 'Frankfurter'
  (275/347) Searching keyword: 'cocktail'
  (276/347) Searching keyword: 'Fruit juice'
  (277/347) Searching keyword: 'Gelatin'
  (278/347) Searching keyword: 'Goat'
  (279/347) Searching keyword: 'Greens'
  (280/347) Searching keyword: 'Guava'
  (281/347) Searching keyword: 'Hominy'
  (282/347) Searching keyword: 'Honey'
  (283/347) Searching keyword: 'Ice'
  (284/347) Searching keyword: 'Icing'
  (285/347) Searching keyword: 'Italian dressing'
  (286/347) Searching keyword: 'preserve'
  (287/347) Searching keyword: 'Jam'
  (288/347) Searching keyword: 'Lard'
  (289/347) Searching keyword: 'Lentil'
  (290/347) Searching keyword: 'Macaroni'
  (291/347) Searching keyword: 'Margarine'
  (292/347) Searching keyword: 'Marmalade'
  (293/347) Searching keyword: 'Masa harina'
  (294/347) Searching keyword: 'Melon'
  (295/347) Searching keyword: 'Mozzarella'
  (296/347) Searching keyword: 'Multigrain'
  (297/347) Searching keyword: 'Noodle'
  (298/347) Searching keyword: 'Nopal'
  (299/347) Searching keyword: 'Nutrition bar'
  (300/347) Searching keyword: 'Nut'
  (301/347) Searching keyword: 'Oat bran'
  (302/347) Searching keyword: 'Oatmeal'
  (303/347) Searching keyword: 'Parsley'
  (304/347) Searching keyword: 'Passion fruit'
  (305/347) Searching keyword: 'Pasta'
  (306/347) Searching keyword: 'Peanut'
  (307/347) Searching keyword: 'Pea'
  (308/347) Searching keyword: 'Pepper'
  (309/347) Searching keyword: 'Persimmon'
  (310/347) Searching keyword: 'relish'
  (311/347) Searching keyword: 'Pinto'
  (312/347) Searching keyword: 'Pizza'
  (313/347) Searching keyword: 'Plantain'
  (314/347) Searching keyword: 'Poppy seed'
  (315/347) Searching keyword: 'Pork'
  (316/347) Searching keyword: 'Prune'
  (317/347) Searching keyword: 'Pudding'
  (318/347) Searching keyword: 'Ravioli'
  (319/347) Searching keyword: 'kidney'
  (320/347) Searching keyword: 'Roll'
  (321/347) Searching keyword: 'Salad'
  (322/347) Searching keyword: 'Salsa'
  (323/347) Searching keyword: 'Salt'
  (324/347) Searching keyword: 'Sandwich'
  (325/347) Searching keyword: 'Sauce'
  (326/347) Searching keyword: 'Sauerkraut'
  (327/347) Searching keyword: 'Seafood'
  (328/347) Searching keyword: 'Sesame'
  (329/347) Searching keyword: 'Sherbet'
  (330/347) Searching keyword: 'Snack'
  (331/347) Searching keyword: 'Soft drink'
  (332/347) Searching keyword: 'Soy'
  (333/347) Searching keyword: 'Soybean'
  (334/347) Searching keyword: 'Spice'
  (335/347) Searching keyword: 'Strawberries'
  (336/347) Searching keyword: 'Sweetener'
  (337/347) Searching keyword: 'Tahini'
  (338/347) Searching keyword: 'Tangerine'
  (339/347) Searching keyword: 'Topping'
  (340/347) Searching keyword: 'Tortilla'
  (341/347) Searching keyword: 'Tuna'
  (342/347) Searching keyword: 'Whipped'
  (343/347) Searching keyword: 'Whiting'
  (344/347) Searching keyword: 'jicama'
  (345/347) Searching keyword: 'Yellow'
  (346/347) Searching keyword: 'bottled water'
  (347/347) Searching keyword: 'bottled spring water'
  Saving and emailing results for store 295...
Payload results saved to G:\.shortcut-targets-by-id\10hwxlrEnEox7VqS6tvo44Q8rX59qZcSg\Drones_MV\UAV Rural Essential Goods Delivery\FOOD_PRICING\Data_Scraping\ACC\ACC_25_11\ACC_295_11_25.csv

Processing ZIP 99766 (store 302)
  (1/347) Searching keyword: 'Gold Medal Flour'
  (2/347) Searching keyword: 'Sugar granulated'
  (3/347) Searching keyword: 'Carnation Evaporated milk'
  (4/347) Searching keyword: 'Cereal Kellogg's corn flakes'
  (5/347) Searching keyword: 'Quaker Oatmeal 18 oz canister'
  (6/347) Searching keyword: 'rice long grain'
  (7/347) Searching keyword: 'White Bread loaf'
  (8/347) Searching keyword: 'Wheat Bread loaf'
  (9/347) Searching keyword: 'Spaghetti'
  (10/347) Searching keyword: 'Tortillas Mission soft taco'
  (11/347) Searching keyword: 'Pilot Bread'
  (12/347) Searching keyword: 'Nabisco saltine crackers'
  (13/347) Searching keyword: 'Ground beef lean'
  (14/347) Searching keyword: 'Chuck roast'
  (15/347) Searching keyword: 'Steak round'
  (16/347) Searching keyword: 'Steak New york'
  (17/347) Searching keyword: 'Chicken whole'
  (18/347) Searching keyword: 'Chicken breast'
  (19/347) Searching keyword: 'Bacon thick'
  (20/347) Searching keyword: 'Pork chops center'
  (21/347) Searching keyword: 'Ham boneless'
  (22/347) Searching keyword: 'Hot Dogs'
  (23/347) Searching keyword: 'Spam'
  (24/347) Searching keyword: 'Tuna light chunk oil'
  (25/347) Searching keyword: 'Eggs 18 count'
  (26/347) Searching keyword: 'Eggs Dozen'
  (27/347) Searching keyword: 'Milk whole 1 gallon'
  (28/347) Searching keyword: 'Milk 2% 1 gallon'
  (29/347) Searching keyword: 'Butter salted'
  (30/347) Searching keyword: 'Tillamook cheddar cheese 2 lb'
  (31/347) Searching keyword: 'Kraft American singles'
  (32/347) Searching keyword: 'Darigold Sour cream 17'
  (33/347) Searching keyword: 'Yoplait Yogurt blueberry'
  (34/347) Searching keyword: 'Vanilla Ice cream'
  (35/347) Searching keyword: 'Red Delicious Apples'
  (36/347) Searching keyword: 'Bananas'
  (37/347) Searching keyword: 'Oranges'
  (38/347) Searching keyword: 'Russet Potatoes'
  (39/347) Searching keyword: 'Iceberg Lettuce'
  (40/347) Searching keyword: 'Tomatoes large'
  (41/347) Searching keyword: 'yellow Onions'
  (42/347) Searching keyword: 'Canned Corn Del Monte'
  (43/347) Searching keyword: 'Canned green beans Del Monte'
  (44/347) Searching keyword: 'Dole Canned mandarin oranges'
  (45/347) Searching keyword: 'Orange juice frozen'
  (46/347) Searching keyword: 'Coke 13'
  (47/347) Searching keyword: 'Pepsi 13'
  (48/347) Searching keyword: '8 Up'
  (49/347) Searching keyword: 'Folgers Coffee'
  (50/347) Searching keyword: 'Lipton Tea bags'
  (51/347) Searching keyword: 'Top Ramen chicken'
  (52/347) Searching keyword: 'Heinz Ketchup'
  (53/347) Searching keyword: 'Smuckers Jelly strawberry'
  (54/347) Searching keyword: 'JIF Peanut Butter creamy'
  (55/347) Searching keyword: 'Vegetable'
  (56/347) Searching keyword: 'Infant Formula'
  (57/347) Searching keyword: 'ground beef'
  (58/347) Searching keyword: 'whole chicken'
  (59/347) Searching keyword: 'bacon'
  (60/347) Searching keyword: 'sausage'
  (61/347) Searching keyword: 'pork chops'
  (62/347) Searching keyword: 'deli meat'
  (63/347) Searching keyword: 'steak'
  (64/347) Searching keyword: 'turkey breast'
  (65/347) Searching keyword: 'ham'
  (66/347) Searching keyword: 'salami'
  (67/347) Searching keyword: 'meatballs'
  (68/347) Searching keyword: 'roast beef'
  (69/347) Searching keyword: 'frozen chicken nuggets'
  (70/347) Searching keyword: 'milk'
  (71/347) Searching keyword: 'eggs'
  (72/347) Searching keyword: 'butter'
  (73/347) Searching keyword: 'sour cream'
  (74/347) Searching keyword: 'shredded cheese'
  (75/347) Searching keyword: 'cream cheese'
  (76/347) Searching keyword: 'yogurt'
  (77/347) Searching keyword: 'cottage cheese'
  (78/347) Searching keyword: 'ice cream'
  (79/347) Searching keyword: 'half and half'
  (80/347) Searching keyword: 'apples'
  (81/347) Searching keyword: 'grapes'
  (82/347) Searching keyword: 'carrots'
  (83/347) Searching keyword: 'tomatoes'
  (84/347) Searching keyword: 'lettuce'
  (85/347) Searching keyword: 'broccoli'
  (86/347) Searching keyword: 'potatoes'
  (87/347) Searching keyword: 'onions'
  (88/347) Searching keyword: 'white bread'
  (89/347) Searching keyword: 'whole wheat bread'
  (90/347) Searching keyword: 'hamburger buns'
  (91/347) Searching keyword: 'tortillas'
  (92/347) Searching keyword: 'bagels'
  (93/347) Searching keyword: 'English muffins'
  (94/347) Searching keyword: 'pita bread'
  (95/347) Searching keyword: 'croissants'
  (96/347) Searching keyword: 'dinner rolls'
  (97/347) Searching keyword: 'gluten free bread'
  (98/347) Searching keyword: 'white rice'
  (99/347) Searching keyword: 'brown rice'
  (100/347) Searching keyword: 'elbow macaroni'
  (101/347) Searching keyword: 'lasagna noodles'
  (102/347) Searching keyword: 'instant rice'
  (103/347) Searching keyword: 'ramen'
  (104/347) Searching keyword: 'quinoa'
  (105/347) Searching keyword: 'couscous'
  (106/347) Searching keyword: 'flour'
  (107/347) Searching keyword: 'canned corn'
  (108/347) Searching keyword: 'canned beans'
  (109/347) Searching keyword: 'peanut butter'
  (110/347) Searching keyword: 'jelly'
  (111/347) Searching keyword: 'mayonnaise'
  (112/347) Searching keyword: 'ketchup'
  (113/347) Searching keyword: 'mustard'
  (114/347) Searching keyword: 'cooking oil'
  (115/347) Searching keyword: 'vinegar'
  (116/347) Searching keyword: 'sugar'
  (117/347) Searching keyword: 'toilet paper'
  (118/347) Searching keyword: 'paper towels'
  (119/347) Searching keyword: 'laundry detergent'
  (120/347) Searching keyword: 'dish soap'
  (121/347) Searching keyword: 'trash bags'
  (122/347) Searching keyword: 'cleaning wipes'
  (123/347) Searching keyword: 'air freshener'
  (124/347) Searching keyword: 'aluminum foil'
  (125/347) Searching keyword: 'ziplock bags'
  (126/347) Searching keyword: 'sponges'
  (127/347) Searching keyword: 'coffee'
  (128/347) Searching keyword: 'tea'
  (129/347) Searching keyword: 'orange juice'
  (130/347) Searching keyword: 'apple juice'
  (131/347) Searching keyword: 'soda'
  (132/347) Searching keyword: 'bottled water'
  (133/347) Searching keyword: 'energy drink'
  (134/347) Searching keyword: 'sports drink'
  (135/347) Searching keyword: 'lemonade'
  (136/347) Searching keyword: 'hot cocoa'
  (137/347) Searching keyword: 'potato chips'
  (138/347) Searching keyword: 'crackers'
  (139/347) Searching keyword: 'cookies'
  (140/347) Searching keyword: 'pretzels'
  (141/347) Searching keyword: 'granola bars'
  (142/347) Searching keyword: 'fruit snacks'
  (143/347) Searching keyword: 'popcorn'
  (144/347) Searching keyword: 'trail mix'
  (145/347) Searching keyword: 'jerky'
  (146/347) Searching keyword: 'nuts'
  (147/347) Searching keyword: 'toothpaste'
  (148/347) Searching keyword: 'shampoo'
  (149/347) Searching keyword: 'bar soap'
  (150/347) Searching keyword: 'deodorant'
  (151/347) Searching keyword: 'razor'
  (152/347) Searching keyword: 'apple'
  (153/347) Searching keyword: 'apricot'
  (154/347) Searching keyword: 'artichoke'
  (155/347) Searching keyword: 'arugula'
  (156/347) Searching keyword: 'asparagus'
  (157/347) Searching keyword: 'avocado'
  (158/347) Searching keyword: 'banana'
  (159/347) Searching keyword: 'beet'
  (160/347) Searching keyword: 'bell pepper'
  (161/347) Searching keyword: 'blackberry'
  (162/347) Searching keyword: 'blueberry'
  (163/347) Searching keyword: 'bok choy'
  (164/347) Searching keyword: 'brussels sprouts'
  (165/347) Searching keyword: 'cabbage'
  (166/347) Searching keyword: 'cantaloupe'
  (167/347) Searching keyword: 'carrot'
  (168/347) Searching keyword: 'cauliflower'
  (169/347) Searching keyword: 'celery'
  (170/347) Searching keyword: 'chard'
  (171/347) Searching keyword: 'cherry'
  (172/347) Searching keyword: 'chili pepper'
  (173/347) Searching keyword: 'collard greens'
  (174/347) Searching keyword: 'cucumber'
  (175/347) Searching keyword: 'eggplant'
  (176/347) Searching keyword: 'endive'
  (177/347) Searching keyword: 'escarole'
  (178/347) Searching keyword: 'fig'
  (179/347) Searching keyword: 'garlic'
  (180/347) Searching keyword: 'ginger'
  (181/347) Searching keyword: 'grape'
  (182/347) Searching keyword: 'grapefruit'
  (183/347) Searching keyword: 'green beans'
  (184/347) Searching keyword: 'green onion'
  (185/347) Searching keyword: 'green pepper'
  (186/347) Searching keyword: 'habanero'
  (187/347) Searching keyword: 'honeydew'
  (188/347) Searching keyword: 'jalapeno'
  (189/347) Searching keyword: 'kale'
  (190/347) Searching keyword: 'kiwi'
  (191/347) Searching keyword: 'leek'
  (192/347) Searching keyword: 'lemon'
  (193/347) Searching keyword: 'lime'
  (194/347) Searching keyword: 'mango'
  (195/347) Searching keyword: 'mushroom'
  (196/347) Searching keyword: 'mustard greens'
  (197/347) Searching keyword: 'nectarine'
  (198/347) Searching keyword: 'okra'
  (199/347) Searching keyword: 'onion'
  (200/347) Searching keyword: 'orange'
  (201/347) Searching keyword: 'papaya'
  (202/347) Searching keyword: 'parsnip'
  (203/347) Searching keyword: 'peach'
  (204/347) Searching keyword: 'pear'
  (205/347) Searching keyword: 'pineapple'
  (206/347) Searching keyword: 'plum'
  (207/347) Searching keyword: 'pomegranate'
  (208/347) Searching keyword: 'potato'
  (209/347) Searching keyword: 'pumpkin'
  (210/347) Searching keyword: 'radicchio'
  (211/347) Searching keyword: 'radish'
  (212/347) Searching keyword: 'raspberry'
  (213/347) Searching keyword: 'red cabbage'
  (214/347) Searching keyword: 'red pepper'
  (215/347) Searching keyword: 'romaine lettuce'
  (216/347) Searching keyword: 'rutabaga'
  (217/347) Searching keyword: 'shallot'
  (218/347) Searching keyword: 'snap peas'
  (219/347) Searching keyword: 'snow peas'
  (220/347) Searching keyword: 'spinach'
  (221/347) Searching keyword: 'squash'
  (222/347) Searching keyword: 'strawberry'
  (223/347) Searching keyword: 'sweet potato'
  (224/347) Searching keyword: 'tomato'
  (225/347) Searching keyword: 'turnip'
  (226/347) Searching keyword: 'watermelon'
  (227/347) Searching keyword: 'yellow pepper'
  (228/347) Searching keyword: 'zucchini'
  (229/347) Searching keyword: 'Almond'
  (230/347) Searching keyword: 'Dressing'
  (231/347) Searching keyword: 'Bagel'
  (232/347) Searching keyword: 'Bean'
  (233/347) Searching keyword: 'Soup'
  (234/347) Searching keyword: 'Beef'
  (235/347) Searching keyword: 'Beverages'
  (236/347) Searching keyword: 'Juice'
  (237/347) Searching keyword: 'Bread'
  (238/347) Searching keyword: 'Breakfast bar'
  (239/347) Searching keyword: 'Burrito'
  (240/347) Searching keyword: 'Cactus'
  (241/347) Searching keyword: 'oil'
  (242/347) Searching keyword: 'Canola'
  (243/347) Searching keyword: 'dip'
  (244/347) Searching keyword: 'Cassava'
  (245/347) Searching keyword: 'granola bar'
  (246/347) Searching keyword: 'Cereal'
  (247/347) Searching keyword: 'Cheese'
  (248/347) Searching keyword: 'Chicken'
  (249/347) Searching keyword: 'Chickpea'
  (250/347) Searching keyword: 'Chili'
  (251/347) Searching keyword: 'Chip'
  (252/347) Searching keyword: 'Chocolate'
  (253/347) Searching keyword: 'syrup'
  (254/347) Searching keyword: 'hazelnut'
  (255/347) Searching keyword: 'Coconut'
  (256/347) Searching keyword: 'Cod'
  (257/347) Searching keyword: 'creamer'
  (258/347) Searching keyword: 'Coleslaw'
  (259/347) Searching keyword: 'Collard'
  (260/347) Searching keyword: 'cilantro'
  (261/347) Searching keyword: 'Corn'
  (262/347) Searching keyword: 'Cowpeas'
  (263/347) Searching keyword: 'Cracker'
  (264/347) Searching keyword: 'Cranberry'
  (265/347) Searching keyword: 'wheat'
  (266/347) Searching keyword: 'Cream'
  (267/347) Searching keyword: 'Egg'
  (268/347) Searching keyword: 'Eggnog'
  (269/347) Searching keyword: 'Fava'
  (270/347) Searching keyword: 'Fish'
  (271/347) Searching keyword: 'Flan'
  (272/347) Searching keyword: 'rice'
  (273/347) Searching keyword: 'hot dog'
  (274/347) Searching keyword: 'Frankfurter'
  (275/347) Searching keyword: 'cocktail'
  (276/347) Searching keyword: 'Fruit juice'
  (277/347) Searching keyword: 'Gelatin'
  (278/347) Searching keyword: 'Goat'
  (279/347) Searching keyword: 'Greens'
  (280/347) Searching keyword: 'Guava'
  (281/347) Searching keyword: 'Hominy'
  (282/347) Searching keyword: 'Honey'
  (283/347) Searching keyword: 'Ice'
  (284/347) Searching keyword: 'Icing'
  (285/347) Searching keyword: 'Italian dressing'
  (286/347) Searching keyword: 'preserve'
  (287/347) Searching keyword: 'Jam'
  (288/347) Searching keyword: 'Lard'
  (289/347) Searching keyword: 'Lentil'
  (290/347) Searching keyword: 'Macaroni'
  (291/347) Searching keyword: 'Margarine'
  (292/347) Searching keyword: 'Marmalade'
  (293/347) Searching keyword: 'Masa harina'
  (294/347) Searching keyword: 'Melon'
  (295/347) Searching keyword: 'Mozzarella'
  (296/347) Searching keyword: 'Multigrain'
  (297/347) Searching keyword: 'Noodle'
  (298/347) Searching keyword: 'Nopal'
  (299/347) Searching keyword: 'Nutrition bar'
  (300/347) Searching keyword: 'Nut'
  (301/347) Searching keyword: 'Oat bran'
  (302/347) Searching keyword: 'Oatmeal'
  (303/347) Searching keyword: 'Parsley'
  (304/347) Searching keyword: 'Passion fruit'
  (305/347) Searching keyword: 'Pasta'
  (306/347) Searching keyword: 'Peanut'
  (307/347) Searching keyword: 'Pea'
  (308/347) Searching keyword: 'Pepper'
  (309/347) Searching keyword: 'Persimmon'
  (310/347) Searching keyword: 'relish'
  (311/347) Searching keyword: 'Pinto'
  (312/347) Searching keyword: 'Pizza'
  (313/347) Searching keyword: 'Plantain'
  (314/347) Searching keyword: 'Poppy seed'
  (315/347) Searching keyword: 'Pork'
  (316/347) Searching keyword: 'Prune'
  (317/347) Searching keyword: 'Pudding'
  (318/347) Searching keyword: 'Ravioli'
  (319/347) Searching keyword: 'kidney'
  (320/347) Searching keyword: 'Roll'
  (321/347) Searching keyword: 'Salad'
  (322/347) Searching keyword: 'Salsa'
  (323/347) Searching keyword: 'Salt'
  (324/347) Searching keyword: 'Sandwich'
  (325/347) Searching keyword: 'Sauce'
  (326/347) Searching keyword: 'Sauerkraut'
  (327/347) Searching keyword: 'Seafood'
  (328/347) Searching keyword: 'Sesame'
  (329/347) Searching keyword: 'Sherbet'
  (330/347) Searching keyword: 'Snack'
  (331/347) Searching keyword: 'Soft drink'
  (332/347) Searching keyword: 'Soy'
  (333/347) Searching keyword: 'Soybean'
  (334/347) Searching keyword: 'Spice'
  (335/347) Searching keyword: 'Strawberries'
  (336/347) Searching keyword: 'Sweetener'
  (337/347) Searching keyword: 'Tahini'
  (338/347) Searching keyword: 'Tangerine'
  (339/347) Searching keyword: 'Topping'
  (340/347) Searching keyword: 'Tortilla'
  (341/347) Searching keyword: 'Tuna'
  (342/347) Searching keyword: 'Whipped'
  (343/347) Searching keyword: 'Whiting'
  (344/347) Searching keyword: 'jicama'
  (345/347) Searching keyword: 'Yellow'
  (346/347) Searching keyword: 'bottled water'
  (347/347) Searching keyword: 'bottled spring water'
  Saving and emailing results for store 302...
Payload results saved to G:\.shortcut-targets-by-id\10hwxlrEnEox7VqS6tvo44Q8rX59qZcSg\Drones_MV\UAV Rural Essential Goods Delivery\FOOD_PRICING\Data_Scraping\ACC\ACC_25_11\ACC_302_11_25.csv

Processing ZIP 99926 (store 309)
  (1/347) Searching keyword: 'Gold Medal Flour'
  (2/347) Searching keyword: 'Sugar granulated'
  (3/347) Searching keyword: 'Carnation Evaporated milk'
  (4/347) Searching keyword: 'Cereal Kellogg's corn flakes'
  (5/347) Searching keyword: 'Quaker Oatmeal 18 oz canister'
  (6/347) Searching keyword: 'rice long grain'
  (7/347) Searching keyword: 'White Bread loaf'
  (8/347) Searching keyword: 'Wheat Bread loaf'
  (9/347) Searching keyword: 'Spaghetti'
  (10/347) Searching keyword: 'Tortillas Mission soft taco'
  (11/347) Searching keyword: 'Pilot Bread'
  (12/347) Searching keyword: 'Nabisco saltine crackers'
  (13/347) Searching keyword: 'Ground beef lean'
  (14/347) Searching keyword: 'Chuck roast'
  (15/347) Searching keyword: 'Steak round'
  (16/347) Searching keyword: 'Steak New york'
  (17/347) Searching keyword: 'Chicken whole'
  (18/347) Searching keyword: 'Chicken breast'
  (19/347) Searching keyword: 'Bacon thick'
  (20/347) Searching keyword: 'Pork chops center'
  (21/347) Searching keyword: 'Ham boneless'
  (22/347) Searching keyword: 'Hot Dogs'
  (23/347) Searching keyword: 'Spam'
  (24/347) Searching keyword: 'Tuna light chunk oil'
  (25/347) Searching keyword: 'Eggs 18 count'
  (26/347) Searching keyword: 'Eggs Dozen'
  (27/347) Searching keyword: 'Milk whole 1 gallon'
  (28/347) Searching keyword: 'Milk 2% 1 gallon'
  (29/347) Searching keyword: 'Butter salted'
  (30/347) Searching keyword: 'Tillamook cheddar cheese 2 lb'
  (31/347) Searching keyword: 'Kraft American singles'
  (32/347) Searching keyword: 'Darigold Sour cream 17'
  (33/347) Searching keyword: 'Yoplait Yogurt blueberry'
  (34/347) Searching keyword: 'Vanilla Ice cream'
  (35/347) Searching keyword: 'Red Delicious Apples'
  (36/347) Searching keyword: 'Bananas'
  (37/347) Searching keyword: 'Oranges'
  (38/347) Searching keyword: 'Russet Potatoes'
  (39/347) Searching keyword: 'Iceberg Lettuce'
  (40/347) Searching keyword: 'Tomatoes large'
  (41/347) Searching keyword: 'yellow Onions'
  (42/347) Searching keyword: 'Canned Corn Del Monte'
  (43/347) Searching keyword: 'Canned green beans Del Monte'
  (44/347) Searching keyword: 'Dole Canned mandarin oranges'
  (45/347) Searching keyword: 'Orange juice frozen'
  (46/347) Searching keyword: 'Coke 13'
  (47/347) Searching keyword: 'Pepsi 13'
  (48/347) Searching keyword: '8 Up'
  (49/347) Searching keyword: 'Folgers Coffee'
  (50/347) Searching keyword: 'Lipton Tea bags'
  (51/347) Searching keyword: 'Top Ramen chicken'
  (52/347) Searching keyword: 'Heinz Ketchup'
  (53/347) Searching keyword: 'Smuckers Jelly strawberry'
  (54/347) Searching keyword: 'JIF Peanut Butter creamy'
  (55/347) Searching keyword: 'Vegetable'
  (56/347) Searching keyword: 'Infant Formula'
  (57/347) Searching keyword: 'ground beef'
  (58/347) Searching keyword: 'whole chicken'
  (59/347) Searching keyword: 'bacon'
  (60/347) Searching keyword: 'sausage'
  (61/347) Searching keyword: 'pork chops'
  (62/347) Searching keyword: 'deli meat'
  (63/347) Searching keyword: 'steak'
  (64/347) Searching keyword: 'turkey breast'
  (65/347) Searching keyword: 'ham'
  (66/347) Searching keyword: 'salami'
  (67/347) Searching keyword: 'meatballs'
  (68/347) Searching keyword: 'roast beef'
  (69/347) Searching keyword: 'frozen chicken nuggets'
  (70/347) Searching keyword: 'milk'
  (71/347) Searching keyword: 'eggs'
  (72/347) Searching keyword: 'butter'
  (73/347) Searching keyword: 'sour cream'
  (74/347) Searching keyword: 'shredded cheese'
  (75/347) Searching keyword: 'cream cheese'
  (76/347) Searching keyword: 'yogurt'
  (77/347) Searching keyword: 'cottage cheese'
  (78/347) Searching keyword: 'ice cream'
  (79/347) Searching keyword: 'half and half'
  (80/347) Searching keyword: 'apples'
  (81/347) Searching keyword: 'grapes'
  (82/347) Searching keyword: 'carrots'
  (83/347) Searching keyword: 'tomatoes'
  (84/347) Searching keyword: 'lettuce'
  (85/347) Searching keyword: 'broccoli'
  (86/347) Searching keyword: 'potatoes'
  (87/347) Searching keyword: 'onions'
  (88/347) Searching keyword: 'white bread'
  (89/347) Searching keyword: 'whole wheat bread'
  (90/347) Searching keyword: 'hamburger buns'
  (91/347) Searching keyword: 'tortillas'
  (92/347) Searching keyword: 'bagels'
  (93/347) Searching keyword: 'English muffins'
  (94/347) Searching keyword: 'pita bread'
  (95/347) Searching keyword: 'croissants'
  (96/347) Searching keyword: 'dinner rolls'
  (97/347) Searching keyword: 'gluten free bread'
  (98/347) Searching keyword: 'white rice'
  (99/347) Searching keyword: 'brown rice'
  (100/347) Searching keyword: 'elbow macaroni'
  (101/347) Searching keyword: 'lasagna noodles'
  (102/347) Searching keyword: 'instant rice'
  (103/347) Searching keyword: 'ramen'
  (104/347) Searching keyword: 'quinoa'
  (105/347) Searching keyword: 'couscous'
  (106/347) Searching keyword: 'flour'
  (107/347) Searching keyword: 'canned corn'
  (108/347) Searching keyword: 'canned beans'
  (109/347) Searching keyword: 'peanut butter'
  (110/347) Searching keyword: 'jelly'
  (111/347) Searching keyword: 'mayonnaise'
  (112/347) Searching keyword: 'ketchup'
  (113/347) Searching keyword: 'mustard'
  (114/347) Searching keyword: 'cooking oil'
  (115/347) Searching keyword: 'vinegar'
  (116/347) Searching keyword: 'sugar'
  (117/347) Searching keyword: 'toilet paper'
  (118/347) Searching keyword: 'paper towels'
  (119/347) Searching keyword: 'laundry detergent'
  (120/347) Searching keyword: 'dish soap'
  (121/347) Searching keyword: 'trash bags'
  (122/347) Searching keyword: 'cleaning wipes'
  (123/347) Searching keyword: 'air freshener'
  (124/347) Searching keyword: 'aluminum foil'
  (125/347) Searching keyword: 'ziplock bags'
  (126/347) Searching keyword: 'sponges'
  (127/347) Searching keyword: 'coffee'
  (128/347) Searching keyword: 'tea'
  (129/347) Searching keyword: 'orange juice'
  (130/347) Searching keyword: 'apple juice'
  (131/347) Searching keyword: 'soda'
  (132/347) Searching keyword: 'bottled water'
  (133/347) Searching keyword: 'energy drink'
  (134/347) Searching keyword: 'sports drink'
  (135/347) Searching keyword: 'lemonade'
  (136/347) Searching keyword: 'hot cocoa'
  (137/347) Searching keyword: 'potato chips'
  (138/347) Searching keyword: 'crackers'
  (139/347) Searching keyword: 'cookies'
  (140/347) Searching keyword: 'pretzels'
  (141/347) Searching keyword: 'granola bars'
  (142/347) Searching keyword: 'fruit snacks'
  (143/347) Searching keyword: 'popcorn'
  (144/347) Searching keyword: 'trail mix'
  (145/347) Searching keyword: 'jerky'
  (146/347) Searching keyword: 'nuts'
  (147/347) Searching keyword: 'toothpaste'
  (148/347) Searching keyword: 'shampoo'
  (149/347) Searching keyword: 'bar soap'
  (150/347) Searching keyword: 'deodorant'
  (151/347) Searching keyword: 'razor'
  (152/347) Searching keyword: 'apple'
  (153/347) Searching keyword: 'apricot'
  (154/347) Searching keyword: 'artichoke'
  (155/347) Searching keyword: 'arugula'
  (156/347) Searching keyword: 'asparagus'
  (157/347) Searching keyword: 'avocado'
  (158/347) Searching keyword: 'banana'
  (159/347) Searching keyword: 'beet'
  (160/347) Searching keyword: 'bell pepper'
  (161/347) Searching keyword: 'blackberry'
  (162/347) Searching keyword: 'blueberry'
  (163/347) Searching keyword: 'bok choy'
  (164/347) Searching keyword: 'brussels sprouts'
  (165/347) Searching keyword: 'cabbage'
  (166/347) Searching keyword: 'cantaloupe'
  (167/347) Searching keyword: 'carrot'
  (168/347) Searching keyword: 'cauliflower'
  (169/347) Searching keyword: 'celery'
  (170/347) Searching keyword: 'chard'
  (171/347) Searching keyword: 'cherry'
  (172/347) Searching keyword: 'chili pepper'
  (173/347) Searching keyword: 'collard greens'
  (174/347) Searching keyword: 'cucumber'
  (175/347) Searching keyword: 'eggplant'
  (176/347) Searching keyword: 'endive'
  (177/347) Searching keyword: 'escarole'
  (178/347) Searching keyword: 'fig'
  (179/347) Searching keyword: 'garlic'
  (180/347) Searching keyword: 'ginger'
  (181/347) Searching keyword: 'grape'
  (182/347) Searching keyword: 'grapefruit'
  (183/347) Searching keyword: 'green beans'
  (184/347) Searching keyword: 'green onion'
  (185/347) Searching keyword: 'green pepper'
  (186/347) Searching keyword: 'habanero'
  (187/347) Searching keyword: 'honeydew'
  (188/347) Searching keyword: 'jalapeno'
  (189/347) Searching keyword: 'kale'
  (190/347) Searching keyword: 'kiwi'
  (191/347) Searching keyword: 'leek'
  (192/347) Searching keyword: 'lemon'
  (193/347) Searching keyword: 'lime'
  (194/347) Searching keyword: 'mango'
  (195/347) Searching keyword: 'mushroom'
  (196/347) Searching keyword: 'mustard greens'
  (197/347) Searching keyword: 'nectarine'
  (198/347) Searching keyword: 'okra'
  (199/347) Searching keyword: 'onion'
  (200/347) Searching keyword: 'orange'
  (201/347) Searching keyword: 'papaya'
  (202/347) Searching keyword: 'parsnip'
  (203/347) Searching keyword: 'peach'
  (204/347) Searching keyword: 'pear'
  (205/347) Searching keyword: 'pineapple'
  (206/347) Searching keyword: 'plum'
  (207/347) Searching keyword: 'pomegranate'
  (208/347) Searching keyword: 'potato'
  (209/347) Searching keyword: 'pumpkin'
  (210/347) Searching keyword: 'radicchio'
  (211/347) Searching keyword: 'radish'
  (212/347) Searching keyword: 'raspberry'
  (213/347) Searching keyword: 'red cabbage'
  (214/347) Searching keyword: 'red pepper'
  (215/347) Searching keyword: 'romaine lettuce'
  (216/347) Searching keyword: 'rutabaga'
  (217/347) Searching keyword: 'shallot'
  (218/347) Searching keyword: 'snap peas'
  (219/347) Searching keyword: 'snow peas'
  (220/347) Searching keyword: 'spinach'
  (221/347) Searching keyword: 'squash'
  (222/347) Searching keyword: 'strawberry'
  (223/347) Searching keyword: 'sweet potato'
  (224/347) Searching keyword: 'tomato'
  (225/347) Searching keyword: 'turnip'
  (226/347) Searching keyword: 'watermelon'
  (227/347) Searching keyword: 'yellow pepper'
  (228/347) Searching keyword: 'zucchini'
  (229/347) Searching keyword: 'Almond'
  (230/347) Searching keyword: 'Dressing'
  (231/347) Searching keyword: 'Bagel'
  (232/347) Searching keyword: 'Bean'
  (233/347) Searching keyword: 'Soup'
  (234/347) Searching keyword: 'Beef'
  (235/347) Searching keyword: 'Beverages'
  (236/347) Searching keyword: 'Juice'
  (237/347) Searching keyword: 'Bread'
  (238/347) Searching keyword: 'Breakfast bar'
  (239/347) Searching keyword: 'Burrito'
  (240/347) Searching keyword: 'Cactus'
  (241/347) Searching keyword: 'oil'
  (242/347) Searching keyword: 'Canola'
  (243/347) Searching keyword: 'dip'
  (244/347) Searching keyword: 'Cassava'
  (245/347) Searching keyword: 'granola bar'
  (246/347) Searching keyword: 'Cereal'
  (247/347) Searching keyword: 'Cheese'
  (248/347) Searching keyword: 'Chicken'
  (249/347) Searching keyword: 'Chickpea'
  (250/347) Searching keyword: 'Chili'
  (251/347) Searching keyword: 'Chip'
  (252/347) Searching keyword: 'Chocolate'
  (253/347) Searching keyword: 'syrup'
  (254/347) Searching keyword: 'hazelnut'
  (255/347) Searching keyword: 'Coconut'
  (256/347) Searching keyword: 'Cod'
  (257/347) Searching keyword: 'creamer'
  (258/347) Searching keyword: 'Coleslaw'
  (259/347) Searching keyword: 'Collard'
  (260/347) Searching keyword: 'cilantro'
  (261/347) Searching keyword: 'Corn'
  (262/347) Searching keyword: 'Cowpeas'
  (263/347) Searching keyword: 'Cracker'
  (264/347) Searching keyword: 'Cranberry'
  (265/347) Searching keyword: 'wheat'
  (266/347) Searching keyword: 'Cream'
  (267/347) Searching keyword: 'Egg'
  (268/347) Searching keyword: 'Eggnog'
  (269/347) Searching keyword: 'Fava'
  (270/347) Searching keyword: 'Fish'
  (271/347) Searching keyword: 'Flan'
  (272/347) Searching keyword: 'rice'
  (273/347) Searching keyword: 'hot dog'
  (274/347) Searching keyword: 'Frankfurter'
  (275/347) Searching keyword: 'cocktail'
  (276/347) Searching keyword: 'Fruit juice'
  (277/347) Searching keyword: 'Gelatin'
  (278/347) Searching keyword: 'Goat'
  (279/347) Searching keyword: 'Greens'
  (280/347) Searching keyword: 'Guava'
  (281/347) Searching keyword: 'Hominy'
  (282/347) Searching keyword: 'Honey'
  (283/347) Searching keyword: 'Ice'
  (284/347) Searching keyword: 'Icing'
  (285/347) Searching keyword: 'Italian dressing'
  (286/347) Searching keyword: 'preserve'
  (287/347) Searching keyword: 'Jam'
  (288/347) Searching keyword: 'Lard'
  (289/347) Searching keyword: 'Lentil'
  (290/347) Searching keyword: 'Macaroni'
  (291/347) Searching keyword: 'Margarine'
  (292/347) Searching keyword: 'Marmalade'
  (293/347) Searching keyword: 'Masa harina'
  (294/347) Searching keyword: 'Melon'
  (295/347) Searching keyword: 'Mozzarella'
  (296/347) Searching keyword: 'Multigrain'
  (297/347) Searching keyword: 'Noodle'
  (298/347) Searching keyword: 'Nopal'
  (299/347) Searching keyword: 'Nutrition bar'
  (300/347) Searching keyword: 'Nut'
  (301/347) Searching keyword: 'Oat bran'
  (302/347) Searching keyword: 'Oatmeal'
  (303/347) Searching keyword: 'Parsley'
  (304/347) Searching keyword: 'Passion fruit'
  (305/347) Searching keyword: 'Pasta'
  (306/347) Searching keyword: 'Peanut'
  (307/347) Searching keyword: 'Pea'
  (308/347) Searching keyword: 'Pepper'
  (309/347) Searching keyword: 'Persimmon'
  (310/347) Searching keyword: 'relish'
  (311/347) Searching keyword: 'Pinto'
  (312/347) Searching keyword: 'Pizza'
  (313/347) Searching keyword: 'Plantain'
  (314/347) Searching keyword: 'Poppy seed'
  (315/347) Searching keyword: 'Pork'
  (316/347) Searching keyword: 'Prune'
  (317/347) Searching keyword: 'Pudding'
  (318/347) Searching keyword: 'Ravioli'
  (319/347) Searching keyword: 'kidney'
  (320/347) Searching keyword: 'Roll'
  (321/347) Searching keyword: 'Salad'
  (322/347) Searching keyword: 'Salsa'
  (323/347) Searching keyword: 'Salt'
  (324/347) Searching keyword: 'Sandwich'
  (325/347) Searching keyword: 'Sauce'
  (326/347) Searching keyword: 'Sauerkraut'
  (327/347) Searching keyword: 'Seafood'
  (328/347) Searching keyword: 'Sesame'
  (329/347) Searching keyword: 'Sherbet'
  (330/347) Searching keyword: 'Snack'
  (331/347) Searching keyword: 'Soft drink'
  (332/347) Searching keyword: 'Soy'
  (333/347) Searching keyword: 'Soybean'
  (334/347) Searching keyword: 'Spice'
  (335/347) Searching keyword: 'Strawberries'
  (336/347) Searching keyword: 'Sweetener'
  (337/347) Searching keyword: 'Tahini'
  (338/347) Searching keyword: 'Tangerine'
  (339/347) Searching keyword: 'Topping'
  (340/347) Searching keyword: 'Tortilla'
  (341/347) Searching keyword: 'Tuna'
  (342/347) Searching keyword: 'Whipped'
  (343/347) Searching keyword: 'Whiting'
  (344/347) Searching keyword: 'jicama'
  (345/347) Searching keyword: 'Yellow'
  (346/347) Searching keyword: 'bottled water'
  (347/347) Searching keyword: 'bottled spring water'
  Saving and emailing results for store 309...
Payload results saved to G:\.shortcut-targets-by-id\10hwxlrEnEox7VqS6tvo44Q8rX59qZcSg\Drones_MV\UAV Rural Essential Goods Delivery\FOOD_PRICING\Data_Scraping\ACC\ACC_25_11\ACC_309_11_25.csv

Processing ZIP 99789 (store 315)
  (1/347) Searching keyword: 'Gold Medal Flour'
  (2/347) Searching keyword: 'Sugar granulated'
  (3/347) Searching keyword: 'Carnation Evaporated milk'
  (4/347) Searching keyword: 'Cereal Kellogg's corn flakes'
  (5/347) Searching keyword: 'Quaker Oatmeal 18 oz canister'
  (6/347) Searching keyword: 'rice long grain'
  (7/347) Searching keyword: 'White Bread loaf'
  (8/347) Searching keyword: 'Wheat Bread loaf'
  (9/347) Searching keyword: 'Spaghetti'
  (10/347) Searching keyword: 'Tortillas Mission soft taco'
  (11/347) Searching keyword: 'Pilot Bread'
  (12/347) Searching keyword: 'Nabisco saltine crackers'
  (13/347) Searching keyword: 'Ground beef lean'
  (14/347) Searching keyword: 'Chuck roast'
  (15/347) Searching keyword: 'Steak round'
  (16/347) Searching keyword: 'Steak New york'
  (17/347) Searching keyword: 'Chicken whole'
  (18/347) Searching keyword: 'Chicken breast'
  (19/347) Searching keyword: 'Bacon thick'
  (20/347) Searching keyword: 'Pork chops center'
  (21/347) Searching keyword: 'Ham boneless'
  (22/347) Searching keyword: 'Hot Dogs'
  (23/347) Searching keyword: 'Spam'
  (24/347) Searching keyword: 'Tuna light chunk oil'
  (25/347) Searching keyword: 'Eggs 18 count'
  (26/347) Searching keyword: 'Eggs Dozen'
  (27/347) Searching keyword: 'Milk whole 1 gallon'
  (28/347) Searching keyword: 'Milk 2% 1 gallon'
  (29/347) Searching keyword: 'Butter salted'
  (30/347) Searching keyword: 'Tillamook cheddar cheese 2 lb'
  (31/347) Searching keyword: 'Kraft American singles'
  (32/347) Searching keyword: 'Darigold Sour cream 17'
  (33/347) Searching keyword: 'Yoplait Yogurt blueberry'
  (34/347) Searching keyword: 'Vanilla Ice cream'
  (35/347) Searching keyword: 'Red Delicious Apples'
  (36/347) Searching keyword: 'Bananas'
  (37/347) Searching keyword: 'Oranges'
  (38/347) Searching keyword: 'Russet Potatoes'
  (39/347) Searching keyword: 'Iceberg Lettuce'
  (40/347) Searching keyword: 'Tomatoes large'
  (41/347) Searching keyword: 'yellow Onions'
  (42/347) Searching keyword: 'Canned Corn Del Monte'
  (43/347) Searching keyword: 'Canned green beans Del Monte'
  (44/347) Searching keyword: 'Dole Canned mandarin oranges'
  (45/347) Searching keyword: 'Orange juice frozen'
  (46/347) Searching keyword: 'Coke 13'
  (47/347) Searching keyword: 'Pepsi 13'
  (48/347) Searching keyword: '8 Up'
  (49/347) Searching keyword: 'Folgers Coffee'
  (50/347) Searching keyword: 'Lipton Tea bags'
  (51/347) Searching keyword: 'Top Ramen chicken'
  (52/347) Searching keyword: 'Heinz Ketchup'
  (53/347) Searching keyword: 'Smuckers Jelly strawberry'
  (54/347) Searching keyword: 'JIF Peanut Butter creamy'
  (55/347) Searching keyword: 'Vegetable'
  (56/347) Searching keyword: 'Infant Formula'
  (57/347) Searching keyword: 'ground beef'
  (58/347) Searching keyword: 'whole chicken'
  (59/347) Searching keyword: 'bacon'
  (60/347) Searching keyword: 'sausage'
  (61/347) Searching keyword: 'pork chops'
  (62/347) Searching keyword: 'deli meat'
  (63/347) Searching keyword: 'steak'
  (64/347) Searching keyword: 'turkey breast'
  (65/347) Searching keyword: 'ham'
  (66/347) Searching keyword: 'salami'
  (67/347) Searching keyword: 'meatballs'
  (68/347) Searching keyword: 'roast beef'
  (69/347) Searching keyword: 'frozen chicken nuggets'
  (70/347) Searching keyword: 'milk'
  (71/347) Searching keyword: 'eggs'
  (72/347) Searching keyword: 'butter'
  (73/347) Searching keyword: 'sour cream'
  (74/347) Searching keyword: 'shredded cheese'
  (75/347) Searching keyword: 'cream cheese'
  (76/347) Searching keyword: 'yogurt'
  (77/347) Searching keyword: 'cottage cheese'
  (78/347) Searching keyword: 'ice cream'
  (79/347) Searching keyword: 'half and half'
  (80/347) Searching keyword: 'apples'
  (81/347) Searching keyword: 'grapes'
  (82/347) Searching keyword: 'carrots'
  (83/347) Searching keyword: 'tomatoes'
  (84/347) Searching keyword: 'lettuce'
  (85/347) Searching keyword: 'broccoli'
  (86/347) Searching keyword: 'potatoes'
  (87/347) Searching keyword: 'onions'
  (88/347) Searching keyword: 'white bread'
  (89/347) Searching keyword: 'whole wheat bread'
  (90/347) Searching keyword: 'hamburger buns'
  (91/347) Searching keyword: 'tortillas'
  (92/347) Searching keyword: 'bagels'
  (93/347) Searching keyword: 'English muffins'
  (94/347) Searching keyword: 'pita bread'
  (95/347) Searching keyword: 'croissants'
  (96/347) Searching keyword: 'dinner rolls'
  (97/347) Searching keyword: 'gluten free bread'
  (98/347) Searching keyword: 'white rice'
  (99/347) Searching keyword: 'brown rice'
  (100/347) Searching keyword: 'elbow macaroni'
  (101/347) Searching keyword: 'lasagna noodles'
  (102/347) Searching keyword: 'instant rice'
  (103/347) Searching keyword: 'ramen'
  (104/347) Searching keyword: 'quinoa'
  (105/347) Searching keyword: 'couscous'
  (106/347) Searching keyword: 'flour'
  (107/347) Searching keyword: 'canned corn'
  (108/347) Searching keyword: 'canned beans'
  (109/347) Searching keyword: 'peanut butter'
  (110/347) Searching keyword: 'jelly'
  (111/347) Searching keyword: 'mayonnaise'
  (112/347) Searching keyword: 'ketchup'
  (113/347) Searching keyword: 'mustard'
  (114/347) Searching keyword: 'cooking oil'
  (115/347) Searching keyword: 'vinegar'
  (116/347) Searching keyword: 'sugar'
  (117/347) Searching keyword: 'toilet paper'
  (118/347) Searching keyword: 'paper towels'
  (119/347) Searching keyword: 'laundry detergent'
  (120/347) Searching keyword: 'dish soap'
  (121/347) Searching keyword: 'trash bags'
  (122/347) Searching keyword: 'cleaning wipes'
  (123/347) Searching keyword: 'air freshener'
  (124/347) Searching keyword: 'aluminum foil'
  (125/347) Searching keyword: 'ziplock bags'
  (126/347) Searching keyword: 'sponges'
  (127/347) Searching keyword: 'coffee'
  (128/347) Searching keyword: 'tea'
  (129/347) Searching keyword: 'orange juice'
  (130/347) Searching keyword: 'apple juice'
  (131/347) Searching keyword: 'soda'
  (132/347) Searching keyword: 'bottled water'
  (133/347) Searching keyword: 'energy drink'
  (134/347) Searching keyword: 'sports drink'
  (135/347) Searching keyword: 'lemonade'
  (136/347) Searching keyword: 'hot cocoa'
  (137/347) Searching keyword: 'potato chips'
  (138/347) Searching keyword: 'crackers'
  (139/347) Searching keyword: 'cookies'
  (140/347) Searching keyword: 'pretzels'
  (141/347) Searching keyword: 'granola bars'
  (142/347) Searching keyword: 'fruit snacks'
  (143/347) Searching keyword: 'popcorn'
  (144/347) Searching keyword: 'trail mix'
  (145/347) Searching keyword: 'jerky'
  (146/347) Searching keyword: 'nuts'
  (147/347) Searching keyword: 'toothpaste'
  (148/347) Searching keyword: 'shampoo'
  (149/347) Searching keyword: 'bar soap'
  (150/347) Searching keyword: 'deodorant'
  (151/347) Searching keyword: 'razor'
  (152/347) Searching keyword: 'apple'
  (153/347) Searching keyword: 'apricot'
  (154/347) Searching keyword: 'artichoke'
  (155/347) Searching keyword: 'arugula'
  (156/347) Searching keyword: 'asparagus'
  (157/347) Searching keyword: 'avocado'
  (158/347) Searching keyword: 'banana'
  (159/347) Searching keyword: 'beet'
  (160/347) Searching keyword: 'bell pepper'
  (161/347) Searching keyword: 'blackberry'
  (162/347) Searching keyword: 'blueberry'
  (163/347) Searching keyword: 'bok choy'
  (164/347) Searching keyword: 'brussels sprouts'
  (165/347) Searching keyword: 'cabbage'
  (166/347) Searching keyword: 'cantaloupe'
  (167/347) Searching keyword: 'carrot'
  (168/347) Searching keyword: 'cauliflower'
  (169/347) Searching keyword: 'celery'
  (170/347) Searching keyword: 'chard'
  (171/347) Searching keyword: 'cherry'
  (172/347) Searching keyword: 'chili pepper'
  (173/347) Searching keyword: 'collard greens'
  (174/347) Searching keyword: 'cucumber'
  (175/347) Searching keyword: 'eggplant'
  (176/347) Searching keyword: 'endive'
  (177/347) Searching keyword: 'escarole'
  (178/347) Searching keyword: 'fig'
  (179/347) Searching keyword: 'garlic'
  (180/347) Searching keyword: 'ginger'
  (181/347) Searching keyword: 'grape'
  (182/347) Searching keyword: 'grapefruit'
  (183/347) Searching keyword: 'green beans'
  (184/347) Searching keyword: 'green onion'
  (185/347) Searching keyword: 'green pepper'
  (186/347) Searching keyword: 'habanero'
  (187/347) Searching keyword: 'honeydew'
  (188/347) Searching keyword: 'jalapeno'
  (189/347) Searching keyword: 'kale'
  (190/347) Searching keyword: 'kiwi'
  (191/347) Searching keyword: 'leek'
  (192/347) Searching keyword: 'lemon'
  (193/347) Searching keyword: 'lime'
  (194/347) Searching keyword: 'mango'
  (195/347) Searching keyword: 'mushroom'
  (196/347) Searching keyword: 'mustard greens'
  (197/347) Searching keyword: 'nectarine'
  (198/347) Searching keyword: 'okra'
  (199/347) Searching keyword: 'onion'
  (200/347) Searching keyword: 'orange'
  (201/347) Searching keyword: 'papaya'
  (202/347) Searching keyword: 'parsnip'
  (203/347) Searching keyword: 'peach'
  (204/347) Searching keyword: 'pear'
  (205/347) Searching keyword: 'pineapple'
  (206/347) Searching keyword: 'plum'
  (207/347) Searching keyword: 'pomegranate'
  (208/347) Searching keyword: 'potato'
  (209/347) Searching keyword: 'pumpkin'
  (210/347) Searching keyword: 'radicchio'
  (211/347) Searching keyword: 'radish'
  (212/347) Searching keyword: 'raspberry'
  (213/347) Searching keyword: 'red cabbage'
  (214/347) Searching keyword: 'red pepper'
  (215/347) Searching keyword: 'romaine lettuce'
  (216/347) Searching keyword: 'rutabaga'
  (217/347) Searching keyword: 'shallot'
  (218/347) Searching keyword: 'snap peas'
  (219/347) Searching keyword: 'snow peas'
  (220/347) Searching keyword: 'spinach'
  (221/347) Searching keyword: 'squash'
  (222/347) Searching keyword: 'strawberry'
  (223/347) Searching keyword: 'sweet potato'
  (224/347) Searching keyword: 'tomato'
  (225/347) Searching keyword: 'turnip'
  (226/347) Searching keyword: 'watermelon'
  (227/347) Searching keyword: 'yellow pepper'
  (228/347) Searching keyword: 'zucchini'
  (229/347) Searching keyword: 'Almond'
  (230/347) Searching keyword: 'Dressing'
  (231/347) Searching keyword: 'Bagel'
  (232/347) Searching keyword: 'Bean'
  (233/347) Searching keyword: 'Soup'
  (234/347) Searching keyword: 'Beef'
  (235/347) Searching keyword: 'Beverages'
  (236/347) Searching keyword: 'Juice'
  (237/347) Searching keyword: 'Bread'
  (238/347) Searching keyword: 'Breakfast bar'
  (239/347) Searching keyword: 'Burrito'
  (240/347) Searching keyword: 'Cactus'
  (241/347) Searching keyword: 'oil'
  (242/347) Searching keyword: 'Canola'
  (243/347) Searching keyword: 'dip'
  (244/347) Searching keyword: 'Cassava'
  (245/347) Searching keyword: 'granola bar'
  (246/347) Searching keyword: 'Cereal'
  (247/347) Searching keyword: 'Cheese'
  (248/347) Searching keyword: 'Chicken'
  (249/347) Searching keyword: 'Chickpea'
  (250/347) Searching keyword: 'Chili'
  (251/347) Searching keyword: 'Chip'
  (252/347) Searching keyword: 'Chocolate'
  (253/347) Searching keyword: 'syrup'
  (254/347) Searching keyword: 'hazelnut'
  (255/347) Searching keyword: 'Coconut'
  (256/347) Searching keyword: 'Cod'
  (257/347) Searching keyword: 'creamer'
  (258/347) Searching keyword: 'Coleslaw'
  (259/347) Searching keyword: 'Collard'
  (260/347) Searching keyword: 'cilantro'
  (261/347) Searching keyword: 'Corn'
  (262/347) Searching keyword: 'Cowpeas'
  (263/347) Searching keyword: 'Cracker'
  (264/347) Searching keyword: 'Cranberry'
  (265/347) Searching keyword: 'wheat'
  (266/347) Searching keyword: 'Cream'
  (267/347) Searching keyword: 'Egg'
  (268/347) Searching keyword: 'Eggnog'
  (269/347) Searching keyword: 'Fava'
  (270/347) Searching keyword: 'Fish'
  (271/347) Searching keyword: 'Flan'
  (272/347) Searching keyword: 'rice'
  (273/347) Searching keyword: 'hot dog'
  (274/347) Searching keyword: 'Frankfurter'
  (275/347) Searching keyword: 'cocktail'
  (276/347) Searching keyword: 'Fruit juice'
  (277/347) Searching keyword: 'Gelatin'
  (278/347) Searching keyword: 'Goat'
  (279/347) Searching keyword: 'Greens'
  (280/347) Searching keyword: 'Guava'
  (281/347) Searching keyword: 'Hominy'
  (282/347) Searching keyword: 'Honey'
  (283/347) Searching keyword: 'Ice'
  (284/347) Searching keyword: 'Icing'
  (285/347) Searching keyword: 'Italian dressing'
  (286/347) Searching keyword: 'preserve'
  (287/347) Searching keyword: 'Jam'
  (288/347) Searching keyword: 'Lard'
  (289/347) Searching keyword: 'Lentil'
  (290/347) Searching keyword: 'Macaroni'
  (291/347) Searching keyword: 'Margarine'
  (292/347) Searching keyword: 'Marmalade'
  (293/347) Searching keyword: 'Masa harina'
  (294/347) Searching keyword: 'Melon'
  (295/347) Searching keyword: 'Mozzarella'
  (296/347) Searching keyword: 'Multigrain'
  (297/347) Searching keyword: 'Noodle'
  (298/347) Searching keyword: 'Nopal'
  (299/347) Searching keyword: 'Nutrition bar'
  (300/347) Searching keyword: 'Nut'
  (301/347) Searching keyword: 'Oat bran'
  (302/347) Searching keyword: 'Oatmeal'
  (303/347) Searching keyword: 'Parsley'
  (304/347) Searching keyword: 'Passion fruit'
  (305/347) Searching keyword: 'Pasta'
  (306/347) Searching keyword: 'Peanut'
  (307/347) Searching keyword: 'Pea'
  (308/347) Searching keyword: 'Pepper'
  (309/347) Searching keyword: 'Persimmon'
  (310/347) Searching keyword: 'relish'
  (311/347) Searching keyword: 'Pinto'
  (312/347) Searching keyword: 'Pizza'
  (313/347) Searching keyword: 'Plantain'
  (314/347) Searching keyword: 'Poppy seed'
  (315/347) Searching keyword: 'Pork'
  (316/347) Searching keyword: 'Prune'
  (317/347) Searching keyword: 'Pudding'
  (318/347) Searching keyword: 'Ravioli'
  (319/347) Searching keyword: 'kidney'
  (320/347) Searching keyword: 'Roll'
  (321/347) Searching keyword: 'Salad'
  (322/347) Searching keyword: 'Salsa'
  (323/347) Searching keyword: 'Salt'
  (324/347) Searching keyword: 'Sandwich'
  (325/347) Searching keyword: 'Sauce'
  (326/347) Searching keyword: 'Sauerkraut'
  (327/347) Searching keyword: 'Seafood'
  (328/347) Searching keyword: 'Sesame'
  (329/347) Searching keyword: 'Sherbet'
  (330/347) Searching keyword: 'Snack'
  (331/347) Searching keyword: 'Soft drink'
  (332/347) Searching keyword: 'Soy'
  (333/347) Searching keyword: 'Soybean'
  (334/347) Searching keyword: 'Spice'
  (335/347) Searching keyword: 'Strawberries'
  (336/347) Searching keyword: 'Sweetener'
  (337/347) Searching keyword: 'Tahini'
  (338/347) Searching keyword: 'Tangerine'
  (339/347) Searching keyword: 'Topping'
  (340/347) Searching keyword: 'Tortilla'
  (341/347) Searching keyword: 'Tuna'
  (342/347) Searching keyword: 'Whipped'
  (343/347) Searching keyword: 'Whiting'
  (344/347) Searching keyword: 'jicama'
  (345/347) Searching keyword: 'Yellow'
  (346/347) Searching keyword: 'bottled water'
  (347/347) Searching keyword: 'bottled spring water'
  Saving and emailing results for store 315...
Payload results saved to G:\.shortcut-targets-by-id\10hwxlrEnEox7VqS6tvo44Q8rX59qZcSg\Drones_MV\UAV Rural Essential Goods Delivery\FOOD_PRICING\Data_Scraping\ACC\ACC_25_11\ACC_315_11_25.csv

Processing ZIP 99612 (store 325)
  (1/347) Searching keyword: 'Gold Medal Flour'
  (2/347) Searching keyword: 'Sugar granulated'
  (3/347) Searching keyword: 'Carnation Evaporated milk'
  (4/347) Searching keyword: 'Cereal Kellogg's corn flakes'
  (5/347) Searching keyword: 'Quaker Oatmeal 18 oz canister'
  (6/347) Searching keyword: 'rice long grain'
  (7/347) Searching keyword: 'White Bread loaf'
  (8/347) Searching keyword: 'Wheat Bread loaf'
  (9/347) Searching keyword: 'Spaghetti'
  (10/347) Searching keyword: 'Tortillas Mission soft taco'
  (11/347) Searching keyword: 'Pilot Bread'
  (12/347) Searching keyword: 'Nabisco saltine crackers'
  (13/347) Searching keyword: 'Ground beef lean'
  (14/347) Searching keyword: 'Chuck roast'
  (15/347) Searching keyword: 'Steak round'
  (16/347) Searching keyword: 'Steak New york'
  (17/347) Searching keyword: 'Chicken whole'
  (18/347) Searching keyword: 'Chicken breast'
  (19/347) Searching keyword: 'Bacon thick'
  (20/347) Searching keyword: 'Pork chops center'
  (21/347) Searching keyword: 'Ham boneless'
  (22/347) Searching keyword: 'Hot Dogs'
  (23/347) Searching keyword: 'Spam'
  (24/347) Searching keyword: 'Tuna light chunk oil'
  (25/347) Searching keyword: 'Eggs 18 count'
  (26/347) Searching keyword: 'Eggs Dozen'
  (27/347) Searching keyword: 'Milk whole 1 gallon'
  (28/347) Searching keyword: 'Milk 2% 1 gallon'
  (29/347) Searching keyword: 'Butter salted'
  (30/347) Searching keyword: 'Tillamook cheddar cheese 2 lb'
  (31/347) Searching keyword: 'Kraft American singles'
  (32/347) Searching keyword: 'Darigold Sour cream 17'
  (33/347) Searching keyword: 'Yoplait Yogurt blueberry'
  (34/347) Searching keyword: 'Vanilla Ice cream'
  (35/347) Searching keyword: 'Red Delicious Apples'
  (36/347) Searching keyword: 'Bananas'
  (37/347) Searching keyword: 'Oranges'
  (38/347) Searching keyword: 'Russet Potatoes'
  (39/347) Searching keyword: 'Iceberg Lettuce'
  (40/347) Searching keyword: 'Tomatoes large'
  (41/347) Searching keyword: 'yellow Onions'
  (42/347) Searching keyword: 'Canned Corn Del Monte'
  (43/347) Searching keyword: 'Canned green beans Del Monte'
  (44/347) Searching keyword: 'Dole Canned mandarin oranges'
  (45/347) Searching keyword: 'Orange juice frozen'
  (46/347) Searching keyword: 'Coke 13'
  (47/347) Searching keyword: 'Pepsi 13'
  (48/347) Searching keyword: '8 Up'
  (49/347) Searching keyword: 'Folgers Coffee'
  (50/347) Searching keyword: 'Lipton Tea bags'
  (51/347) Searching keyword: 'Top Ramen chicken'
  (52/347) Searching keyword: 'Heinz Ketchup'
  (53/347) Searching keyword: 'Smuckers Jelly strawberry'
  (54/347) Searching keyword: 'JIF Peanut Butter creamy'
  (55/347) Searching keyword: 'Vegetable'
  (56/347) Searching keyword: 'Infant Formula'
  (57/347) Searching keyword: 'ground beef'
  (58/347) Searching keyword: 'whole chicken'
  (59/347) Searching keyword: 'bacon'
  (60/347) Searching keyword: 'sausage'
  (61/347) Searching keyword: 'pork chops'
  (62/347) Searching keyword: 'deli meat'
  (63/347) Searching keyword: 'steak'
  (64/347) Searching keyword: 'turkey breast'
  (65/347) Searching keyword: 'ham'
  (66/347) Searching keyword: 'salami'
  (67/347) Searching keyword: 'meatballs'
  (68/347) Searching keyword: 'roast beef'
  (69/347) Searching keyword: 'frozen chicken nuggets'
  (70/347) Searching keyword: 'milk'
  (71/347) Searching keyword: 'eggs'
  (72/347) Searching keyword: 'butter'
  (73/347) Searching keyword: 'sour cream'
  (74/347) Searching keyword: 'shredded cheese'
  (75/347) Searching keyword: 'cream cheese'
  (76/347) Searching keyword: 'yogurt'
  (77/347) Searching keyword: 'cottage cheese'
  (78/347) Searching keyword: 'ice cream'
  (79/347) Searching keyword: 'half and half'
  (80/347) Searching keyword: 'apples'
  (81/347) Searching keyword: 'grapes'
  (82/347) Searching keyword: 'carrots'
  (83/347) Searching keyword: 'tomatoes'
  (84/347) Searching keyword: 'lettuce'
  (85/347) Searching keyword: 'broccoli'
  (86/347) Searching keyword: 'potatoes'
  (87/347) Searching keyword: 'onions'
  (88/347) Searching keyword: 'white bread'
  (89/347) Searching keyword: 'whole wheat bread'
  (90/347) Searching keyword: 'hamburger buns'
  (91/347) Searching keyword: 'tortillas'
  (92/347) Searching keyword: 'bagels'
  (93/347) Searching keyword: 'English muffins'
  (94/347) Searching keyword: 'pita bread'
  (95/347) Searching keyword: 'croissants'
  (96/347) Searching keyword: 'dinner rolls'
  (97/347) Searching keyword: 'gluten free bread'
  (98/347) Searching keyword: 'white rice'
  (99/347) Searching keyword: 'brown rice'
  (100/347) Searching keyword: 'elbow macaroni'
  (101/347) Searching keyword: 'lasagna noodles'
  (102/347) Searching keyword: 'instant rice'
  (103/347) Searching keyword: 'ramen'
  (104/347) Searching keyword: 'quinoa'
  (105/347) Searching keyword: 'couscous'
  (106/347) Searching keyword: 'flour'
  (107/347) Searching keyword: 'canned corn'
  (108/347) Searching keyword: 'canned beans'
  (109/347) Searching keyword: 'peanut butter'
  (110/347) Searching keyword: 'jelly'
  (111/347) Searching keyword: 'mayonnaise'
  (112/347) Searching keyword: 'ketchup'
  (113/347) Searching keyword: 'mustard'
  (114/347) Searching keyword: 'cooking oil'
  (115/347) Searching keyword: 'vinegar'
  (116/347) Searching keyword: 'sugar'
  (117/347) Searching keyword: 'toilet paper'
  (118/347) Searching keyword: 'paper towels'
  (119/347) Searching keyword: 'laundry detergent'
  (120/347) Searching keyword: 'dish soap'
  (121/347) Searching keyword: 'trash bags'
  (122/347) Searching keyword: 'cleaning wipes'
  (123/347) Searching keyword: 'air freshener'
  (124/347) Searching keyword: 'aluminum foil'
  (125/347) Searching keyword: 'ziplock bags'
  (126/347) Searching keyword: 'sponges'
  (127/347) Searching keyword: 'coffee'
  (128/347) Searching keyword: 'tea'
  (129/347) Searching keyword: 'orange juice'
  (130/347) Searching keyword: 'apple juice'
  (131/347) Searching keyword: 'soda'
  (132/347) Searching keyword: 'bottled water'
  (133/347) Searching keyword: 'energy drink'
  (134/347) Searching keyword: 'sports drink'
  (135/347) Searching keyword: 'lemonade'
  (136/347) Searching keyword: 'hot cocoa'
  (137/347) Searching keyword: 'potato chips'
  (138/347) Searching keyword: 'crackers'
  (139/347) Searching keyword: 'cookies'
  (140/347) Searching keyword: 'pretzels'
  (141/347) Searching keyword: 'granola bars'
  (142/347) Searching keyword: 'fruit snacks'
  (143/347) Searching keyword: 'popcorn'
  (144/347) Searching keyword: 'trail mix'
  (145/347) Searching keyword: 'jerky'
  (146/347) Searching keyword: 'nuts'
  (147/347) Searching keyword: 'toothpaste'
  (148/347) Searching keyword: 'shampoo'
  (149/347) Searching keyword: 'bar soap'
  (150/347) Searching keyword: 'deodorant'
  (151/347) Searching keyword: 'razor'
  (152/347) Searching keyword: 'apple'
  (153/347) Searching keyword: 'apricot'
  (154/347) Searching keyword: 'artichoke'
  (155/347) Searching keyword: 'arugula'
  (156/347) Searching keyword: 'asparagus'
  (157/347) Searching keyword: 'avocado'
  (158/347) Searching keyword: 'banana'
  (159/347) Searching keyword: 'beet'
  (160/347) Searching keyword: 'bell pepper'
  (161/347) Searching keyword: 'blackberry'
  (162/347) Searching keyword: 'blueberry'
  (163/347) Searching keyword: 'bok choy'
  (164/347) Searching keyword: 'brussels sprouts'
  (165/347) Searching keyword: 'cabbage'
  (166/347) Searching keyword: 'cantaloupe'
  (167/347) Searching keyword: 'carrot'
  (168/347) Searching keyword: 'cauliflower'
  (169/347) Searching keyword: 'celery'
  (170/347) Searching keyword: 'chard'
  (171/347) Searching keyword: 'cherry'
  (172/347) Searching keyword: 'chili pepper'
  (173/347) Searching keyword: 'collard greens'
  (174/347) Searching keyword: 'cucumber'
  (175/347) Searching keyword: 'eggplant'
  (176/347) Searching keyword: 'endive'
  (177/347) Searching keyword: 'escarole'
  (178/347) Searching keyword: 'fig'
  (179/347) Searching keyword: 'garlic'
  (180/347) Searching keyword: 'ginger'
  (181/347) Searching keyword: 'grape'
  (182/347) Searching keyword: 'grapefruit'
  (183/347) Searching keyword: 'green beans'
  (184/347) Searching keyword: 'green onion'
  (185/347) Searching keyword: 'green pepper'
  (186/347) Searching keyword: 'habanero'
  (187/347) Searching keyword: 'honeydew'
  (188/347) Searching keyword: 'jalapeno'
  (189/347) Searching keyword: 'kale'
  (190/347) Searching keyword: 'kiwi'
  (191/347) Searching keyword: 'leek'
  (192/347) Searching keyword: 'lemon'
  (193/347) Searching keyword: 'lime'
  (194/347) Searching keyword: 'mango'
  (195/347) Searching keyword: 'mushroom'
  (196/347) Searching keyword: 'mustard greens'
  (197/347) Searching keyword: 'nectarine'
  (198/347) Searching keyword: 'okra'
  (199/347) Searching keyword: 'onion'
  (200/347) Searching keyword: 'orange'
  (201/347) Searching keyword: 'papaya'
  (202/347) Searching keyword: 'parsnip'
  (203/347) Searching keyword: 'peach'
  (204/347) Searching keyword: 'pear'
  (205/347) Searching keyword: 'pineapple'
  (206/347) Searching keyword: 'plum'
  (207/347) Searching keyword: 'pomegranate'
  (208/347) Searching keyword: 'potato'
  (209/347) Searching keyword: 'pumpkin'
  (210/347) Searching keyword: 'radicchio'
  (211/347) Searching keyword: 'radish'
  (212/347) Searching keyword: 'raspberry'
  (213/347) Searching keyword: 'red cabbage'
  (214/347) Searching keyword: 'red pepper'
  (215/347) Searching keyword: 'romaine lettuce'
  (216/347) Searching keyword: 'rutabaga'
  (217/347) Searching keyword: 'shallot'
  (218/347) Searching keyword: 'snap peas'
  (219/347) Searching keyword: 'snow peas'
  (220/347) Searching keyword: 'spinach'
  (221/347) Searching keyword: 'squash'
  (222/347) Searching keyword: 'strawberry'
  (223/347) Searching keyword: 'sweet potato'
  (224/347) Searching keyword: 'tomato'
  (225/347) Searching keyword: 'turnip'
  (226/347) Searching keyword: 'watermelon'
  (227/347) Searching keyword: 'yellow pepper'
  (228/347) Searching keyword: 'zucchini'
  (229/347) Searching keyword: 'Almond'
  (230/347) Searching keyword: 'Dressing'
  (231/347) Searching keyword: 'Bagel'
  (232/347) Searching keyword: 'Bean'
  (233/347) Searching keyword: 'Soup'
  (234/347) Searching keyword: 'Beef'
  (235/347) Searching keyword: 'Beverages'
  (236/347) Searching keyword: 'Juice'
  (237/347) Searching keyword: 'Bread'
  (238/347) Searching keyword: 'Breakfast bar'
  (239/347) Searching keyword: 'Burrito'
  (240/347) Searching keyword: 'Cactus'
  (241/347) Searching keyword: 'oil'
  (242/347) Searching keyword: 'Canola'
  (243/347) Searching keyword: 'dip'
  (244/347) Searching keyword: 'Cassava'
  (245/347) Searching keyword: 'granola bar'
  (246/347) Searching keyword: 'Cereal'
  (247/347) Searching keyword: 'Cheese'
  (248/347) Searching keyword: 'Chicken'
  (249/347) Searching keyword: 'Chickpea'
  (250/347) Searching keyword: 'Chili'
  (251/347) Searching keyword: 'Chip'
  (252/347) Searching keyword: 'Chocolate'
  (253/347) Searching keyword: 'syrup'
  (254/347) Searching keyword: 'hazelnut'
  (255/347) Searching keyword: 'Coconut'
  (256/347) Searching keyword: 'Cod'
  (257/347) Searching keyword: 'creamer'
  (258/347) Searching keyword: 'Coleslaw'
  (259/347) Searching keyword: 'Collard'
  (260/347) Searching keyword: 'cilantro'
  (261/347) Searching keyword: 'Corn'
  (262/347) Searching keyword: 'Cowpeas'
  (263/347) Searching keyword: 'Cracker'
  (264/347) Searching keyword: 'Cranberry'
  (265/347) Searching keyword: 'wheat'
  (266/347) Searching keyword: 'Cream'
  (267/347) Searching keyword: 'Egg'
  (268/347) Searching keyword: 'Eggnog'
  (269/347) Searching keyword: 'Fava'
  (270/347) Searching keyword: 'Fish'
  (271/347) Searching keyword: 'Flan'
  (272/347) Searching keyword: 'rice'
  (273/347) Searching keyword: 'hot dog'
  (274/347) Searching keyword: 'Frankfurter'
  (275/347) Searching keyword: 'cocktail'
  (276/347) Searching keyword: 'Fruit juice'
  (277/347) Searching keyword: 'Gelatin'
  (278/347) Searching keyword: 'Goat'
  (279/347) Searching keyword: 'Greens'
  (280/347) Searching keyword: 'Guava'
  (281/347) Searching keyword: 'Hominy'
  (282/347) Searching keyword: 'Honey'
  (283/347) Searching keyword: 'Ice'
  (284/347) Searching keyword: 'Icing'
  (285/347) Searching keyword: 'Italian dressing'
  (286/347) Searching keyword: 'preserve'
  (287/347) Searching keyword: 'Jam'
  (288/347) Searching keyword: 'Lard'
  (289/347) Searching keyword: 'Lentil'
  (290/347) Searching keyword: 'Macaroni'
  (291/347) Searching keyword: 'Margarine'
  (292/347) Searching keyword: 'Marmalade'
  (293/347) Searching keyword: 'Masa harina'
  (294/347) Searching keyword: 'Melon'
  (295/347) Searching keyword: 'Mozzarella'
  (296/347) Searching keyword: 'Multigrain'
  (297/347) Searching keyword: 'Noodle'
  (298/347) Searching keyword: 'Nopal'
  (299/347) Searching keyword: 'Nutrition bar'
  (300/347) Searching keyword: 'Nut'
  (301/347) Searching keyword: 'Oat bran'
  (302/347) Searching keyword: 'Oatmeal'
  (303/347) Searching keyword: 'Parsley'
  (304/347) Searching keyword: 'Passion fruit'
  (305/347) Searching keyword: 'Pasta'
  (306/347) Searching keyword: 'Peanut'
  (307/347) Searching keyword: 'Pea'
  (308/347) Searching keyword: 'Pepper'
  (309/347) Searching keyword: 'Persimmon'
  (310/347) Searching keyword: 'relish'
  (311/347) Searching keyword: 'Pinto'
  (312/347) Searching keyword: 'Pizza'
  (313/347) Searching keyword: 'Plantain'
  (314/347) Searching keyword: 'Poppy seed'
  (315/347) Searching keyword: 'Pork'
  (316/347) Searching keyword: 'Prune'
  (317/347) Searching keyword: 'Pudding'
  (318/347) Searching keyword: 'Ravioli'
  (319/347) Searching keyword: 'kidney'
  (320/347) Searching keyword: 'Roll'
  (321/347) Searching keyword: 'Salad'
  (322/347) Searching keyword: 'Salsa'
  (323/347) Searching keyword: 'Salt'
  (324/347) Searching keyword: 'Sandwich'
  (325/347) Searching keyword: 'Sauce'
  (326/347) Searching keyword: 'Sauerkraut'
  (327/347) Searching keyword: 'Seafood'
  (328/347) Searching keyword: 'Sesame'
  (329/347) Searching keyword: 'Sherbet'
  (330/347) Searching keyword: 'Snack'
  (331/347) Searching keyword: 'Soft drink'
  (332/347) Searching keyword: 'Soy'
  (333/347) Searching keyword: 'Soybean'
  (334/347) Searching keyword: 'Spice'
  (335/347) Searching keyword: 'Strawberries'
  (336/347) Searching keyword: 'Sweetener'
  (337/347) Searching keyword: 'Tahini'
  (338/347) Searching keyword: 'Tangerine'
  (339/347) Searching keyword: 'Topping'
  (340/347) Searching keyword: 'Tortilla'
  (341/347) Searching keyword: 'Tuna'
  (342/347) Searching keyword: 'Whipped'
  (343/347) Searching keyword: 'Whiting'
  (344/347) Searching keyword: 'jicama'
  (345/347) Searching keyword: 'Yellow'
  (346/347) Searching keyword: 'bottled water'
  (347/347) Searching keyword: 'bottled spring water'
  Saving and emailing results for store 325...
Payload results saved to G:\.shortcut-targets-by-id\10hwxlrEnEox7VqS6tvo44Q8rX59qZcSg\Drones_MV\UAV Rural Essential Goods Delivery\FOOD_PRICING\Data_Scraping\ACC\ACC_25_11\ACC_325_11_25.csv

Processing ZIP 99840 (store 330)
  (1/347) Searching keyword: 'Gold Medal Flour'
  (2/347) Searching keyword: 'Sugar granulated'
  (3/347) Searching keyword: 'Carnation Evaporated milk'
  (4/347) Searching keyword: 'Cereal Kellogg's corn flakes'
  (5/347) Searching keyword: 'Quaker Oatmeal 18 oz canister'
  (6/347) Searching keyword: 'rice long grain'
  (7/347) Searching keyword: 'White Bread loaf'
  (8/347) Searching keyword: 'Wheat Bread loaf'
  (9/347) Searching keyword: 'Spaghetti'
  (10/347) Searching keyword: 'Tortillas Mission soft taco'
  (11/347) Searching keyword: 'Pilot Bread'
  (12/347) Searching keyword: 'Nabisco saltine crackers'
  (13/347) Searching keyword: 'Ground beef lean'
  (14/347) Searching keyword: 'Chuck roast'
  (15/347) Searching keyword: 'Steak round'
  (16/347) Searching keyword: 'Steak New york'
  (17/347) Searching keyword: 'Chicken whole'
  (18/347) Searching keyword: 'Chicken breast'
  (19/347) Searching keyword: 'Bacon thick'
  (20/347) Searching keyword: 'Pork chops center'
  (21/347) Searching keyword: 'Ham boneless'
  (22/347) Searching keyword: 'Hot Dogs'
  (23/347) Searching keyword: 'Spam'
  (24/347) Searching keyword: 'Tuna light chunk oil'
  (25/347) Searching keyword: 'Eggs 18 count'
  (26/347) Searching keyword: 'Eggs Dozen'
  (27/347) Searching keyword: 'Milk whole 1 gallon'
  (28/347) Searching keyword: 'Milk 2% 1 gallon'
  (29/347) Searching keyword: 'Butter salted'
  (30/347) Searching keyword: 'Tillamook cheddar cheese 2 lb'
  (31/347) Searching keyword: 'Kraft American singles'
  (32/347) Searching keyword: 'Darigold Sour cream 17'
  (33/347) Searching keyword: 'Yoplait Yogurt blueberry'
  (34/347) Searching keyword: 'Vanilla Ice cream'
  (35/347) Searching keyword: 'Red Delicious Apples'
  (36/347) Searching keyword: 'Bananas'
  (37/347) Searching keyword: 'Oranges'
  (38/347) Searching keyword: 'Russet Potatoes'
  (39/347) Searching keyword: 'Iceberg Lettuce'
  (40/347) Searching keyword: 'Tomatoes large'
  (41/347) Searching keyword: 'yellow Onions'
  (42/347) Searching keyword: 'Canned Corn Del Monte'
  (43/347) Searching keyword: 'Canned green beans Del Monte'
  (44/347) Searching keyword: 'Dole Canned mandarin oranges'
  (45/347) Searching keyword: 'Orange juice frozen'
  (46/347) Searching keyword: 'Coke 13'
  (47/347) Searching keyword: 'Pepsi 13'
  (48/347) Searching keyword: '8 Up'
  (49/347) Searching keyword: 'Folgers Coffee'
  (50/347) Searching keyword: 'Lipton Tea bags'
  (51/347) Searching keyword: 'Top Ramen chicken'
  (52/347) Searching keyword: 'Heinz Ketchup'
  (53/347) Searching keyword: 'Smuckers Jelly strawberry'
  (54/347) Searching keyword: 'JIF Peanut Butter creamy'
  (55/347) Searching keyword: 'Vegetable'
  (56/347) Searching keyword: 'Infant Formula'
  (57/347) Searching keyword: 'ground beef'
  (58/347) Searching keyword: 'whole chicken'
  (59/347) Searching keyword: 'bacon'
  (60/347) Searching keyword: 'sausage'
  (61/347) Searching keyword: 'pork chops'
  (62/347) Searching keyword: 'deli meat'
  (63/347) Searching keyword: 'steak'
  (64/347) Searching keyword: 'turkey breast'
  (65/347) Searching keyword: 'ham'
  (66/347) Searching keyword: 'salami'
  (67/347) Searching keyword: 'meatballs'
  (68/347) Searching keyword: 'roast beef'
  (69/347) Searching keyword: 'frozen chicken nuggets'
  (70/347) Searching keyword: 'milk'
  (71/347) Searching keyword: 'eggs'
  (72/347) Searching keyword: 'butter'
  (73/347) Searching keyword: 'sour cream'
  (74/347) Searching keyword: 'shredded cheese'
  (75/347) Searching keyword: 'cream cheese'
  (76/347) Searching keyword: 'yogurt'
  (77/347) Searching keyword: 'cottage cheese'
  (78/347) Searching keyword: 'ice cream'
  (79/347) Searching keyword: 'half and half'
  (80/347) Searching keyword: 'apples'
  (81/347) Searching keyword: 'grapes'
  (82/347) Searching keyword: 'carrots'
  (83/347) Searching keyword: 'tomatoes'
  (84/347) Searching keyword: 'lettuce'
  (85/347) Searching keyword: 'broccoli'
  (86/347) Searching keyword: 'potatoes'
  (87/347) Searching keyword: 'onions'
  (88/347) Searching keyword: 'white bread'
  (89/347) Searching keyword: 'whole wheat bread'
  (90/347) Searching keyword: 'hamburger buns'
  (91/347) Searching keyword: 'tortillas'
  (92/347) Searching keyword: 'bagels'
  (93/347) Searching keyword: 'English muffins'
  (94/347) Searching keyword: 'pita bread'
  (95/347) Searching keyword: 'croissants'
  (96/347) Searching keyword: 'dinner rolls'
  (97/347) Searching keyword: 'gluten free bread'
  (98/347) Searching keyword: 'white rice'
  (99/347) Searching keyword: 'brown rice'
  (100/347) Searching keyword: 'elbow macaroni'
  (101/347) Searching keyword: 'lasagna noodles'
  (102/347) Searching keyword: 'instant rice'
  (103/347) Searching keyword: 'ramen'
  (104/347) Searching keyword: 'quinoa'
  (105/347) Searching keyword: 'couscous'
  (106/347) Searching keyword: 'flour'
  (107/347) Searching keyword: 'canned corn'
  (108/347) Searching keyword: 'canned beans'
  (109/347) Searching keyword: 'peanut butter'
  (110/347) Searching keyword: 'jelly'
  (111/347) Searching keyword: 'mayonnaise'
  (112/347) Searching keyword: 'ketchup'
  (113/347) Searching keyword: 'mustard'
  (114/347) Searching keyword: 'cooking oil'
  (115/347) Searching keyword: 'vinegar'
  (116/347) Searching keyword: 'sugar'
  (117/347) Searching keyword: 'toilet paper'
  (118/347) Searching keyword: 'paper towels'
  (119/347) Searching keyword: 'laundry detergent'
  (120/347) Searching keyword: 'dish soap'
  (121/347) Searching keyword: 'trash bags'
  (122/347) Searching keyword: 'cleaning wipes'
  (123/347) Searching keyword: 'air freshener'
  (124/347) Searching keyword: 'aluminum foil'
  (125/347) Searching keyword: 'ziplock bags'
  (126/347) Searching keyword: 'sponges'
  (127/347) Searching keyword: 'coffee'
  (128/347) Searching keyword: 'tea'
  (129/347) Searching keyword: 'orange juice'
  (130/347) Searching keyword: 'apple juice'
  (131/347) Searching keyword: 'soda'
  (132/347) Searching keyword: 'bottled water'
  (133/347) Searching keyword: 'energy drink'
  (134/347) Searching keyword: 'sports drink'
  (135/347) Searching keyword: 'lemonade'
  (136/347) Searching keyword: 'hot cocoa'
  (137/347) Searching keyword: 'potato chips'
  (138/347) Searching keyword: 'crackers'
  (139/347) Searching keyword: 'cookies'
  (140/347) Searching keyword: 'pretzels'
  (141/347) Searching keyword: 'granola bars'
  (142/347) Searching keyword: 'fruit snacks'
  (143/347) Searching keyword: 'popcorn'
  (144/347) Searching keyword: 'trail mix'
  (145/347) Searching keyword: 'jerky'
  (146/347) Searching keyword: 'nuts'
  (147/347) Searching keyword: 'toothpaste'
  (148/347) Searching keyword: 'shampoo'
  (149/347) Searching keyword: 'bar soap'
  (150/347) Searching keyword: 'deodorant'
  (151/347) Searching keyword: 'razor'
  (152/347) Searching keyword: 'apple'
  (153/347) Searching keyword: 'apricot'
  (154/347) Searching keyword: 'artichoke'
  (155/347) Searching keyword: 'arugula'
  (156/347) Searching keyword: 'asparagus'
  (157/347) Searching keyword: 'avocado'
  (158/347) Searching keyword: 'banana'
  (159/347) Searching keyword: 'beet'
  (160/347) Searching keyword: 'bell pepper'
  (161/347) Searching keyword: 'blackberry'
  (162/347) Searching keyword: 'blueberry'
  (163/347) Searching keyword: 'bok choy'
  (164/347) Searching keyword: 'brussels sprouts'
  (165/347) Searching keyword: 'cabbage'
  (166/347) Searching keyword: 'cantaloupe'
  (167/347) Searching keyword: 'carrot'
  (168/347) Searching keyword: 'cauliflower'
  (169/347) Searching keyword: 'celery'
  (170/347) Searching keyword: 'chard'
  (171/347) Searching keyword: 'cherry'
  (172/347) Searching keyword: 'chili pepper'
  (173/347) Searching keyword: 'collard greens'
  (174/347) Searching keyword: 'cucumber'
  (175/347) Searching keyword: 'eggplant'
  (176/347) Searching keyword: 'endive'
  (177/347) Searching keyword: 'escarole'
  (178/347) Searching keyword: 'fig'
  (179/347) Searching keyword: 'garlic'
  (180/347) Searching keyword: 'ginger'
  (181/347) Searching keyword: 'grape'
  (182/347) Searching keyword: 'grapefruit'
  (183/347) Searching keyword: 'green beans'
  (184/347) Searching keyword: 'green onion'
  (185/347) Searching keyword: 'green pepper'
  (186/347) Searching keyword: 'habanero'
  (187/347) Searching keyword: 'honeydew'
  (188/347) Searching keyword: 'jalapeno'
  (189/347) Searching keyword: 'kale'
  (190/347) Searching keyword: 'kiwi'
  (191/347) Searching keyword: 'leek'
  (192/347) Searching keyword: 'lemon'
  (193/347) Searching keyword: 'lime'
  (194/347) Searching keyword: 'mango'
  (195/347) Searching keyword: 'mushroom'
  (196/347) Searching keyword: 'mustard greens'
  (197/347) Searching keyword: 'nectarine'
  (198/347) Searching keyword: 'okra'
  (199/347) Searching keyword: 'onion'
  (200/347) Searching keyword: 'orange'
  (201/347) Searching keyword: 'papaya'
  (202/347) Searching keyword: 'parsnip'
  (203/347) Searching keyword: 'peach'
  (204/347) Searching keyword: 'pear'
  (205/347) Searching keyword: 'pineapple'
  (206/347) Searching keyword: 'plum'
  (207/347) Searching keyword: 'pomegranate'
  (208/347) Searching keyword: 'potato'
  (209/347) Searching keyword: 'pumpkin'
  (210/347) Searching keyword: 'radicchio'
  (211/347) Searching keyword: 'radish'
  (212/347) Searching keyword: 'raspberry'
  (213/347) Searching keyword: 'red cabbage'
  (214/347) Searching keyword: 'red pepper'
  (215/347) Searching keyword: 'romaine lettuce'
  (216/347) Searching keyword: 'rutabaga'
  (217/347) Searching keyword: 'shallot'
  (218/347) Searching keyword: 'snap peas'
  (219/347) Searching keyword: 'snow peas'
  (220/347) Searching keyword: 'spinach'
  (221/347) Searching keyword: 'squash'
  (222/347) Searching keyword: 'strawberry'
  (223/347) Searching keyword: 'sweet potato'
  (224/347) Searching keyword: 'tomato'
  (225/347) Searching keyword: 'turnip'
  (226/347) Searching keyword: 'watermelon'
  (227/347) Searching keyword: 'yellow pepper'
  (228/347) Searching keyword: 'zucchini'
  (229/347) Searching keyword: 'Almond'
  (230/347) Searching keyword: 'Dressing'
  (231/347) Searching keyword: 'Bagel'
  (232/347) Searching keyword: 'Bean'
  (233/347) Searching keyword: 'Soup'
  (234/347) Searching keyword: 'Beef'
  (235/347) Searching keyword: 'Beverages'
  (236/347) Searching keyword: 'Juice'
  (237/347) Searching keyword: 'Bread'
  (238/347) Searching keyword: 'Breakfast bar'
  (239/347) Searching keyword: 'Burrito'
  (240/347) Searching keyword: 'Cactus'
  (241/347) Searching keyword: 'oil'
  (242/347) Searching keyword: 'Canola'
  (243/347) Searching keyword: 'dip'
  (244/347) Searching keyword: 'Cassava'
  (245/347) Searching keyword: 'granola bar'
  (246/347) Searching keyword: 'Cereal'
  (247/347) Searching keyword: 'Cheese'
  (248/347) Searching keyword: 'Chicken'
  (249/347) Searching keyword: 'Chickpea'
  (250/347) Searching keyword: 'Chili'
  (251/347) Searching keyword: 'Chip'
  (252/347) Searching keyword: 'Chocolate'
  (253/347) Searching keyword: 'syrup'
  (254/347) Searching keyword: 'hazelnut'
  (255/347) Searching keyword: 'Coconut'
  (256/347) Searching keyword: 'Cod'
  (257/347) Searching keyword: 'creamer'
  (258/347) Searching keyword: 'Coleslaw'
  (259/347) Searching keyword: 'Collard'
  (260/347) Searching keyword: 'cilantro'
  (261/347) Searching keyword: 'Corn'
  (262/347) Searching keyword: 'Cowpeas'
  (263/347) Searching keyword: 'Cracker'
  (264/347) Searching keyword: 'Cranberry'
  (265/347) Searching keyword: 'wheat'
  (266/347) Searching keyword: 'Cream'
  (267/347) Searching keyword: 'Egg'
  (268/347) Searching keyword: 'Eggnog'
  (269/347) Searching keyword: 'Fava'
  (270/347) Searching keyword: 'Fish'
  (271/347) Searching keyword: 'Flan'
  (272/347) Searching keyword: 'rice'
  (273/347) Searching keyword: 'hot dog'
  (274/347) Searching keyword: 'Frankfurter'
  (275/347) Searching keyword: 'cocktail'
  (276/347) Searching keyword: 'Fruit juice'
  (277/347) Searching keyword: 'Gelatin'
  (278/347) Searching keyword: 'Goat'
  (279/347) Searching keyword: 'Greens'
  (280/347) Searching keyword: 'Guava'
  (281/347) Searching keyword: 'Hominy'
  (282/347) Searching keyword: 'Honey'
  (283/347) Searching keyword: 'Ice'
  (284/347) Searching keyword: 'Icing'
  (285/347) Searching keyword: 'Italian dressing'
  (286/347) Searching keyword: 'preserve'
  (287/347) Searching keyword: 'Jam'
  (288/347) Searching keyword: 'Lard'
  (289/347) Searching keyword: 'Lentil'
  (290/347) Searching keyword: 'Macaroni'
  (291/347) Searching keyword: 'Margarine'
  (292/347) Searching keyword: 'Marmalade'
  (293/347) Searching keyword: 'Masa harina'
  (294/347) Searching keyword: 'Melon'
  (295/347) Searching keyword: 'Mozzarella'
  (296/347) Searching keyword: 'Multigrain'
  (297/347) Searching keyword: 'Noodle'
  (298/347) Searching keyword: 'Nopal'
  (299/347) Searching keyword: 'Nutrition bar'
  (300/347) Searching keyword: 'Nut'
  (301/347) Searching keyword: 'Oat bran'
  (302/347) Searching keyword: 'Oatmeal'
  (303/347) Searching keyword: 'Parsley'
  (304/347) Searching keyword: 'Passion fruit'
  (305/347) Searching keyword: 'Pasta'
  (306/347) Searching keyword: 'Peanut'
  (307/347) Searching keyword: 'Pea'
  (308/347) Searching keyword: 'Pepper'
  (309/347) Searching keyword: 'Persimmon'
  (310/347) Searching keyword: 'relish'
  (311/347) Searching keyword: 'Pinto'
  (312/347) Searching keyword: 'Pizza'
  (313/347) Searching keyword: 'Plantain'
  (314/347) Searching keyword: 'Poppy seed'
  (315/347) Searching keyword: 'Pork'
  (316/347) Searching keyword: 'Prune'
  (317/347) Searching keyword: 'Pudding'
  (318/347) Searching keyword: 'Ravioli'
  (319/347) Searching keyword: 'kidney'
  (320/347) Searching keyword: 'Roll'
  (321/347) Searching keyword: 'Salad'
  (322/347) Searching keyword: 'Salsa'
  (323/347) Searching keyword: 'Salt'
  (324/347) Searching keyword: 'Sandwich'
  (325/347) Searching keyword: 'Sauce'
  (326/347) Searching keyword: 'Sauerkraut'
  (327/347) Searching keyword: 'Seafood'
  (328/347) Searching keyword: 'Sesame'
  (329/347) Searching keyword: 'Sherbet'
  (330/347) Searching keyword: 'Snack'
  (331/347) Searching keyword: 'Soft drink'
  (332/347) Searching keyword: 'Soy'
  (333/347) Searching keyword: 'Soybean'
  (334/347) Searching keyword: 'Spice'
  (335/347) Searching keyword: 'Strawberries'
  (336/347) Searching keyword: 'Sweetener'
  (337/347) Searching keyword: 'Tahini'
  (338/347) Searching keyword: 'Tangerine'
  (339/347) Searching keyword: 'Topping'
  (340/347) Searching keyword: 'Tortilla'
  (341/347) Searching keyword: 'Tuna'
  (342/347) Searching keyword: 'Whipped'
  (343/347) Searching keyword: 'Whiting'
  (344/347) Searching keyword: 'jicama'
  (345/347) Searching keyword: 'Yellow'
  (346/347) Searching keyword: 'bottled water'
  (347/347) Searching keyword: 'bottled spring water'
  Saving and emailing results for store 330...
Payload results saved to G:\.shortcut-targets-by-id\10hwxlrEnEox7VqS6tvo44Q8rX59qZcSg\Drones_MV\UAV Rural Essential Goods Delivery\FOOD_PRICING\Data_Scraping\ACC\ACC_25_11\ACC_330_11_25.csv

Processing ZIP 99632 (store 335)
  (1/347) Searching keyword: 'Gold Medal Flour'
  (2/347) Searching keyword: 'Sugar granulated'
  (3/347) Searching keyword: 'Carnation Evaporated milk'
  (4/347) Searching keyword: 'Cereal Kellogg's corn flakes'
  (5/347) Searching keyword: 'Quaker Oatmeal 18 oz canister'
  (6/347) Searching keyword: 'rice long grain'
  (7/347) Searching keyword: 'White Bread loaf'
  (8/347) Searching keyword: 'Wheat Bread loaf'
  (9/347) Searching keyword: 'Spaghetti'
  (10/347) Searching keyword: 'Tortillas Mission soft taco'
  (11/347) Searching keyword: 'Pilot Bread'
  (12/347) Searching keyword: 'Nabisco saltine crackers'
  (13/347) Searching keyword: 'Ground beef lean'
  (14/347) Searching keyword: 'Chuck roast'
  (15/347) Searching keyword: 'Steak round'
  (16/347) Searching keyword: 'Steak New york'
  (17/347) Searching keyword: 'Chicken whole'
  (18/347) Searching keyword: 'Chicken breast'
  (19/347) Searching keyword: 'Bacon thick'
  (20/347) Searching keyword: 'Pork chops center'
  (21/347) Searching keyword: 'Ham boneless'
  (22/347) Searching keyword: 'Hot Dogs'
  (23/347) Searching keyword: 'Spam'
  (24/347) Searching keyword: 'Tuna light chunk oil'
  (25/347) Searching keyword: 'Eggs 18 count'
  (26/347) Searching keyword: 'Eggs Dozen'
  (27/347) Searching keyword: 'Milk whole 1 gallon'
  (28/347) Searching keyword: 'Milk 2% 1 gallon'
  (29/347) Searching keyword: 'Butter salted'
  (30/347) Searching keyword: 'Tillamook cheddar cheese 2 lb'
  (31/347) Searching keyword: 'Kraft American singles'
  (32/347) Searching keyword: 'Darigold Sour cream 17'
  (33/347) Searching keyword: 'Yoplait Yogurt blueberry'
  (34/347) Searching keyword: 'Vanilla Ice cream'
  (35/347) Searching keyword: 'Red Delicious Apples'
  (36/347) Searching keyword: 'Bananas'
  (37/347) Searching keyword: 'Oranges'
  (38/347) Searching keyword: 'Russet Potatoes'
  (39/347) Searching keyword: 'Iceberg Lettuce'
  (40/347) Searching keyword: 'Tomatoes large'
  (41/347) Searching keyword: 'yellow Onions'
  (42/347) Searching keyword: 'Canned Corn Del Monte'
  (43/347) Searching keyword: 'Canned green beans Del Monte'
  (44/347) Searching keyword: 'Dole Canned mandarin oranges'
  (45/347) Searching keyword: 'Orange juice frozen'
  (46/347) Searching keyword: 'Coke 13'
  (47/347) Searching keyword: 'Pepsi 13'
  (48/347) Searching keyword: '8 Up'
  (49/347) Searching keyword: 'Folgers Coffee'
  (50/347) Searching keyword: 'Lipton Tea bags'
  (51/347) Searching keyword: 'Top Ramen chicken'
  (52/347) Searching keyword: 'Heinz Ketchup'
  (53/347) Searching keyword: 'Smuckers Jelly strawberry'
  (54/347) Searching keyword: 'JIF Peanut Butter creamy'
  (55/347) Searching keyword: 'Vegetable'
  (56/347) Searching keyword: 'Infant Formula'
  (57/347) Searching keyword: 'ground beef'
  (58/347) Searching keyword: 'whole chicken'
  (59/347) Searching keyword: 'bacon'
  (60/347) Searching keyword: 'sausage'
  (61/347) Searching keyword: 'pork chops'
  (62/347) Searching keyword: 'deli meat'
  (63/347) Searching keyword: 'steak'
  (64/347) Searching keyword: 'turkey breast'
  (65/347) Searching keyword: 'ham'
  (66/347) Searching keyword: 'salami'
  (67/347) Searching keyword: 'meatballs'
  (68/347) Searching keyword: 'roast beef'
  (69/347) Searching keyword: 'frozen chicken nuggets'
  (70/347) Searching keyword: 'milk'
  (71/347) Searching keyword: 'eggs'
  (72/347) Searching keyword: 'butter'
  (73/347) Searching keyword: 'sour cream'
  (74/347) Searching keyword: 'shredded cheese'
  (75/347) Searching keyword: 'cream cheese'
  (76/347) Searching keyword: 'yogurt'
  (77/347) Searching keyword: 'cottage cheese'
  (78/347) Searching keyword: 'ice cream'
  (79/347) Searching keyword: 'half and half'
  (80/347) Searching keyword: 'apples'
  (81/347) Searching keyword: 'grapes'
  (82/347) Searching keyword: 'carrots'
  (83/347) Searching keyword: 'tomatoes'
  (84/347) Searching keyword: 'lettuce'
  (85/347) Searching keyword: 'broccoli'
  (86/347) Searching keyword: 'potatoes'
  (87/347) Searching keyword: 'onions'
  (88/347) Searching keyword: 'white bread'
  (89/347) Searching keyword: 'whole wheat bread'
  (90/347) Searching keyword: 'hamburger buns'
  (91/347) Searching keyword: 'tortillas'
  (92/347) Searching keyword: 'bagels'
  (93/347) Searching keyword: 'English muffins'
  (94/347) Searching keyword: 'pita bread'
  (95/347) Searching keyword: 'croissants'
  (96/347) Searching keyword: 'dinner rolls'
  (97/347) Searching keyword: 'gluten free bread'
  (98/347) Searching keyword: 'white rice'
  (99/347) Searching keyword: 'brown rice'
  (100/347) Searching keyword: 'elbow macaroni'
  (101/347) Searching keyword: 'lasagna noodles'
  (102/347) Searching keyword: 'instant rice'
  (103/347) Searching keyword: 'ramen'
  (104/347) Searching keyword: 'quinoa'
  (105/347) Searching keyword: 'couscous'
  (106/347) Searching keyword: 'flour'
  (107/347) Searching keyword: 'canned corn'
  (108/347) Searching keyword: 'canned beans'
  (109/347) Searching keyword: 'peanut butter'
  (110/347) Searching keyword: 'jelly'
  (111/347) Searching keyword: 'mayonnaise'
  (112/347) Searching keyword: 'ketchup'
  (113/347) Searching keyword: 'mustard'
  (114/347) Searching keyword: 'cooking oil'
  (115/347) Searching keyword: 'vinegar'
  (116/347) Searching keyword: 'sugar'
  (117/347) Searching keyword: 'toilet paper'
  (118/347) Searching keyword: 'paper towels'
  (119/347) Searching keyword: 'laundry detergent'
  (120/347) Searching keyword: 'dish soap'
  (121/347) Searching keyword: 'trash bags'
  (122/347) Searching keyword: 'cleaning wipes'
  (123/347) Searching keyword: 'air freshener'
  (124/347) Searching keyword: 'aluminum foil'
  (125/347) Searching keyword: 'ziplock bags'
  (126/347) Searching keyword: 'sponges'
  (127/347) Searching keyword: 'coffee'
  (128/347) Searching keyword: 'tea'
  (129/347) Searching keyword: 'orange juice'
  (130/347) Searching keyword: 'apple juice'
  (131/347) Searching keyword: 'soda'
  (132/347) Searching keyword: 'bottled water'
  (133/347) Searching keyword: 'energy drink'
  (134/347) Searching keyword: 'sports drink'
  (135/347) Searching keyword: 'lemonade'
  (136/347) Searching keyword: 'hot cocoa'
  (137/347) Searching keyword: 'potato chips'
  (138/347) Searching keyword: 'crackers'
  (139/347) Searching keyword: 'cookies'
  (140/347) Searching keyword: 'pretzels'
  (141/347) Searching keyword: 'granola bars'
  (142/347) Searching keyword: 'fruit snacks'
  (143/347) Searching keyword: 'popcorn'
  (144/347) Searching keyword: 'trail mix'
  (145/347) Searching keyword: 'jerky'
  (146/347) Searching keyword: 'nuts'
  (147/347) Searching keyword: 'toothpaste'
  (148/347) Searching keyword: 'shampoo'
  (149/347) Searching keyword: 'bar soap'
  (150/347) Searching keyword: 'deodorant'
  (151/347) Searching keyword: 'razor'
  (152/347) Searching keyword: 'apple'
  (153/347) Searching keyword: 'apricot'
  (154/347) Searching keyword: 'artichoke'
  (155/347) Searching keyword: 'arugula'
  (156/347) Searching keyword: 'asparagus'
  (157/347) Searching keyword: 'avocado'
  (158/347) Searching keyword: 'banana'
  (159/347) Searching keyword: 'beet'
  (160/347) Searching keyword: 'bell pepper'
  (161/347) Searching keyword: 'blackberry'
  (162/347) Searching keyword: 'blueberry'
  (163/347) Searching keyword: 'bok choy'
  (164/347) Searching keyword: 'brussels sprouts'
  (165/347) Searching keyword: 'cabbage'
  (166/347) Searching keyword: 'cantaloupe'
  (167/347) Searching keyword: 'carrot'
  (168/347) Searching keyword: 'cauliflower'
  (169/347) Searching keyword: 'celery'
  (170/347) Searching keyword: 'chard'
  (171/347) Searching keyword: 'cherry'
  (172/347) Searching keyword: 'chili pepper'
  (173/347) Searching keyword: 'collard greens'
  (174/347) Searching keyword: 'cucumber'
  (175/347) Searching keyword: 'eggplant'
  (176/347) Searching keyword: 'endive'
  (177/347) Searching keyword: 'escarole'
  (178/347) Searching keyword: 'fig'
  (179/347) Searching keyword: 'garlic'
  (180/347) Searching keyword: 'ginger'
  (181/347) Searching keyword: 'grape'
  (182/347) Searching keyword: 'grapefruit'
  (183/347) Searching keyword: 'green beans'
  (184/347) Searching keyword: 'green onion'
  (185/347) Searching keyword: 'green pepper'
  (186/347) Searching keyword: 'habanero'
  (187/347) Searching keyword: 'honeydew'
  (188/347) Searching keyword: 'jalapeno'
  (189/347) Searching keyword: 'kale'
  (190/347) Searching keyword: 'kiwi'
  (191/347) Searching keyword: 'leek'
  (192/347) Searching keyword: 'lemon'
  (193/347) Searching keyword: 'lime'
  (194/347) Searching keyword: 'mango'
  (195/347) Searching keyword: 'mushroom'
  (196/347) Searching keyword: 'mustard greens'
  (197/347) Searching keyword: 'nectarine'
  (198/347) Searching keyword: 'okra'
  (199/347) Searching keyword: 'onion'
  (200/347) Searching keyword: 'orange'
  (201/347) Searching keyword: 'papaya'
  (202/347) Searching keyword: 'parsnip'
  (203/347) Searching keyword: 'peach'
  (204/347) Searching keyword: 'pear'
  (205/347) Searching keyword: 'pineapple'
  (206/347) Searching keyword: 'plum'
  (207/347) Searching keyword: 'pomegranate'
  (208/347) Searching keyword: 'potato'
  (209/347) Searching keyword: 'pumpkin'
  (210/347) Searching keyword: 'radicchio'
  (211/347) Searching keyword: 'radish'
  (212/347) Searching keyword: 'raspberry'
  (213/347) Searching keyword: 'red cabbage'
  (214/347) Searching keyword: 'red pepper'
  (215/347) Searching keyword: 'romaine lettuce'
  (216/347) Searching keyword: 'rutabaga'
  (217/347) Searching keyword: 'shallot'
  (218/347) Searching keyword: 'snap peas'
  (219/347) Searching keyword: 'snow peas'
  (220/347) Searching keyword: 'spinach'
  (221/347) Searching keyword: 'squash'
  (222/347) Searching keyword: 'strawberry'
  (223/347) Searching keyword: 'sweet potato'
  (224/347) Searching keyword: 'tomato'
  (225/347) Searching keyword: 'turnip'
  (226/347) Searching keyword: 'watermelon'
  (227/347) Searching keyword: 'yellow pepper'
  (228/347) Searching keyword: 'zucchini'
  (229/347) Searching keyword: 'Almond'
  (230/347) Searching keyword: 'Dressing'
  (231/347) Searching keyword: 'Bagel'
  (232/347) Searching keyword: 'Bean'
  (233/347) Searching keyword: 'Soup'
  (234/347) Searching keyword: 'Beef'
  (235/347) Searching keyword: 'Beverages'
  (236/347) Searching keyword: 'Juice'
  (237/347) Searching keyword: 'Bread'
  (238/347) Searching keyword: 'Breakfast bar'
  (239/347) Searching keyword: 'Burrito'
  (240/347) Searching keyword: 'Cactus'
  (241/347) Searching keyword: 'oil'
  (242/347) Searching keyword: 'Canola'
  (243/347) Searching keyword: 'dip'
  (244/347) Searching keyword: 'Cassava'
  (245/347) Searching keyword: 'granola bar'
  (246/347) Searching keyword: 'Cereal'
  (247/347) Searching keyword: 'Cheese'
  (248/347) Searching keyword: 'Chicken'
  (249/347) Searching keyword: 'Chickpea'
  (250/347) Searching keyword: 'Chili'
  (251/347) Searching keyword: 'Chip'
  (252/347) Searching keyword: 'Chocolate'
  (253/347) Searching keyword: 'syrup'
  (254/347) Searching keyword: 'hazelnut'
  (255/347) Searching keyword: 'Coconut'
  (256/347) Searching keyword: 'Cod'
  (257/347) Searching keyword: 'creamer'
  (258/347) Searching keyword: 'Coleslaw'
  (259/347) Searching keyword: 'Collard'
  (260/347) Searching keyword: 'cilantro'
  (261/347) Searching keyword: 'Corn'
  (262/347) Searching keyword: 'Cowpeas'
  (263/347) Searching keyword: 'Cracker'
  (264/347) Searching keyword: 'Cranberry'
  (265/347) Searching keyword: 'wheat'
  (266/347) Searching keyword: 'Cream'
  (267/347) Searching keyword: 'Egg'
  (268/347) Searching keyword: 'Eggnog'
  (269/347) Searching keyword: 'Fava'
  (270/347) Searching keyword: 'Fish'
  (271/347) Searching keyword: 'Flan'
  (272/347) Searching keyword: 'rice'
  (273/347) Searching keyword: 'hot dog'
  (274/347) Searching keyword: 'Frankfurter'
  (275/347) Searching keyword: 'cocktail'
  (276/347) Searching keyword: 'Fruit juice'
  (277/347) Searching keyword: 'Gelatin'
  (278/347) Searching keyword: 'Goat'
  (279/347) Searching keyword: 'Greens'
  (280/347) Searching keyword: 'Guava'
  (281/347) Searching keyword: 'Hominy'
  (282/347) Searching keyword: 'Honey'
  (283/347) Searching keyword: 'Ice'
  (284/347) Searching keyword: 'Icing'
  (285/347) Searching keyword: 'Italian dressing'
  (286/347) Searching keyword: 'preserve'
  (287/347) Searching keyword: 'Jam'
  (288/347) Searching keyword: 'Lard'
  (289/347) Searching keyword: 'Lentil'
  (290/347) Searching keyword: 'Macaroni'
  (291/347) Searching keyword: 'Margarine'
  (292/347) Searching keyword: 'Marmalade'
  (293/347) Searching keyword: 'Masa harina'
  (294/347) Searching keyword: 'Melon'
  (295/347) Searching keyword: 'Mozzarella'
  (296/347) Searching keyword: 'Multigrain'
  (297/347) Searching keyword: 'Noodle'
  (298/347) Searching keyword: 'Nopal'
  (299/347) Searching keyword: 'Nutrition bar'
  (300/347) Searching keyword: 'Nut'
  (301/347) Searching keyword: 'Oat bran'
  (302/347) Searching keyword: 'Oatmeal'
  (303/347) Searching keyword: 'Parsley'
  (304/347) Searching keyword: 'Passion fruit'
  (305/347) Searching keyword: 'Pasta'
  (306/347) Searching keyword: 'Peanut'
  (307/347) Searching keyword: 'Pea'
  (308/347) Searching keyword: 'Pepper'
  (309/347) Searching keyword: 'Persimmon'
  (310/347) Searching keyword: 'relish'
  (311/347) Searching keyword: 'Pinto'
  (312/347) Searching keyword: 'Pizza'
  (313/347) Searching keyword: 'Plantain'
  (314/347) Searching keyword: 'Poppy seed'
  (315/347) Searching keyword: 'Pork'
  (316/347) Searching keyword: 'Prune'
  (317/347) Searching keyword: 'Pudding'
  (318/347) Searching keyword: 'Ravioli'
  (319/347) Searching keyword: 'kidney'
  (320/347) Searching keyword: 'Roll'
  (321/347) Searching keyword: 'Salad'
  (322/347) Searching keyword: 'Salsa'
  (323/347) Searching keyword: 'Salt'
  (324/347) Searching keyword: 'Sandwich'
  (325/347) Searching keyword: 'Sauce'
  (326/347) Searching keyword: 'Sauerkraut'
  (327/347) Searching keyword: 'Seafood'
  (328/347) Searching keyword: 'Sesame'
  (329/347) Searching keyword: 'Sherbet'
  (330/347) Searching keyword: 'Snack'
  (331/347) Searching keyword: 'Soft drink'
  (332/347) Searching keyword: 'Soy'
  (333/347) Searching keyword: 'Soybean'
  (334/347) Searching keyword: 'Spice'
  (335/347) Searching keyword: 'Strawberries'
  (336/347) Searching keyword: 'Sweetener'
  (337/347) Searching keyword: 'Tahini'
  (338/347) Searching keyword: 'Tangerine'
  (339/347) Searching keyword: 'Topping'
  (340/347) Searching keyword: 'Tortilla'
  (341/347) Searching keyword: 'Tuna'
  (342/347) Searching keyword: 'Whipped'
  (343/347) Searching keyword: 'Whiting'
  (344/347) Searching keyword: 'jicama'
  (345/347) Searching keyword: 'Yellow'
  (346/347) Searching keyword: 'bottled water'
  (347/347) Searching keyword: 'bottled spring water'
  Saving and emailing results for store 335...
Payload results saved to G:\.shortcut-targets-by-id\10hwxlrEnEox7VqS6tvo44Q8rX59qZcSg\Drones_MV\UAV Rural Essential Goods Delivery\FOOD_PRICING\Data_Scraping\ACC\ACC_25_11\ACC_335_11_25.csv

Processing ZIP 99581 (store 345)
  (1/347) Searching keyword: 'Gold Medal Flour'
  (2/347) Searching keyword: 'Sugar granulated'
  (3/347) Searching keyword: 'Carnation Evaporated milk'
  (4/347) Searching keyword: 'Cereal Kellogg's corn flakes'
  (5/347) Searching keyword: 'Quaker Oatmeal 18 oz canister'
  (6/347) Searching keyword: 'rice long grain'
  (7/347) Searching keyword: 'White Bread loaf'
  (8/347) Searching keyword: 'Wheat Bread loaf'
  (9/347) Searching keyword: 'Spaghetti'
  (10/347) Searching keyword: 'Tortillas Mission soft taco'
  (11/347) Searching keyword: 'Pilot Bread'
  (12/347) Searching keyword: 'Nabisco saltine crackers'
  (13/347) Searching keyword: 'Ground beef lean'
  (14/347) Searching keyword: 'Chuck roast'
  (15/347) Searching keyword: 'Steak round'
  (16/347) Searching keyword: 'Steak New york'
  (17/347) Searching keyword: 'Chicken whole'
  (18/347) Searching keyword: 'Chicken breast'
  (19/347) Searching keyword: 'Bacon thick'
  (20/347) Searching keyword: 'Pork chops center'
  (21/347) Searching keyword: 'Ham boneless'
  (22/347) Searching keyword: 'Hot Dogs'
  (23/347) Searching keyword: 'Spam'
  (24/347) Searching keyword: 'Tuna light chunk oil'
  (25/347) Searching keyword: 'Eggs 18 count'
  (26/347) Searching keyword: 'Eggs Dozen'
  (27/347) Searching keyword: 'Milk whole 1 gallon'
  (28/347) Searching keyword: 'Milk 2% 1 gallon'
  (29/347) Searching keyword: 'Butter salted'
  (30/347) Searching keyword: 'Tillamook cheddar cheese 2 lb'
  (31/347) Searching keyword: 'Kraft American singles'
  (32/347) Searching keyword: 'Darigold Sour cream 17'
  (33/347) Searching keyword: 'Yoplait Yogurt blueberry'
  (34/347) Searching keyword: 'Vanilla Ice cream'
  (35/347) Searching keyword: 'Red Delicious Apples'
  (36/347) Searching keyword: 'Bananas'
  (37/347) Searching keyword: 'Oranges'
  (38/347) Searching keyword: 'Russet Potatoes'
  (39/347) Searching keyword: 'Iceberg Lettuce'
  (40/347) Searching keyword: 'Tomatoes large'
  (41/347) Searching keyword: 'yellow Onions'
  (42/347) Searching keyword: 'Canned Corn Del Monte'
  (43/347) Searching keyword: 'Canned green beans Del Monte'
  (44/347) Searching keyword: 'Dole Canned mandarin oranges'
  (45/347) Searching keyword: 'Orange juice frozen'
  (46/347) Searching keyword: 'Coke 13'
  (47/347) Searching keyword: 'Pepsi 13'
  (48/347) Searching keyword: '8 Up'
  (49/347) Searching keyword: 'Folgers Coffee'
  (50/347) Searching keyword: 'Lipton Tea bags'
  (51/347) Searching keyword: 'Top Ramen chicken'
  (52/347) Searching keyword: 'Heinz Ketchup'
  (53/347) Searching keyword: 'Smuckers Jelly strawberry'
  (54/347) Searching keyword: 'JIF Peanut Butter creamy'
  (55/347) Searching keyword: 'Vegetable'
  (56/347) Searching keyword: 'Infant Formula'
  (57/347) Searching keyword: 'ground beef'
  (58/347) Searching keyword: 'whole chicken'
  (59/347) Searching keyword: 'bacon'
  (60/347) Searching keyword: 'sausage'
  (61/347) Searching keyword: 'pork chops'
  (62/347) Searching keyword: 'deli meat'
  (63/347) Searching keyword: 'steak'
  (64/347) Searching keyword: 'turkey breast'
  (65/347) Searching keyword: 'ham'
  (66/347) Searching keyword: 'salami'
  (67/347) Searching keyword: 'meatballs'
  (68/347) Searching keyword: 'roast beef'
  (69/347) Searching keyword: 'frozen chicken nuggets'
  (70/347) Searching keyword: 'milk'
  (71/347) Searching keyword: 'eggs'
  (72/347) Searching keyword: 'butter'
  (73/347) Searching keyword: 'sour cream'
  (74/347) Searching keyword: 'shredded cheese'
  (75/347) Searching keyword: 'cream cheese'
  (76/347) Searching keyword: 'yogurt'
  (77/347) Searching keyword: 'cottage cheese'
  (78/347) Searching keyword: 'ice cream'
  (79/347) Searching keyword: 'half and half'
  (80/347) Searching keyword: 'apples'
  (81/347) Searching keyword: 'grapes'
  (82/347) Searching keyword: 'carrots'
  (83/347) Searching keyword: 'tomatoes'
  (84/347) Searching keyword: 'lettuce'
  (85/347) Searching keyword: 'broccoli'
  (86/347) Searching keyword: 'potatoes'
  (87/347) Searching keyword: 'onions'
  (88/347) Searching keyword: 'white bread'
  (89/347) Searching keyword: 'whole wheat bread'
  (90/347) Searching keyword: 'hamburger buns'
  (91/347) Searching keyword: 'tortillas'
  (92/347) Searching keyword: 'bagels'
  (93/347) Searching keyword: 'English muffins'
  (94/347) Searching keyword: 'pita bread'
  (95/347) Searching keyword: 'croissants'
  (96/347) Searching keyword: 'dinner rolls'
  (97/347) Searching keyword: 'gluten free bread'
  (98/347) Searching keyword: 'white rice'
  (99/347) Searching keyword: 'brown rice'
  (100/347) Searching keyword: 'elbow macaroni'
  (101/347) Searching keyword: 'lasagna noodles'
  (102/347) Searching keyword: 'instant rice'
  (103/347) Searching keyword: 'ramen'
  (104/347) Searching keyword: 'quinoa'
  (105/347) Searching keyword: 'couscous'
  (106/347) Searching keyword: 'flour'
  (107/347) Searching keyword: 'canned corn'
  (108/347) Searching keyword: 'canned beans'
  (109/347) Searching keyword: 'peanut butter'
  (110/347) Searching keyword: 'jelly'
  (111/347) Searching keyword: 'mayonnaise'
  (112/347) Searching keyword: 'ketchup'
  (113/347) Searching keyword: 'mustard'
  (114/347) Searching keyword: 'cooking oil'
  (115/347) Searching keyword: 'vinegar'
  (116/347) Searching keyword: 'sugar'
  (117/347) Searching keyword: 'toilet paper'
  (118/347) Searching keyword: 'paper towels'
  (119/347) Searching keyword: 'laundry detergent'
  (120/347) Searching keyword: 'dish soap'
  (121/347) Searching keyword: 'trash bags'
  (122/347) Searching keyword: 'cleaning wipes'
  (123/347) Searching keyword: 'air freshener'
  (124/347) Searching keyword: 'aluminum foil'
  (125/347) Searching keyword: 'ziplock bags'
  (126/347) Searching keyword: 'sponges'
  (127/347) Searching keyword: 'coffee'
  (128/347) Searching keyword: 'tea'
  (129/347) Searching keyword: 'orange juice'
  (130/347) Searching keyword: 'apple juice'
  (131/347) Searching keyword: 'soda'
  (132/347) Searching keyword: 'bottled water'
  (133/347) Searching keyword: 'energy drink'
  (134/347) Searching keyword: 'sports drink'
  (135/347) Searching keyword: 'lemonade'
  (136/347) Searching keyword: 'hot cocoa'
  (137/347) Searching keyword: 'potato chips'
  (138/347) Searching keyword: 'crackers'
  (139/347) Searching keyword: 'cookies'
  (140/347) Searching keyword: 'pretzels'
  (141/347) Searching keyword: 'granola bars'
  (142/347) Searching keyword: 'fruit snacks'
  (143/347) Searching keyword: 'popcorn'
  (144/347) Searching keyword: 'trail mix'
  (145/347) Searching keyword: 'jerky'
  (146/347) Searching keyword: 'nuts'
  (147/347) Searching keyword: 'toothpaste'
  (148/347) Searching keyword: 'shampoo'
  (149/347) Searching keyword: 'bar soap'
  (150/347) Searching keyword: 'deodorant'
  (151/347) Searching keyword: 'razor'
  (152/347) Searching keyword: 'apple'
  (153/347) Searching keyword: 'apricot'
  (154/347) Searching keyword: 'artichoke'
  (155/347) Searching keyword: 'arugula'
  (156/347) Searching keyword: 'asparagus'
  (157/347) Searching keyword: 'avocado'
  (158/347) Searching keyword: 'banana'
  (159/347) Searching keyword: 'beet'
  (160/347) Searching keyword: 'bell pepper'
  (161/347) Searching keyword: 'blackberry'
  (162/347) Searching keyword: 'blueberry'
  (163/347) Searching keyword: 'bok choy'
  (164/347) Searching keyword: 'brussels sprouts'
  (165/347) Searching keyword: 'cabbage'
  (166/347) Searching keyword: 'cantaloupe'
  (167/347) Searching keyword: 'carrot'
  (168/347) Searching keyword: 'cauliflower'
  (169/347) Searching keyword: 'celery'
  (170/347) Searching keyword: 'chard'
  (171/347) Searching keyword: 'cherry'
  (172/347) Searching keyword: 'chili pepper'
  (173/347) Searching keyword: 'collard greens'
  (174/347) Searching keyword: 'cucumber'
  (175/347) Searching keyword: 'eggplant'
  (176/347) Searching keyword: 'endive'
  (177/347) Searching keyword: 'escarole'
  (178/347) Searching keyword: 'fig'
  (179/347) Searching keyword: 'garlic'
  (180/347) Searching keyword: 'ginger'
  (181/347) Searching keyword: 'grape'
  (182/347) Searching keyword: 'grapefruit'
  (183/347) Searching keyword: 'green beans'
  (184/347) Searching keyword: 'green onion'
  (185/347) Searching keyword: 'green pepper'
  (186/347) Searching keyword: 'habanero'
  (187/347) Searching keyword: 'honeydew'
  (188/347) Searching keyword: 'jalapeno'
  (189/347) Searching keyword: 'kale'
  (190/347) Searching keyword: 'kiwi'
  (191/347) Searching keyword: 'leek'
  (192/347) Searching keyword: 'lemon'
  (193/347) Searching keyword: 'lime'
  (194/347) Searching keyword: 'mango'
  (195/347) Searching keyword: 'mushroom'
  (196/347) Searching keyword: 'mustard greens'
  (197/347) Searching keyword: 'nectarine'
  (198/347) Searching keyword: 'okra'
  (199/347) Searching keyword: 'onion'
  (200/347) Searching keyword: 'orange'
  (201/347) Searching keyword: 'papaya'
  (202/347) Searching keyword: 'parsnip'
  (203/347) Searching keyword: 'peach'
  (204/347) Searching keyword: 'pear'
  (205/347) Searching keyword: 'pineapple'
  (206/347) Searching keyword: 'plum'
  (207/347) Searching keyword: 'pomegranate'
  (208/347) Searching keyword: 'potato'
  (209/347) Searching keyword: 'pumpkin'
  (210/347) Searching keyword: 'radicchio'
  (211/347) Searching keyword: 'radish'
  (212/347) Searching keyword: 'raspberry'
  (213/347) Searching keyword: 'red cabbage'
  (214/347) Searching keyword: 'red pepper'
  (215/347) Searching keyword: 'romaine lettuce'
  (216/347) Searching keyword: 'rutabaga'
  (217/347) Searching keyword: 'shallot'
  (218/347) Searching keyword: 'snap peas'
  (219/347) Searching keyword: 'snow peas'
  (220/347) Searching keyword: 'spinach'
  (221/347) Searching keyword: 'squash'
  (222/347) Searching keyword: 'strawberry'
  (223/347) Searching keyword: 'sweet potato'
  (224/347) Searching keyword: 'tomato'
  (225/347) Searching keyword: 'turnip'
  (226/347) Searching keyword: 'watermelon'
  (227/347) Searching keyword: 'yellow pepper'
  (228/347) Searching keyword: 'zucchini'
  (229/347) Searching keyword: 'Almond'
  (230/347) Searching keyword: 'Dressing'
  (231/347) Searching keyword: 'Bagel'
  (232/347) Searching keyword: 'Bean'
  (233/347) Searching keyword: 'Soup'
  (234/347) Searching keyword: 'Beef'
  (235/347) Searching keyword: 'Beverages'
  (236/347) Searching keyword: 'Juice'
  (237/347) Searching keyword: 'Bread'
  (238/347) Searching keyword: 'Breakfast bar'
  (239/347) Searching keyword: 'Burrito'
  (240/347) Searching keyword: 'Cactus'
  (241/347) Searching keyword: 'oil'
  (242/347) Searching keyword: 'Canola'
  (243/347) Searching keyword: 'dip'
  (244/347) Searching keyword: 'Cassava'
  (245/347) Searching keyword: 'granola bar'
  (246/347) Searching keyword: 'Cereal'
  (247/347) Searching keyword: 'Cheese'
  (248/347) Searching keyword: 'Chicken'
  (249/347) Searching keyword: 'Chickpea'
  (250/347) Searching keyword: 'Chili'
  (251/347) Searching keyword: 'Chip'
  (252/347) Searching keyword: 'Chocolate'
  (253/347) Searching keyword: 'syrup'
  (254/347) Searching keyword: 'hazelnut'
  (255/347) Searching keyword: 'Coconut'
  (256/347) Searching keyword: 'Cod'
  (257/347) Searching keyword: 'creamer'
  (258/347) Searching keyword: 'Coleslaw'
  (259/347) Searching keyword: 'Collard'
  (260/347) Searching keyword: 'cilantro'
  (261/347) Searching keyword: 'Corn'
  (262/347) Searching keyword: 'Cowpeas'
  (263/347) Searching keyword: 'Cracker'
  (264/347) Searching keyword: 'Cranberry'
  (265/347) Searching keyword: 'wheat'
  (266/347) Searching keyword: 'Cream'
  (267/347) Searching keyword: 'Egg'
  (268/347) Searching keyword: 'Eggnog'
  (269/347) Searching keyword: 'Fava'
  (270/347) Searching keyword: 'Fish'
  (271/347) Searching keyword: 'Flan'
  (272/347) Searching keyword: 'rice'
  (273/347) Searching keyword: 'hot dog'
  (274/347) Searching keyword: 'Frankfurter'
  (275/347) Searching keyword: 'cocktail'
  (276/347) Searching keyword: 'Fruit juice'
  (277/347) Searching keyword: 'Gelatin'
  (278/347) Searching keyword: 'Goat'
  (279/347) Searching keyword: 'Greens'
  (280/347) Searching keyword: 'Guava'
  (281/347) Searching keyword: 'Hominy'
  (282/347) Searching keyword: 'Honey'
  (283/347) Searching keyword: 'Ice'
  (284/347) Searching keyword: 'Icing'
  (285/347) Searching keyword: 'Italian dressing'
  (286/347) Searching keyword: 'preserve'
  (287/347) Searching keyword: 'Jam'
  (288/347) Searching keyword: 'Lard'
  (289/347) Searching keyword: 'Lentil'
  (290/347) Searching keyword: 'Macaroni'
  (291/347) Searching keyword: 'Margarine'
  (292/347) Searching keyword: 'Marmalade'
  (293/347) Searching keyword: 'Masa harina'
  (294/347) Searching keyword: 'Melon'
  (295/347) Searching keyword: 'Mozzarella'
  (296/347) Searching keyword: 'Multigrain'
  (297/347) Searching keyword: 'Noodle'
  (298/347) Searching keyword: 'Nopal'
  (299/347) Searching keyword: 'Nutrition bar'
  (300/347) Searching keyword: 'Nut'
  (301/347) Searching keyword: 'Oat bran'
  (302/347) Searching keyword: 'Oatmeal'
  (303/347) Searching keyword: 'Parsley'
  (304/347) Searching keyword: 'Passion fruit'
  (305/347) Searching keyword: 'Pasta'
  (306/347) Searching keyword: 'Peanut'
  (307/347) Searching keyword: 'Pea'
  (308/347) Searching keyword: 'Pepper'
  (309/347) Searching keyword: 'Persimmon'
  (310/347) Searching keyword: 'relish'
  (311/347) Searching keyword: 'Pinto'
  (312/347) Searching keyword: 'Pizza'
  (313/347) Searching keyword: 'Plantain'
  (314/347) Searching keyword: 'Poppy seed'
  (315/347) Searching keyword: 'Pork'
  (316/347) Searching keyword: 'Prune'
  (317/347) Searching keyword: 'Pudding'
  (318/347) Searching keyword: 'Ravioli'
  (319/347) Searching keyword: 'kidney'
  (320/347) Searching keyword: 'Roll'
  (321/347) Searching keyword: 'Salad'
  (322/347) Searching keyword: 'Salsa'
  (323/347) Searching keyword: 'Salt'
  (324/347) Searching keyword: 'Sandwich'
  (325/347) Searching keyword: 'Sauce'
  (326/347) Searching keyword: 'Sauerkraut'
  (327/347) Searching keyword: 'Seafood'
  (328/347) Searching keyword: 'Sesame'
  (329/347) Searching keyword: 'Sherbet'
  (330/347) Searching keyword: 'Snack'
  (331/347) Searching keyword: 'Soft drink'
  (332/347) Searching keyword: 'Soy'
  (333/347) Searching keyword: 'Soybean'
  (334/347) Searching keyword: 'Spice'
  (335/347) Searching keyword: 'Strawberries'
  (336/347) Searching keyword: 'Sweetener'
  (337/347) Searching keyword: 'Tahini'
  (338/347) Searching keyword: 'Tangerine'
  (339/347) Searching keyword: 'Topping'
  (340/347) Searching keyword: 'Tortilla'
  (341/347) Searching keyword: 'Tuna'
  (342/347) Searching keyword: 'Whipped'
  (343/347) Searching keyword: 'Whiting'
  (344/347) Searching keyword: 'jicama'
  (345/347) Searching keyword: 'Yellow'
  (346/347) Searching keyword: 'bottled water'
  (347/347) Searching keyword: 'bottled spring water'
  Saving and emailing results for store 345...
Payload results saved to G:\.shortcut-targets-by-id\10hwxlrEnEox7VqS6tvo44Q8rX59qZcSg\Drones_MV\UAV Rural Essential Goods Delivery\FOOD_PRICING\Data_Scraping\ACC\ACC_25_11\ACC_345_11_25.csv

Processing ZIP 99723 (store 358)
  (1/347) Searching keyword: 'Gold Medal Flour'
  (2/347) Searching keyword: 'Sugar granulated'
  (3/347) Searching keyword: 'Carnation Evaporated milk'
  (4/347) Searching keyword: 'Cereal Kellogg's corn flakes'
  (5/347) Searching keyword: 'Quaker Oatmeal 18 oz canister'
  (6/347) Searching keyword: 'rice long grain'
  (7/347) Searching keyword: 'White Bread loaf'
  (8/347) Searching keyword: 'Wheat Bread loaf'
  (9/347) Searching keyword: 'Spaghetti'
  (10/347) Searching keyword: 'Tortillas Mission soft taco'
  (11/347) Searching keyword: 'Pilot Bread'
  (12/347) Searching keyword: 'Nabisco saltine crackers'
  (13/347) Searching keyword: 'Ground beef lean'
  (14/347) Searching keyword: 'Chuck roast'
  (15/347) Searching keyword: 'Steak round'
  (16/347) Searching keyword: 'Steak New york'
  (17/347) Searching keyword: 'Chicken whole'
  (18/347) Searching keyword: 'Chicken breast'
  (19/347) Searching keyword: 'Bacon thick'
  (20/347) Searching keyword: 'Pork chops center'
  (21/347) Searching keyword: 'Ham boneless'
  (22/347) Searching keyword: 'Hot Dogs'
  (23/347) Searching keyword: 'Spam'
  (24/347) Searching keyword: 'Tuna light chunk oil'
  (25/347) Searching keyword: 'Eggs 18 count'
  (26/347) Searching keyword: 'Eggs Dozen'
  (27/347) Searching keyword: 'Milk whole 1 gallon'
  (28/347) Searching keyword: 'Milk 2% 1 gallon'
  (29/347) Searching keyword: 'Butter salted'
  (30/347) Searching keyword: 'Tillamook cheddar cheese 2 lb'
  (31/347) Searching keyword: 'Kraft American singles'
  (32/347) Searching keyword: 'Darigold Sour cream 17'
  (33/347) Searching keyword: 'Yoplait Yogurt blueberry'
  (34/347) Searching keyword: 'Vanilla Ice cream'
  (35/347) Searching keyword: 'Red Delicious Apples'
  (36/347) Searching keyword: 'Bananas'
  (37/347) Searching keyword: 'Oranges'
  (38/347) Searching keyword: 'Russet Potatoes'
  (39/347) Searching keyword: 'Iceberg Lettuce'
  (40/347) Searching keyword: 'Tomatoes large'
  (41/347) Searching keyword: 'yellow Onions'
  (42/347) Searching keyword: 'Canned Corn Del Monte'
  (43/347) Searching keyword: 'Canned green beans Del Monte'
  (44/347) Searching keyword: 'Dole Canned mandarin oranges'
  (45/347) Searching keyword: 'Orange juice frozen'
  (46/347) Searching keyword: 'Coke 13'
  (47/347) Searching keyword: 'Pepsi 13'
  (48/347) Searching keyword: '8 Up'
  (49/347) Searching keyword: 'Folgers Coffee'
  (50/347) Searching keyword: 'Lipton Tea bags'
  (51/347) Searching keyword: 'Top Ramen chicken'
  (52/347) Searching keyword: 'Heinz Ketchup'
  (53/347) Searching keyword: 'Smuckers Jelly strawberry'
  (54/347) Searching keyword: 'JIF Peanut Butter creamy'
  (55/347) Searching keyword: 'Vegetable'
  (56/347) Searching keyword: 'Infant Formula'
  (57/347) Searching keyword: 'ground beef'
  (58/347) Searching keyword: 'whole chicken'
  (59/347) Searching keyword: 'bacon'
  (60/347) Searching keyword: 'sausage'
  (61/347) Searching keyword: 'pork chops'
  (62/347) Searching keyword: 'deli meat'
  (63/347) Searching keyword: 'steak'
  (64/347) Searching keyword: 'turkey breast'
  (65/347) Searching keyword: 'ham'
  (66/347) Searching keyword: 'salami'
  (67/347) Searching keyword: 'meatballs'
  (68/347) Searching keyword: 'roast beef'
  (69/347) Searching keyword: 'frozen chicken nuggets'
  (70/347) Searching keyword: 'milk'
  (71/347) Searching keyword: 'eggs'
  (72/347) Searching keyword: 'butter'
  (73/347) Searching keyword: 'sour cream'
  (74/347) Searching keyword: 'shredded cheese'
  (75/347) Searching keyword: 'cream cheese'
  (76/347) Searching keyword: 'yogurt'
  (77/347) Searching keyword: 'cottage cheese'
  (78/347) Searching keyword: 'ice cream'
  (79/347) Searching keyword: 'half and half'
  (80/347) Searching keyword: 'apples'
  (81/347) Searching keyword: 'grapes'
  (82/347) Searching keyword: 'carrots'
  (83/347) Searching keyword: 'tomatoes'
  (84/347) Searching keyword: 'lettuce'
  (85/347) Searching keyword: 'broccoli'
  (86/347) Searching keyword: 'potatoes'
  (87/347) Searching keyword: 'onions'
  (88/347) Searching keyword: 'white bread'
  (89/347) Searching keyword: 'whole wheat bread'
  (90/347) Searching keyword: 'hamburger buns'
  (91/347) Searching keyword: 'tortillas'
  (92/347) Searching keyword: 'bagels'
  (93/347) Searching keyword: 'English muffins'
  (94/347) Searching keyword: 'pita bread'
  (95/347) Searching keyword: 'croissants'
  (96/347) Searching keyword: 'dinner rolls'
  (97/347) Searching keyword: 'gluten free bread'
  (98/347) Searching keyword: 'white rice'
  (99/347) Searching keyword: 'brown rice'
  (100/347) Searching keyword: 'elbow macaroni'
  (101/347) Searching keyword: 'lasagna noodles'
  (102/347) Searching keyword: 'instant rice'
  (103/347) Searching keyword: 'ramen'
  (104/347) Searching keyword: 'quinoa'
  (105/347) Searching keyword: 'couscous'
  (106/347) Searching keyword: 'flour'
  (107/347) Searching keyword: 'canned corn'
  (108/347) Searching keyword: 'canned beans'
  (109/347) Searching keyword: 'peanut butter'
  (110/347) Searching keyword: 'jelly'
  (111/347) Searching keyword: 'mayonnaise'
  (112/347) Searching keyword: 'ketchup'
  (113/347) Searching keyword: 'mustard'
  (114/347) Searching keyword: 'cooking oil'
  (115/347) Searching keyword: 'vinegar'
  (116/347) Searching keyword: 'sugar'
  (117/347) Searching keyword: 'toilet paper'
  (118/347) Searching keyword: 'paper towels'
  (119/347) Searching keyword: 'laundry detergent'
  (120/347) Searching keyword: 'dish soap'
  (121/347) Searching keyword: 'trash bags'
  (122/347) Searching keyword: 'cleaning wipes'
  (123/347) Searching keyword: 'air freshener'
  (124/347) Searching keyword: 'aluminum foil'
  (125/347) Searching keyword: 'ziplock bags'
  (126/347) Searching keyword: 'sponges'
  (127/347) Searching keyword: 'coffee'
  (128/347) Searching keyword: 'tea'
  (129/347) Searching keyword: 'orange juice'
  (130/347) Searching keyword: 'apple juice'
  (131/347) Searching keyword: 'soda'
  (132/347) Searching keyword: 'bottled water'
  (133/347) Searching keyword: 'energy drink'
  (134/347) Searching keyword: 'sports drink'
  (135/347) Searching keyword: 'lemonade'
  (136/347) Searching keyword: 'hot cocoa'
  (137/347) Searching keyword: 'potato chips'
  (138/347) Searching keyword: 'crackers'
  (139/347) Searching keyword: 'cookies'
  (140/347) Searching keyword: 'pretzels'
  (141/347) Searching keyword: 'granola bars'
  (142/347) Searching keyword: 'fruit snacks'
  (143/347) Searching keyword: 'popcorn'
  (144/347) Searching keyword: 'trail mix'
  (145/347) Searching keyword: 'jerky'
  (146/347) Searching keyword: 'nuts'
  (147/347) Searching keyword: 'toothpaste'
  (148/347) Searching keyword: 'shampoo'
  (149/347) Searching keyword: 'bar soap'
  (150/347) Searching keyword: 'deodorant'
  (151/347) Searching keyword: 'razor'
  (152/347) Searching keyword: 'apple'
  (153/347) Searching keyword: 'apricot'
  (154/347) Searching keyword: 'artichoke'
  (155/347) Searching keyword: 'arugula'
  (156/347) Searching keyword: 'asparagus'
  (157/347) Searching keyword: 'avocado'
  (158/347) Searching keyword: 'banana'
  (159/347) Searching keyword: 'beet'
  (160/347) Searching keyword: 'bell pepper'
  (161/347) Searching keyword: 'blackberry'
  (162/347) Searching keyword: 'blueberry'
  (163/347) Searching keyword: 'bok choy'
  (164/347) Searching keyword: 'brussels sprouts'
  (165/347) Searching keyword: 'cabbage'
  (166/347) Searching keyword: 'cantaloupe'
  (167/347) Searching keyword: 'carrot'
  (168/347) Searching keyword: 'cauliflower'
  (169/347) Searching keyword: 'celery'
  (170/347) Searching keyword: 'chard'
  (171/347) Searching keyword: 'cherry'
  (172/347) Searching keyword: 'chili pepper'
  (173/347) Searching keyword: 'collard greens'
  (174/347) Searching keyword: 'cucumber'
  (175/347) Searching keyword: 'eggplant'
  (176/347) Searching keyword: 'endive'
  (177/347) Searching keyword: 'escarole'
  (178/347) Searching keyword: 'fig'
  (179/347) Searching keyword: 'garlic'
  (180/347) Searching keyword: 'ginger'
  (181/347) Searching keyword: 'grape'
  (182/347) Searching keyword: 'grapefruit'
  (183/347) Searching keyword: 'green beans'
  (184/347) Searching keyword: 'green onion'
  (185/347) Searching keyword: 'green pepper'
  (186/347) Searching keyword: 'habanero'
  (187/347) Searching keyword: 'honeydew'
  (188/347) Searching keyword: 'jalapeno'
  (189/347) Searching keyword: 'kale'
  (190/347) Searching keyword: 'kiwi'
  (191/347) Searching keyword: 'leek'
  (192/347) Searching keyword: 'lemon'
  (193/347) Searching keyword: 'lime'
  (194/347) Searching keyword: 'mango'
  (195/347) Searching keyword: 'mushroom'
  (196/347) Searching keyword: 'mustard greens'
  (197/347) Searching keyword: 'nectarine'
  (198/347) Searching keyword: 'okra'
  (199/347) Searching keyword: 'onion'
  (200/347) Searching keyword: 'orange'
  (201/347) Searching keyword: 'papaya'
  (202/347) Searching keyword: 'parsnip'
  (203/347) Searching keyword: 'peach'
  (204/347) Searching keyword: 'pear'
  (205/347) Searching keyword: 'pineapple'
  (206/347) Searching keyword: 'plum'
  (207/347) Searching keyword: 'pomegranate'
  (208/347) Searching keyword: 'potato'
  (209/347) Searching keyword: 'pumpkin'
  (210/347) Searching keyword: 'radicchio'
  (211/347) Searching keyword: 'radish'
  (212/347) Searching keyword: 'raspberry'
  (213/347) Searching keyword: 'red cabbage'
  (214/347) Searching keyword: 'red pepper'
  (215/347) Searching keyword: 'romaine lettuce'
  (216/347) Searching keyword: 'rutabaga'
  (217/347) Searching keyword: 'shallot'
  (218/347) Searching keyword: 'snap peas'
  (219/347) Searching keyword: 'snow peas'
  (220/347) Searching keyword: 'spinach'
  (221/347) Searching keyword: 'squash'
  (222/347) Searching keyword: 'strawberry'
  (223/347) Searching keyword: 'sweet potato'
  (224/347) Searching keyword: 'tomato'
  (225/347) Searching keyword: 'turnip'
  (226/347) Searching keyword: 'watermelon'
  (227/347) Searching keyword: 'yellow pepper'
  (228/347) Searching keyword: 'zucchini'
  (229/347) Searching keyword: 'Almond'
  (230/347) Searching keyword: 'Dressing'
  (231/347) Searching keyword: 'Bagel'
  (232/347) Searching keyword: 'Bean'
  (233/347) Searching keyword: 'Soup'
  (234/347) Searching keyword: 'Beef'
  (235/347) Searching keyword: 'Beverages'
  (236/347) Searching keyword: 'Juice'
  (237/347) Searching keyword: 'Bread'
  (238/347) Searching keyword: 'Breakfast bar'
  (239/347) Searching keyword: 'Burrito'
  (240/347) Searching keyword: 'Cactus'
  (241/347) Searching keyword: 'oil'
  (242/347) Searching keyword: 'Canola'
  (243/347) Searching keyword: 'dip'
  (244/347) Searching keyword: 'Cassava'
  (245/347) Searching keyword: 'granola bar'
  (246/347) Searching keyword: 'Cereal'
  (247/347) Searching keyword: 'Cheese'
  (248/347) Searching keyword: 'Chicken'
  (249/347) Searching keyword: 'Chickpea'
  (250/347) Searching keyword: 'Chili'
  (251/347) Searching keyword: 'Chip'
  (252/347) Searching keyword: 'Chocolate'
  (253/347) Searching keyword: 'syrup'
  (254/347) Searching keyword: 'hazelnut'
  (255/347) Searching keyword: 'Coconut'
  (256/347) Searching keyword: 'Cod'
  (257/347) Searching keyword: 'creamer'
  (258/347) Searching keyword: 'Coleslaw'
  (259/347) Searching keyword: 'Collard'
  (260/347) Searching keyword: 'cilantro'
  (261/347) Searching keyword: 'Corn'
  (262/347) Searching keyword: 'Cowpeas'
  (263/347) Searching keyword: 'Cracker'
  (264/347) Searching keyword: 'Cranberry'
  (265/347) Searching keyword: 'wheat'
  (266/347) Searching keyword: 'Cream'
  (267/347) Searching keyword: 'Egg'
  (268/347) Searching keyword: 'Eggnog'
  (269/347) Searching keyword: 'Fava'
  (270/347) Searching keyword: 'Fish'
  (271/347) Searching keyword: 'Flan'
  (272/347) Searching keyword: 'rice'
  (273/347) Searching keyword: 'hot dog'
  (274/347) Searching keyword: 'Frankfurter'
  (275/347) Searching keyword: 'cocktail'
  (276/347) Searching keyword: 'Fruit juice'
  (277/347) Searching keyword: 'Gelatin'
  (278/347) Searching keyword: 'Goat'
  (279/347) Searching keyword: 'Greens'
  (280/347) Searching keyword: 'Guava'
  (281/347) Searching keyword: 'Hominy'
  (282/347) Searching keyword: 'Honey'
  (283/347) Searching keyword: 'Ice'
  (284/347) Searching keyword: 'Icing'
  (285/347) Searching keyword: 'Italian dressing'
  (286/347) Searching keyword: 'preserve'
  (287/347) Searching keyword: 'Jam'
  (288/347) Searching keyword: 'Lard'
  (289/347) Searching keyword: 'Lentil'
  (290/347) Searching keyword: 'Macaroni'
  (291/347) Searching keyword: 'Margarine'
  (292/347) Searching keyword: 'Marmalade'
  (293/347) Searching keyword: 'Masa harina'
  (294/347) Searching keyword: 'Melon'
  (295/347) Searching keyword: 'Mozzarella'
  (296/347) Searching keyword: 'Multigrain'
  (297/347) Searching keyword: 'Noodle'
  (298/347) Searching keyword: 'Nopal'
  (299/347) Searching keyword: 'Nutrition bar'
  (300/347) Searching keyword: 'Nut'
  (301/347) Searching keyword: 'Oat bran'
  (302/347) Searching keyword: 'Oatmeal'
  (303/347) Searching keyword: 'Parsley'
  (304/347) Searching keyword: 'Passion fruit'
  (305/347) Searching keyword: 'Pasta'
  (306/347) Searching keyword: 'Peanut'
  (307/347) Searching keyword: 'Pea'
  (308/347) Searching keyword: 'Pepper'
  (309/347) Searching keyword: 'Persimmon'
  (310/347) Searching keyword: 'relish'
  (311/347) Searching keyword: 'Pinto'
  (312/347) Searching keyword: 'Pizza'
  (313/347) Searching keyword: 'Plantain'
  (314/347) Searching keyword: 'Poppy seed'
  (315/347) Searching keyword: 'Pork'
  (316/347) Searching keyword: 'Prune'
  (317/347) Searching keyword: 'Pudding'
  (318/347) Searching keyword: 'Ravioli'
  (319/347) Searching keyword: 'kidney'
  (320/347) Searching keyword: 'Roll'
  (321/347) Searching keyword: 'Salad'
  (322/347) Searching keyword: 'Salsa'
  (323/347) Searching keyword: 'Salt'
  (324/347) Searching keyword: 'Sandwich'
  (325/347) Searching keyword: 'Sauce'
  (326/347) Searching keyword: 'Sauerkraut'
  (327/347) Searching keyword: 'Seafood'
  (328/347) Searching keyword: 'Sesame'
  (329/347) Searching keyword: 'Sherbet'
  (330/347) Searching keyword: 'Snack'
  (331/347) Searching keyword: 'Soft drink'
  (332/347) Searching keyword: 'Soy'
  (333/347) Searching keyword: 'Soybean'
  (334/347) Searching keyword: 'Spice'
  (335/347) Searching keyword: 'Strawberries'
  (336/347) Searching keyword: 'Sweetener'
  (337/347) Searching keyword: 'Tahini'
  (338/347) Searching keyword: 'Tangerine'
  (339/347) Searching keyword: 'Topping'
  (340/347) Searching keyword: 'Tortilla'
  (341/347) Searching keyword: 'Tuna'
  (342/347) Searching keyword: 'Whipped'
  (343/347) Searching keyword: 'Whiting'
  (344/347) Searching keyword: 'jicama'
  (345/347) Searching keyword: 'Yellow'
  (346/347) Searching keyword: 'bottled water'
  (347/347) Searching keyword: 'bottled spring water'
  Saving and emailing results for store 358...
Payload results saved to G:\.shortcut-targets-by-id\10hwxlrEnEox7VqS6tvo44Q8rX59qZcSg\Drones_MV\UAV Rural Essential Goods Delivery\FOOD_PRICING\Data_Scraping\ACC\ACC_25_11\ACC_358_11_25.csv

Processing ZIP 99620 (store 365)
  (1/347) Searching keyword: 'Gold Medal Flour'
  (2/347) Searching keyword: 'Sugar granulated'
  (3/347) Searching keyword: 'Carnation Evaporated milk'
  (4/347) Searching keyword: 'Cereal Kellogg's corn flakes'
  (5/347) Searching keyword: 'Quaker Oatmeal 18 oz canister'
  (6/347) Searching keyword: 'rice long grain'
  (7/347) Searching keyword: 'White Bread loaf'
  (8/347) Searching keyword: 'Wheat Bread loaf'
  (9/347) Searching keyword: 'Spaghetti'
  (10/347) Searching keyword: 'Tortillas Mission soft taco'
  (11/347) Searching keyword: 'Pilot Bread'
  (12/347) Searching keyword: 'Nabisco saltine crackers'
  (13/347) Searching keyword: 'Ground beef lean'
  (14/347) Searching keyword: 'Chuck roast'
  (15/347) Searching keyword: 'Steak round'
  (16/347) Searching keyword: 'Steak New york'
  (17/347) Searching keyword: 'Chicken whole'
  (18/347) Searching keyword: 'Chicken breast'
  (19/347) Searching keyword: 'Bacon thick'
  (20/347) Searching keyword: 'Pork chops center'
  (21/347) Searching keyword: 'Ham boneless'
  (22/347) Searching keyword: 'Hot Dogs'
  (23/347) Searching keyword: 'Spam'
  (24/347) Searching keyword: 'Tuna light chunk oil'
  (25/347) Searching keyword: 'Eggs 18 count'
  (26/347) Searching keyword: 'Eggs Dozen'
  (27/347) Searching keyword: 'Milk whole 1 gallon'
  (28/347) Searching keyword: 'Milk 2% 1 gallon'
  (29/347) Searching keyword: 'Butter salted'
  (30/347) Searching keyword: 'Tillamook cheddar cheese 2 lb'
  (31/347) Searching keyword: 'Kraft American singles'
  (32/347) Searching keyword: 'Darigold Sour cream 17'
  (33/347) Searching keyword: 'Yoplait Yogurt blueberry'
  (34/347) Searching keyword: 'Vanilla Ice cream'
  (35/347) Searching keyword: 'Red Delicious Apples'
  (36/347) Searching keyword: 'Bananas'
  (37/347) Searching keyword: 'Oranges'
  (38/347) Searching keyword: 'Russet Potatoes'
  (39/347) Searching keyword: 'Iceberg Lettuce'
  (40/347) Searching keyword: 'Tomatoes large'
  (41/347) Searching keyword: 'yellow Onions'
  (42/347) Searching keyword: 'Canned Corn Del Monte'
  (43/347) Searching keyword: 'Canned green beans Del Monte'
  (44/347) Searching keyword: 'Dole Canned mandarin oranges'
  (45/347) Searching keyword: 'Orange juice frozen'
  (46/347) Searching keyword: 'Coke 13'
  (47/347) Searching keyword: 'Pepsi 13'
  (48/347) Searching keyword: '8 Up'
  (49/347) Searching keyword: 'Folgers Coffee'
  (50/347) Searching keyword: 'Lipton Tea bags'
  (51/347) Searching keyword: 'Top Ramen chicken'
  (52/347) Searching keyword: 'Heinz Ketchup'
  (53/347) Searching keyword: 'Smuckers Jelly strawberry'
  (54/347) Searching keyword: 'JIF Peanut Butter creamy'
  (55/347) Searching keyword: 'Vegetable'
  (56/347) Searching keyword: 'Infant Formula'
  (57/347) Searching keyword: 'ground beef'
  (58/347) Searching keyword: 'whole chicken'
  (59/347) Searching keyword: 'bacon'
  (60/347) Searching keyword: 'sausage'
  (61/347) Searching keyword: 'pork chops'
  (62/347) Searching keyword: 'deli meat'
  (63/347) Searching keyword: 'steak'
  (64/347) Searching keyword: 'turkey breast'
  (65/347) Searching keyword: 'ham'
  (66/347) Searching keyword: 'salami'
  (67/347) Searching keyword: 'meatballs'
  (68/347) Searching keyword: 'roast beef'
  (69/347) Searching keyword: 'frozen chicken nuggets'
  (70/347) Searching keyword: 'milk'
  (71/347) Searching keyword: 'eggs'
  (72/347) Searching keyword: 'butter'
  (73/347) Searching keyword: 'sour cream'
  (74/347) Searching keyword: 'shredded cheese'
  (75/347) Searching keyword: 'cream cheese'
  (76/347) Searching keyword: 'yogurt'
  (77/347) Searching keyword: 'cottage cheese'
  (78/347) Searching keyword: 'ice cream'
  (79/347) Searching keyword: 'half and half'
  (80/347) Searching keyword: 'apples'
  (81/347) Searching keyword: 'grapes'
  (82/347) Searching keyword: 'carrots'
  (83/347) Searching keyword: 'tomatoes'
  (84/347) Searching keyword: 'lettuce'
  (85/347) Searching keyword: 'broccoli'
  (86/347) Searching keyword: 'potatoes'
  (87/347) Searching keyword: 'onions'
  (88/347) Searching keyword: 'white bread'
  (89/347) Searching keyword: 'whole wheat bread'
  (90/347) Searching keyword: 'hamburger buns'
  (91/347) Searching keyword: 'tortillas'
  (92/347) Searching keyword: 'bagels'
  (93/347) Searching keyword: 'English muffins'
  (94/347) Searching keyword: 'pita bread'
  (95/347) Searching keyword: 'croissants'
  (96/347) Searching keyword: 'dinner rolls'
  (97/347) Searching keyword: 'gluten free bread'
  (98/347) Searching keyword: 'white rice'
  (99/347) Searching keyword: 'brown rice'
  (100/347) Searching keyword: 'elbow macaroni'
  (101/347) Searching keyword: 'lasagna noodles'
  (102/347) Searching keyword: 'instant rice'
  (103/347) Searching keyword: 'ramen'
  (104/347) Searching keyword: 'quinoa'
  (105/347) Searching keyword: 'couscous'
  (106/347) Searching keyword: 'flour'
  (107/347) Searching keyword: 'canned corn'
  (108/347) Searching keyword: 'canned beans'
  (109/347) Searching keyword: 'peanut butter'
  (110/347) Searching keyword: 'jelly'
  (111/347) Searching keyword: 'mayonnaise'
  (112/347) Searching keyword: 'ketchup'
  (113/347) Searching keyword: 'mustard'
  (114/347) Searching keyword: 'cooking oil'
  (115/347) Searching keyword: 'vinegar'
  (116/347) Searching keyword: 'sugar'
  (117/347) Searching keyword: 'toilet paper'
  (118/347) Searching keyword: 'paper towels'
  (119/347) Searching keyword: 'laundry detergent'
  (120/347) Searching keyword: 'dish soap'
  (121/347) Searching keyword: 'trash bags'
  (122/347) Searching keyword: 'cleaning wipes'
  (123/347) Searching keyword: 'air freshener'
  (124/347) Searching keyword: 'aluminum foil'
  (125/347) Searching keyword: 'ziplock bags'
  (126/347) Searching keyword: 'sponges'
  (127/347) Searching keyword: 'coffee'
  (128/347) Searching keyword: 'tea'
  (129/347) Searching keyword: 'orange juice'
  (130/347) Searching keyword: 'apple juice'
  (131/347) Searching keyword: 'soda'
  (132/347) Searching keyword: 'bottled water'
  (133/347) Searching keyword: 'energy drink'
  (134/347) Searching keyword: 'sports drink'
  (135/347) Searching keyword: 'lemonade'
  (136/347) Searching keyword: 'hot cocoa'
  (137/347) Searching keyword: 'potato chips'
  (138/347) Searching keyword: 'crackers'
  (139/347) Searching keyword: 'cookies'
  (140/347) Searching keyword: 'pretzels'
  (141/347) Searching keyword: 'granola bars'
  (142/347) Searching keyword: 'fruit snacks'
  (143/347) Searching keyword: 'popcorn'
  (144/347) Searching keyword: 'trail mix'
  (145/347) Searching keyword: 'jerky'
  (146/347) Searching keyword: 'nuts'
  (147/347) Searching keyword: 'toothpaste'
  (148/347) Searching keyword: 'shampoo'
  (149/347) Searching keyword: 'bar soap'
  (150/347) Searching keyword: 'deodorant'
  (151/347) Searching keyword: 'razor'
  (152/347) Searching keyword: 'apple'
  (153/347) Searching keyword: 'apricot'
  (154/347) Searching keyword: 'artichoke'
  (155/347) Searching keyword: 'arugula'
  (156/347) Searching keyword: 'asparagus'
  (157/347) Searching keyword: 'avocado'
  (158/347) Searching keyword: 'banana'
  (159/347) Searching keyword: 'beet'
  (160/347) Searching keyword: 'bell pepper'
  (161/347) Searching keyword: 'blackberry'
  (162/347) Searching keyword: 'blueberry'
  (163/347) Searching keyword: 'bok choy'
  (164/347) Searching keyword: 'brussels sprouts'
  (165/347) Searching keyword: 'cabbage'
  (166/347) Searching keyword: 'cantaloupe'
  (167/347) Searching keyword: 'carrot'
  (168/347) Searching keyword: 'cauliflower'
  (169/347) Searching keyword: 'celery'
  (170/347) Searching keyword: 'chard'
  (171/347) Searching keyword: 'cherry'
  (172/347) Searching keyword: 'chili pepper'
  (173/347) Searching keyword: 'collard greens'
  (174/347) Searching keyword: 'cucumber'
  (175/347) Searching keyword: 'eggplant'
  (176/347) Searching keyword: 'endive'
  (177/347) Searching keyword: 'escarole'
  (178/347) Searching keyword: 'fig'
  (179/347) Searching keyword: 'garlic'
  (180/347) Searching keyword: 'ginger'
  (181/347) Searching keyword: 'grape'
  (182/347) Searching keyword: 'grapefruit'
  (183/347) Searching keyword: 'green beans'
  (184/347) Searching keyword: 'green onion'
  (185/347) Searching keyword: 'green pepper'
  (186/347) Searching keyword: 'habanero'
  (187/347) Searching keyword: 'honeydew'
  (188/347) Searching keyword: 'jalapeno'
  (189/347) Searching keyword: 'kale'
  (190/347) Searching keyword: 'kiwi'
  (191/347) Searching keyword: 'leek'
  (192/347) Searching keyword: 'lemon'
  (193/347) Searching keyword: 'lime'
  (194/347) Searching keyword: 'mango'
  (195/347) Searching keyword: 'mushroom'
  (196/347) Searching keyword: 'mustard greens'
  (197/347) Searching keyword: 'nectarine'
  (198/347) Searching keyword: 'okra'
  (199/347) Searching keyword: 'onion'
  (200/347) Searching keyword: 'orange'
  (201/347) Searching keyword: 'papaya'
  (202/347) Searching keyword: 'parsnip'
  (203/347) Searching keyword: 'peach'
  (204/347) Searching keyword: 'pear'
  (205/347) Searching keyword: 'pineapple'
  (206/347) Searching keyword: 'plum'
  (207/347) Searching keyword: 'pomegranate'
  (208/347) Searching keyword: 'potato'
  (209/347) Searching keyword: 'pumpkin'
  (210/347) Searching keyword: 'radicchio'
  (211/347) Searching keyword: 'radish'
  (212/347) Searching keyword: 'raspberry'
  (213/347) Searching keyword: 'red cabbage'
  (214/347) Searching keyword: 'red pepper'
  (215/347) Searching keyword: 'romaine lettuce'
  (216/347) Searching keyword: 'rutabaga'
  (217/347) Searching keyword: 'shallot'
  (218/347) Searching keyword: 'snap peas'
  (219/347) Searching keyword: 'snow peas'
  (220/347) Searching keyword: 'spinach'
  (221/347) Searching keyword: 'squash'
  (222/347) Searching keyword: 'strawberry'
  (223/347) Searching keyword: 'sweet potato'
  (224/347) Searching keyword: 'tomato'
  (225/347) Searching keyword: 'turnip'
  (226/347) Searching keyword: 'watermelon'
  (227/347) Searching keyword: 'yellow pepper'
  (228/347) Searching keyword: 'zucchini'
  (229/347) Searching keyword: 'Almond'
  (230/347) Searching keyword: 'Dressing'
  (231/347) Searching keyword: 'Bagel'
  (232/347) Searching keyword: 'Bean'
  (233/347) Searching keyword: 'Soup'
  (234/347) Searching keyword: 'Beef'
  (235/347) Searching keyword: 'Beverages'
  (236/347) Searching keyword: 'Juice'
  (237/347) Searching keyword: 'Bread'
  (238/347) Searching keyword: 'Breakfast bar'
  (239/347) Searching keyword: 'Burrito'
  (240/347) Searching keyword: 'Cactus'
  (241/347) Searching keyword: 'oil'
  (242/347) Searching keyword: 'Canola'
  (243/347) Searching keyword: 'dip'
  (244/347) Searching keyword: 'Cassava'
  (245/347) Searching keyword: 'granola bar'
  (246/347) Searching keyword: 'Cereal'
  (247/347) Searching keyword: 'Cheese'
  (248/347) Searching keyword: 'Chicken'
  (249/347) Searching keyword: 'Chickpea'
  (250/347) Searching keyword: 'Chili'
  (251/347) Searching keyword: 'Chip'
  (252/347) Searching keyword: 'Chocolate'
  (253/347) Searching keyword: 'syrup'
  (254/347) Searching keyword: 'hazelnut'
  (255/347) Searching keyword: 'Coconut'
  (256/347) Searching keyword: 'Cod'
  (257/347) Searching keyword: 'creamer'
  (258/347) Searching keyword: 'Coleslaw'
  (259/347) Searching keyword: 'Collard'
  (260/347) Searching keyword: 'cilantro'
  (261/347) Searching keyword: 'Corn'
  (262/347) Searching keyword: 'Cowpeas'
  (263/347) Searching keyword: 'Cracker'
  (264/347) Searching keyword: 'Cranberry'
  (265/347) Searching keyword: 'wheat'
  (266/347) Searching keyword: 'Cream'
  (267/347) Searching keyword: 'Egg'
  (268/347) Searching keyword: 'Eggnog'
  (269/347) Searching keyword: 'Fava'
  (270/347) Searching keyword: 'Fish'
  (271/347) Searching keyword: 'Flan'
  (272/347) Searching keyword: 'rice'
  (273/347) Searching keyword: 'hot dog'
  (274/347) Searching keyword: 'Frankfurter'
  (275/347) Searching keyword: 'cocktail'
  (276/347) Searching keyword: 'Fruit juice'
  (277/347) Searching keyword: 'Gelatin'
  (278/347) Searching keyword: 'Goat'
  (279/347) Searching keyword: 'Greens'
  (280/347) Searching keyword: 'Guava'
  (281/347) Searching keyword: 'Hominy'
  (282/347) Searching keyword: 'Honey'
  (283/347) Searching keyword: 'Ice'
  (284/347) Searching keyword: 'Icing'
  (285/347) Searching keyword: 'Italian dressing'
  (286/347) Searching keyword: 'preserve'
  (287/347) Searching keyword: 'Jam'
  (288/347) Searching keyword: 'Lard'
  (289/347) Searching keyword: 'Lentil'
  (290/347) Searching keyword: 'Macaroni'
  (291/347) Searching keyword: 'Margarine'
  (292/347) Searching keyword: 'Marmalade'
  (293/347) Searching keyword: 'Masa harina'
  (294/347) Searching keyword: 'Melon'
  (295/347) Searching keyword: 'Mozzarella'
  (296/347) Searching keyword: 'Multigrain'
  (297/347) Searching keyword: 'Noodle'
  (298/347) Searching keyword: 'Nopal'
  (299/347) Searching keyword: 'Nutrition bar'
  (300/347) Searching keyword: 'Nut'
  (301/347) Searching keyword: 'Oat bran'
  (302/347) Searching keyword: 'Oatmeal'
  (303/347) Searching keyword: 'Parsley'
  (304/347) Searching keyword: 'Passion fruit'
  (305/347) Searching keyword: 'Pasta'
  (306/347) Searching keyword: 'Peanut'
  (307/347) Searching keyword: 'Pea'
  (308/347) Searching keyword: 'Pepper'
  (309/347) Searching keyword: 'Persimmon'
  (310/347) Searching keyword: 'relish'
  (311/347) Searching keyword: 'Pinto'
  (312/347) Searching keyword: 'Pizza'
  (313/347) Searching keyword: 'Plantain'
  (314/347) Searching keyword: 'Poppy seed'
  (315/347) Searching keyword: 'Pork'
  (316/347) Searching keyword: 'Prune'
  (317/347) Searching keyword: 'Pudding'
  (318/347) Searching keyword: 'Ravioli'
  (319/347) Searching keyword: 'kidney'
  (320/347) Searching keyword: 'Roll'
  (321/347) Searching keyword: 'Salad'
  (322/347) Searching keyword: 'Salsa'
  (323/347) Searching keyword: 'Salt'
  (324/347) Searching keyword: 'Sandwich'
  (325/347) Searching keyword: 'Sauce'
  (326/347) Searching keyword: 'Sauerkraut'
  (327/347) Searching keyword: 'Seafood'
  (328/347) Searching keyword: 'Sesame'
  (329/347) Searching keyword: 'Sherbet'
  (330/347) Searching keyword: 'Snack'
  (331/347) Searching keyword: 'Soft drink'
  (332/347) Searching keyword: 'Soy'
  (333/347) Searching keyword: 'Soybean'
  (334/347) Searching keyword: 'Spice'
  (335/347) Searching keyword: 'Strawberries'
  (336/347) Searching keyword: 'Sweetener'
  (337/347) Searching keyword: 'Tahini'
  (338/347) Searching keyword: 'Tangerine'
  (339/347) Searching keyword: 'Topping'
  (340/347) Searching keyword: 'Tortilla'
  (341/347) Searching keyword: 'Tuna'
  (342/347) Searching keyword: 'Whipped'
  (343/347) Searching keyword: 'Whiting'
  (344/347) Searching keyword: 'jicama'
  (345/347) Searching keyword: 'Yellow'
  (346/347) Searching keyword: 'bottled water'
  (347/347) Searching keyword: 'bottled spring water'
  Saving and emailing results for store 365...
Payload results saved to G:\.shortcut-targets-by-id\10hwxlrEnEox7VqS6tvo44Q8rX59qZcSg\Drones_MV\UAV Rural Essential Goods Delivery\FOOD_PRICING\Data_Scraping\ACC\ACC_25_11\ACC_365_11_25.csv

Processing ZIP 99925 (store 366)
  (1/347) Searching keyword: 'Gold Medal Flour'
  (2/347) Searching keyword: 'Sugar granulated'
  (3/347) Searching keyword: 'Carnation Evaporated milk'
  (4/347) Searching keyword: 'Cereal Kellogg's corn flakes'
  (5/347) Searching keyword: 'Quaker Oatmeal 18 oz canister'
  (6/347) Searching keyword: 'rice long grain'
  (7/347) Searching keyword: 'White Bread loaf'
  (8/347) Searching keyword: 'Wheat Bread loaf'
  (9/347) Searching keyword: 'Spaghetti'
  (10/347) Searching keyword: 'Tortillas Mission soft taco'
  (11/347) Searching keyword: 'Pilot Bread'
  (12/347) Searching keyword: 'Nabisco saltine crackers'
  (13/347) Searching keyword: 'Ground beef lean'
  (14/347) Searching keyword: 'Chuck roast'
  (15/347) Searching keyword: 'Steak round'
  (16/347) Searching keyword: 'Steak New york'
  (17/347) Searching keyword: 'Chicken whole'
  (18/347) Searching keyword: 'Chicken breast'
  (19/347) Searching keyword: 'Bacon thick'
  (20/347) Searching keyword: 'Pork chops center'
  (21/347) Searching keyword: 'Ham boneless'
  (22/347) Searching keyword: 'Hot Dogs'
  (23/347) Searching keyword: 'Spam'
  (24/347) Searching keyword: 'Tuna light chunk oil'
  (25/347) Searching keyword: 'Eggs 18 count'
  (26/347) Searching keyword: 'Eggs Dozen'
  (27/347) Searching keyword: 'Milk whole 1 gallon'
  (28/347) Searching keyword: 'Milk 2% 1 gallon'
  (29/347) Searching keyword: 'Butter salted'
  (30/347) Searching keyword: 'Tillamook cheddar cheese 2 lb'
  (31/347) Searching keyword: 'Kraft American singles'
  (32/347) Searching keyword: 'Darigold Sour cream 17'
  (33/347) Searching keyword: 'Yoplait Yogurt blueberry'
  (34/347) Searching keyword: 'Vanilla Ice cream'
  (35/347) Searching keyword: 'Red Delicious Apples'
  (36/347) Searching keyword: 'Bananas'
  (37/347) Searching keyword: 'Oranges'
  (38/347) Searching keyword: 'Russet Potatoes'
  (39/347) Searching keyword: 'Iceberg Lettuce'
  (40/347) Searching keyword: 'Tomatoes large'
  (41/347) Searching keyword: 'yellow Onions'
  (42/347) Searching keyword: 'Canned Corn Del Monte'
  (43/347) Searching keyword: 'Canned green beans Del Monte'
  (44/347) Searching keyword: 'Dole Canned mandarin oranges'
  (45/347) Searching keyword: 'Orange juice frozen'
  (46/347) Searching keyword: 'Coke 13'
  (47/347) Searching keyword: 'Pepsi 13'
  (48/347) Searching keyword: '8 Up'
  (49/347) Searching keyword: 'Folgers Coffee'
  (50/347) Searching keyword: 'Lipton Tea bags'
  (51/347) Searching keyword: 'Top Ramen chicken'
  (52/347) Searching keyword: 'Heinz Ketchup'
  (53/347) Searching keyword: 'Smuckers Jelly strawberry'
  (54/347) Searching keyword: 'JIF Peanut Butter creamy'
  (55/347) Searching keyword: 'Vegetable'
  (56/347) Searching keyword: 'Infant Formula'
  (57/347) Searching keyword: 'ground beef'
  (58/347) Searching keyword: 'whole chicken'
  (59/347) Searching keyword: 'bacon'
  (60/347) Searching keyword: 'sausage'
  (61/347) Searching keyword: 'pork chops'
  (62/347) Searching keyword: 'deli meat'
  (63/347) Searching keyword: 'steak'
  (64/347) Searching keyword: 'turkey breast'
  (65/347) Searching keyword: 'ham'
  (66/347) Searching keyword: 'salami'
  (67/347) Searching keyword: 'meatballs'
  (68/347) Searching keyword: 'roast beef'
  (69/347) Searching keyword: 'frozen chicken nuggets'
  (70/347) Searching keyword: 'milk'
  (71/347) Searching keyword: 'eggs'
  (72/347) Searching keyword: 'butter'
  (73/347) Searching keyword: 'sour cream'
  (74/347) Searching keyword: 'shredded cheese'
  (75/347) Searching keyword: 'cream cheese'
  (76/347) Searching keyword: 'yogurt'
  (77/347) Searching keyword: 'cottage cheese'
  (78/347) Searching keyword: 'ice cream'
  (79/347) Searching keyword: 'half and half'
  (80/347) Searching keyword: 'apples'
  (81/347) Searching keyword: 'grapes'
  (82/347) Searching keyword: 'carrots'
  (83/347) Searching keyword: 'tomatoes'
  (84/347) Searching keyword: 'lettuce'
  (85/347) Searching keyword: 'broccoli'
  (86/347) Searching keyword: 'potatoes'
  (87/347) Searching keyword: 'onions'
  (88/347) Searching keyword: 'white bread'
  (89/347) Searching keyword: 'whole wheat bread'
  (90/347) Searching keyword: 'hamburger buns'
  (91/347) Searching keyword: 'tortillas'
  (92/347) Searching keyword: 'bagels'
  (93/347) Searching keyword: 'English muffins'
  (94/347) Searching keyword: 'pita bread'
  (95/347) Searching keyword: 'croissants'
  (96/347) Searching keyword: 'dinner rolls'
  (97/347) Searching keyword: 'gluten free bread'
  (98/347) Searching keyword: 'white rice'
  (99/347) Searching keyword: 'brown rice'
  (100/347) Searching keyword: 'elbow macaroni'
  (101/347) Searching keyword: 'lasagna noodles'
  (102/347) Searching keyword: 'instant rice'
  (103/347) Searching keyword: 'ramen'
  (104/347) Searching keyword: 'quinoa'
  (105/347) Searching keyword: 'couscous'
  (106/347) Searching keyword: 'flour'
  (107/347) Searching keyword: 'canned corn'
  (108/347) Searching keyword: 'canned beans'
  (109/347) Searching keyword: 'peanut butter'
  (110/347) Searching keyword: 'jelly'
  (111/347) Searching keyword: 'mayonnaise'
  (112/347) Searching keyword: 'ketchup'
  (113/347) Searching keyword: 'mustard'
  (114/347) Searching keyword: 'cooking oil'
  (115/347) Searching keyword: 'vinegar'
  (116/347) Searching keyword: 'sugar'
  (117/347) Searching keyword: 'toilet paper'
  (118/347) Searching keyword: 'paper towels'
  (119/347) Searching keyword: 'laundry detergent'
  (120/347) Searching keyword: 'dish soap'
  (121/347) Searching keyword: 'trash bags'
  (122/347) Searching keyword: 'cleaning wipes'
  (123/347) Searching keyword: 'air freshener'
  (124/347) Searching keyword: 'aluminum foil'
  (125/347) Searching keyword: 'ziplock bags'
  (126/347) Searching keyword: 'sponges'
  (127/347) Searching keyword: 'coffee'
  (128/347) Searching keyword: 'tea'
  (129/347) Searching keyword: 'orange juice'
  (130/347) Searching keyword: 'apple juice'
  (131/347) Searching keyword: 'soda'
  (132/347) Searching keyword: 'bottled water'
  (133/347) Searching keyword: 'energy drink'
  (134/347) Searching keyword: 'sports drink'
  (135/347) Searching keyword: 'lemonade'
  (136/347) Searching keyword: 'hot cocoa'
  (137/347) Searching keyword: 'potato chips'
  (138/347) Searching keyword: 'crackers'
  (139/347) Searching keyword: 'cookies'
  (140/347) Searching keyword: 'pretzels'
  (141/347) Searching keyword: 'granola bars'
  (142/347) Searching keyword: 'fruit snacks'
  (143/347) Searching keyword: 'popcorn'
  (144/347) Searching keyword: 'trail mix'
  (145/347) Searching keyword: 'jerky'
  (146/347) Searching keyword: 'nuts'
  (147/347) Searching keyword: 'toothpaste'
  (148/347) Searching keyword: 'shampoo'
  (149/347) Searching keyword: 'bar soap'
  (150/347) Searching keyword: 'deodorant'
  (151/347) Searching keyword: 'razor'
  (152/347) Searching keyword: 'apple'
  (153/347) Searching keyword: 'apricot'
  (154/347) Searching keyword: 'artichoke'
  (155/347) Searching keyword: 'arugula'
  (156/347) Searching keyword: 'asparagus'
  (157/347) Searching keyword: 'avocado'
  (158/347) Searching keyword: 'banana'
  (159/347) Searching keyword: 'beet'
  (160/347) Searching keyword: 'bell pepper'
  (161/347) Searching keyword: 'blackberry'
  (162/347) Searching keyword: 'blueberry'
  (163/347) Searching keyword: 'bok choy'
  (164/347) Searching keyword: 'brussels sprouts'
  (165/347) Searching keyword: 'cabbage'
  (166/347) Searching keyword: 'cantaloupe'
  (167/347) Searching keyword: 'carrot'
  (168/347) Searching keyword: 'cauliflower'
  (169/347) Searching keyword: 'celery'
  (170/347) Searching keyword: 'chard'
  (171/347) Searching keyword: 'cherry'
  (172/347) Searching keyword: 'chili pepper'
  (173/347) Searching keyword: 'collard greens'
  (174/347) Searching keyword: 'cucumber'
  (175/347) Searching keyword: 'eggplant'
  (176/347) Searching keyword: 'endive'
  (177/347) Searching keyword: 'escarole'
  (178/347) Searching keyword: 'fig'
  (179/347) Searching keyword: 'garlic'
  (180/347) Searching keyword: 'ginger'
  (181/347) Searching keyword: 'grape'
  (182/347) Searching keyword: 'grapefruit'
  (183/347) Searching keyword: 'green beans'
  (184/347) Searching keyword: 'green onion'
  (185/347) Searching keyword: 'green pepper'
  (186/347) Searching keyword: 'habanero'
  (187/347) Searching keyword: 'honeydew'
  (188/347) Searching keyword: 'jalapeno'
  (189/347) Searching keyword: 'kale'
  (190/347) Searching keyword: 'kiwi'
  (191/347) Searching keyword: 'leek'
  (192/347) Searching keyword: 'lemon'
  (193/347) Searching keyword: 'lime'
  (194/347) Searching keyword: 'mango'
  (195/347) Searching keyword: 'mushroom'
  (196/347) Searching keyword: 'mustard greens'
  (197/347) Searching keyword: 'nectarine'
  (198/347) Searching keyword: 'okra'
  (199/347) Searching keyword: 'onion'
  (200/347) Searching keyword: 'orange'
  (201/347) Searching keyword: 'papaya'
  (202/347) Searching keyword: 'parsnip'
  (203/347) Searching keyword: 'peach'
  (204/347) Searching keyword: 'pear'
  (205/347) Searching keyword: 'pineapple'
  (206/347) Searching keyword: 'plum'
  (207/347) Searching keyword: 'pomegranate'
  (208/347) Searching keyword: 'potato'
  (209/347) Searching keyword: 'pumpkin'
  (210/347) Searching keyword: 'radicchio'
  (211/347) Searching keyword: 'radish'
  (212/347) Searching keyword: 'raspberry'
  (213/347) Searching keyword: 'red cabbage'
  (214/347) Searching keyword: 'red pepper'
  (215/347) Searching keyword: 'romaine lettuce'
  (216/347) Searching keyword: 'rutabaga'
  (217/347) Searching keyword: 'shallot'
  (218/347) Searching keyword: 'snap peas'
  (219/347) Searching keyword: 'snow peas'
  (220/347) Searching keyword: 'spinach'
  (221/347) Searching keyword: 'squash'
  (222/347) Searching keyword: 'strawberry'
  (223/347) Searching keyword: 'sweet potato'
  (224/347) Searching keyword: 'tomato'
  (225/347) Searching keyword: 'turnip'
  (226/347) Searching keyword: 'watermelon'
  (227/347) Searching keyword: 'yellow pepper'
  (228/347) Searching keyword: 'zucchini'
  (229/347) Searching keyword: 'Almond'
  (230/347) Searching keyword: 'Dressing'
  (231/347) Searching keyword: 'Bagel'
  (232/347) Searching keyword: 'Bean'
  (233/347) Searching keyword: 'Soup'
  (234/347) Searching keyword: 'Beef'
  (235/347) Searching keyword: 'Beverages'
  (236/347) Searching keyword: 'Juice'
  (237/347) Searching keyword: 'Bread'
  (238/347) Searching keyword: 'Breakfast bar'
  (239/347) Searching keyword: 'Burrito'
  (240/347) Searching keyword: 'Cactus'
  (241/347) Searching keyword: 'oil'
  (242/347) Searching keyword: 'Canola'
  (243/347) Searching keyword: 'dip'
  (244/347) Searching keyword: 'Cassava'
  (245/347) Searching keyword: 'granola bar'
  (246/347) Searching keyword: 'Cereal'
  (247/347) Searching keyword: 'Cheese'
  (248/347) Searching keyword: 'Chicken'
  (249/347) Searching keyword: 'Chickpea'
  (250/347) Searching keyword: 'Chili'
  (251/347) Searching keyword: 'Chip'
  (252/347) Searching keyword: 'Chocolate'
  (253/347) Searching keyword: 'syrup'
  (254/347) Searching keyword: 'hazelnut'
  (255/347) Searching keyword: 'Coconut'
  (256/347) Searching keyword: 'Cod'
  (257/347) Searching keyword: 'creamer'
  (258/347) Searching keyword: 'Coleslaw'
  (259/347) Searching keyword: 'Collard'
  (260/347) Searching keyword: 'cilantro'
  (261/347) Searching keyword: 'Corn'
  (262/347) Searching keyword: 'Cowpeas'
  (263/347) Searching keyword: 'Cracker'
  (264/347) Searching keyword: 'Cranberry'
  (265/347) Searching keyword: 'wheat'
  (266/347) Searching keyword: 'Cream'
  (267/347) Searching keyword: 'Egg'
  (268/347) Searching keyword: 'Eggnog'
  (269/347) Searching keyword: 'Fava'
  (270/347) Searching keyword: 'Fish'
  (271/347) Searching keyword: 'Flan'
  (272/347) Searching keyword: 'rice'
  (273/347) Searching keyword: 'hot dog'
  (274/347) Searching keyword: 'Frankfurter'
  (275/347) Searching keyword: 'cocktail'
  (276/347) Searching keyword: 'Fruit juice'
  (277/347) Searching keyword: 'Gelatin'
  (278/347) Searching keyword: 'Goat'
  (279/347) Searching keyword: 'Greens'
  (280/347) Searching keyword: 'Guava'
  (281/347) Searching keyword: 'Hominy'
  (282/347) Searching keyword: 'Honey'
  (283/347) Searching keyword: 'Ice'
  (284/347) Searching keyword: 'Icing'
  (285/347) Searching keyword: 'Italian dressing'
  (286/347) Searching keyword: 'preserve'
  (287/347) Searching keyword: 'Jam'
  (288/347) Searching keyword: 'Lard'
  (289/347) Searching keyword: 'Lentil'
  (290/347) Searching keyword: 'Macaroni'
  (291/347) Searching keyword: 'Margarine'
  (292/347) Searching keyword: 'Marmalade'
  (293/347) Searching keyword: 'Masa harina'
  (294/347) Searching keyword: 'Melon'
  (295/347) Searching keyword: 'Mozzarella'
  (296/347) Searching keyword: 'Multigrain'
  (297/347) Searching keyword: 'Noodle'
  (298/347) Searching keyword: 'Nopal'
  (299/347) Searching keyword: 'Nutrition bar'
  (300/347) Searching keyword: 'Nut'
  (301/347) Searching keyword: 'Oat bran'
  (302/347) Searching keyword: 'Oatmeal'
  (303/347) Searching keyword: 'Parsley'
  (304/347) Searching keyword: 'Passion fruit'
  (305/347) Searching keyword: 'Pasta'
  (306/347) Searching keyword: 'Peanut'
  (307/347) Searching keyword: 'Pea'
  (308/347) Searching keyword: 'Pepper'
  (309/347) Searching keyword: 'Persimmon'
  (310/347) Searching keyword: 'relish'
  (311/347) Searching keyword: 'Pinto'
  (312/347) Searching keyword: 'Pizza'
  (313/347) Searching keyword: 'Plantain'
  (314/347) Searching keyword: 'Poppy seed'
  (315/347) Searching keyword: 'Pork'
  (316/347) Searching keyword: 'Prune'
  (317/347) Searching keyword: 'Pudding'
  (318/347) Searching keyword: 'Ravioli'
  (319/347) Searching keyword: 'kidney'
  (320/347) Searching keyword: 'Roll'
  (321/347) Searching keyword: 'Salad'
  (322/347) Searching keyword: 'Salsa'
  (323/347) Searching keyword: 'Salt'
  (324/347) Searching keyword: 'Sandwich'
  (325/347) Searching keyword: 'Sauce'
  (326/347) Searching keyword: 'Sauerkraut'
  (327/347) Searching keyword: 'Seafood'
  (328/347) Searching keyword: 'Sesame'
  (329/347) Searching keyword: 'Sherbet'
  (330/347) Searching keyword: 'Snack'
  (331/347) Searching keyword: 'Soft drink'
  (332/347) Searching keyword: 'Soy'
  (333/347) Searching keyword: 'Soybean'
  (334/347) Searching keyword: 'Spice'
  (335/347) Searching keyword: 'Strawberries'
  (336/347) Searching keyword: 'Sweetener'
  (337/347) Searching keyword: 'Tahini'
  (338/347) Searching keyword: 'Tangerine'
  (339/347) Searching keyword: 'Topping'
  (340/347) Searching keyword: 'Tortilla'
  (341/347) Searching keyword: 'Tuna'
  (342/347) Searching keyword: 'Whipped'
  (343/347) Searching keyword: 'Whiting'
  (344/347) Searching keyword: 'jicama'
  (345/347) Searching keyword: 'Yellow'
  (346/347) Searching keyword: 'bottled water'
  (347/347) Searching keyword: 'bottled spring water'
  Saving and emailing results for store 366...
Payload results saved to G:\.shortcut-targets-by-id\10hwxlrEnEox7VqS6tvo44Q8rX59qZcSg\Drones_MV\UAV Rural Essential Goods Delivery\FOOD_PRICING\Data_Scraping\ACC\ACC_25_11\ACC_366_11_25.csv

Processing ZIP 99604 (store 375)
  (1/347) Searching keyword: 'Gold Medal Flour'
  (2/347) Searching keyword: 'Sugar granulated'
  (3/347) Searching keyword: 'Carnation Evaporated milk'
  (4/347) Searching keyword: 'Cereal Kellogg's corn flakes'
  (5/347) Searching keyword: 'Quaker Oatmeal 18 oz canister'
  (6/347) Searching keyword: 'rice long grain'
  (7/347) Searching keyword: 'White Bread loaf'
  (8/347) Searching keyword: 'Wheat Bread loaf'
  (9/347) Searching keyword: 'Spaghetti'
  (10/347) Searching keyword: 'Tortillas Mission soft taco'
  (11/347) Searching keyword: 'Pilot Bread'
  (12/347) Searching keyword: 'Nabisco saltine crackers'
  (13/347) Searching keyword: 'Ground beef lean'
  (14/347) Searching keyword: 'Chuck roast'
  (15/347) Searching keyword: 'Steak round'
  (16/347) Searching keyword: 'Steak New york'
  (17/347) Searching keyword: 'Chicken whole'
  (18/347) Searching keyword: 'Chicken breast'
  (19/347) Searching keyword: 'Bacon thick'
  (20/347) Searching keyword: 'Pork chops center'
  (21/347) Searching keyword: 'Ham boneless'
  (22/347) Searching keyword: 'Hot Dogs'
  (23/347) Searching keyword: 'Spam'
  (24/347) Searching keyword: 'Tuna light chunk oil'
  (25/347) Searching keyword: 'Eggs 18 count'
  (26/347) Searching keyword: 'Eggs Dozen'
  (27/347) Searching keyword: 'Milk whole 1 gallon'
  (28/347) Searching keyword: 'Milk 2% 1 gallon'
  (29/347) Searching keyword: 'Butter salted'
  (30/347) Searching keyword: 'Tillamook cheddar cheese 2 lb'
  (31/347) Searching keyword: 'Kraft American singles'
  (32/347) Searching keyword: 'Darigold Sour cream 17'
  (33/347) Searching keyword: 'Yoplait Yogurt blueberry'
  (34/347) Searching keyword: 'Vanilla Ice cream'
  (35/347) Searching keyword: 'Red Delicious Apples'
  (36/347) Searching keyword: 'Bananas'
  (37/347) Searching keyword: 'Oranges'
  (38/347) Searching keyword: 'Russet Potatoes'
  (39/347) Searching keyword: 'Iceberg Lettuce'
  (40/347) Searching keyword: 'Tomatoes large'
  (41/347) Searching keyword: 'yellow Onions'
  (42/347) Searching keyword: 'Canned Corn Del Monte'
  (43/347) Searching keyword: 'Canned green beans Del Monte'
  (44/347) Searching keyword: 'Dole Canned mandarin oranges'
  (45/347) Searching keyword: 'Orange juice frozen'
  (46/347) Searching keyword: 'Coke 13'
  (47/347) Searching keyword: 'Pepsi 13'
  (48/347) Searching keyword: '8 Up'
  (49/347) Searching keyword: 'Folgers Coffee'
  (50/347) Searching keyword: 'Lipton Tea bags'
  (51/347) Searching keyword: 'Top Ramen chicken'
  (52/347) Searching keyword: 'Heinz Ketchup'
  (53/347) Searching keyword: 'Smuckers Jelly strawberry'
  (54/347) Searching keyword: 'JIF Peanut Butter creamy'
  (55/347) Searching keyword: 'Vegetable'
  (56/347) Searching keyword: 'Infant Formula'
  (57/347) Searching keyword: 'ground beef'
  (58/347) Searching keyword: 'whole chicken'
  (59/347) Searching keyword: 'bacon'
  (60/347) Searching keyword: 'sausage'
  (61/347) Searching keyword: 'pork chops'
  (62/347) Searching keyword: 'deli meat'
  (63/347) Searching keyword: 'steak'
  (64/347) Searching keyword: 'turkey breast'
  (65/347) Searching keyword: 'ham'
  (66/347) Searching keyword: 'salami'
  (67/347) Searching keyword: 'meatballs'
  (68/347) Searching keyword: 'roast beef'
  (69/347) Searching keyword: 'frozen chicken nuggets'
  (70/347) Searching keyword: 'milk'
  (71/347) Searching keyword: 'eggs'
  (72/347) Searching keyword: 'butter'
  (73/347) Searching keyword: 'sour cream'
  (74/347) Searching keyword: 'shredded cheese'
  (75/347) Searching keyword: 'cream cheese'
  (76/347) Searching keyword: 'yogurt'
  (77/347) Searching keyword: 'cottage cheese'
  (78/347) Searching keyword: 'ice cream'
  (79/347) Searching keyword: 'half and half'
  (80/347) Searching keyword: 'apples'
  (81/347) Searching keyword: 'grapes'
  (82/347) Searching keyword: 'carrots'
  (83/347) Searching keyword: 'tomatoes'
  (84/347) Searching keyword: 'lettuce'
  (85/347) Searching keyword: 'broccoli'
  (86/347) Searching keyword: 'potatoes'
  (87/347) Searching keyword: 'onions'
  (88/347) Searching keyword: 'white bread'
  (89/347) Searching keyword: 'whole wheat bread'
  (90/347) Searching keyword: 'hamburger buns'
  (91/347) Searching keyword: 'tortillas'
  (92/347) Searching keyword: 'bagels'
  (93/347) Searching keyword: 'English muffins'
  (94/347) Searching keyword: 'pita bread'
  (95/347) Searching keyword: 'croissants'
  (96/347) Searching keyword: 'dinner rolls'
  (97/347) Searching keyword: 'gluten free bread'
  (98/347) Searching keyword: 'white rice'
  (99/347) Searching keyword: 'brown rice'
  (100/347) Searching keyword: 'elbow macaroni'
  (101/347) Searching keyword: 'lasagna noodles'
  (102/347) Searching keyword: 'instant rice'
  (103/347) Searching keyword: 'ramen'
  (104/347) Searching keyword: 'quinoa'
  (105/347) Searching keyword: 'couscous'
  (106/347) Searching keyword: 'flour'
  (107/347) Searching keyword: 'canned corn'
  (108/347) Searching keyword: 'canned beans'
  (109/347) Searching keyword: 'peanut butter'
  (110/347) Searching keyword: 'jelly'
  (111/347) Searching keyword: 'mayonnaise'
  (112/347) Searching keyword: 'ketchup'
  (113/347) Searching keyword: 'mustard'
  (114/347) Searching keyword: 'cooking oil'
  (115/347) Searching keyword: 'vinegar'
  (116/347) Searching keyword: 'sugar'
  (117/347) Searching keyword: 'toilet paper'
  (118/347) Searching keyword: 'paper towels'
  (119/347) Searching keyword: 'laundry detergent'
  (120/347) Searching keyword: 'dish soap'
  (121/347) Searching keyword: 'trash bags'
  (122/347) Searching keyword: 'cleaning wipes'
  (123/347) Searching keyword: 'air freshener'
  (124/347) Searching keyword: 'aluminum foil'
  (125/347) Searching keyword: 'ziplock bags'
  (126/347) Searching keyword: 'sponges'
  (127/347) Searching keyword: 'coffee'
  (128/347) Searching keyword: 'tea'
  (129/347) Searching keyword: 'orange juice'
  (130/347) Searching keyword: 'apple juice'
  (131/347) Searching keyword: 'soda'
  (132/347) Searching keyword: 'bottled water'
  (133/347) Searching keyword: 'energy drink'
  (134/347) Searching keyword: 'sports drink'
  (135/347) Searching keyword: 'lemonade'
  (136/347) Searching keyword: 'hot cocoa'
  (137/347) Searching keyword: 'potato chips'
  (138/347) Searching keyword: 'crackers'
  (139/347) Searching keyword: 'cookies'
  (140/347) Searching keyword: 'pretzels'
  (141/347) Searching keyword: 'granola bars'
  (142/347) Searching keyword: 'fruit snacks'
  (143/347) Searching keyword: 'popcorn'
  (144/347) Searching keyword: 'trail mix'
  (145/347) Searching keyword: 'jerky'
  (146/347) Searching keyword: 'nuts'
  (147/347) Searching keyword: 'toothpaste'
  (148/347) Searching keyword: 'shampoo'
  (149/347) Searching keyword: 'bar soap'
  (150/347) Searching keyword: 'deodorant'
  (151/347) Searching keyword: 'razor'
  (152/347) Searching keyword: 'apple'
  (153/347) Searching keyword: 'apricot'
  (154/347) Searching keyword: 'artichoke'
  (155/347) Searching keyword: 'arugula'
  (156/347) Searching keyword: 'asparagus'
  (157/347) Searching keyword: 'avocado'
  (158/347) Searching keyword: 'banana'
  (159/347) Searching keyword: 'beet'
  (160/347) Searching keyword: 'bell pepper'
  (161/347) Searching keyword: 'blackberry'
  (162/347) Searching keyword: 'blueberry'
  (163/347) Searching keyword: 'bok choy'
  (164/347) Searching keyword: 'brussels sprouts'
  (165/347) Searching keyword: 'cabbage'
  (166/347) Searching keyword: 'cantaloupe'
  (167/347) Searching keyword: 'carrot'
  (168/347) Searching keyword: 'cauliflower'
  (169/347) Searching keyword: 'celery'
  (170/347) Searching keyword: 'chard'
  (171/347) Searching keyword: 'cherry'
  (172/347) Searching keyword: 'chili pepper'
  (173/347) Searching keyword: 'collard greens'
  (174/347) Searching keyword: 'cucumber'
  (175/347) Searching keyword: 'eggplant'
  (176/347) Searching keyword: 'endive'
  (177/347) Searching keyword: 'escarole'
  (178/347) Searching keyword: 'fig'
  (179/347) Searching keyword: 'garlic'
  (180/347) Searching keyword: 'ginger'
  (181/347) Searching keyword: 'grape'
  (182/347) Searching keyword: 'grapefruit'
  (183/347) Searching keyword: 'green beans'
  (184/347) Searching keyword: 'green onion'
  (185/347) Searching keyword: 'green pepper'
  (186/347) Searching keyword: 'habanero'
  (187/347) Searching keyword: 'honeydew'
  (188/347) Searching keyword: 'jalapeno'
  (189/347) Searching keyword: 'kale'
  (190/347) Searching keyword: 'kiwi'
  (191/347) Searching keyword: 'leek'
  (192/347) Searching keyword: 'lemon'
  (193/347) Searching keyword: 'lime'
  (194/347) Searching keyword: 'mango'
  (195/347) Searching keyword: 'mushroom'
  (196/347) Searching keyword: 'mustard greens'
  (197/347) Searching keyword: 'nectarine'
  (198/347) Searching keyword: 'okra'
  (199/347) Searching keyword: 'onion'
  (200/347) Searching keyword: 'orange'
  (201/347) Searching keyword: 'papaya'
  (202/347) Searching keyword: 'parsnip'
  (203/347) Searching keyword: 'peach'
  (204/347) Searching keyword: 'pear'
  (205/347) Searching keyword: 'pineapple'
  (206/347) Searching keyword: 'plum'
  (207/347) Searching keyword: 'pomegranate'
  (208/347) Searching keyword: 'potato'
  (209/347) Searching keyword: 'pumpkin'
  (210/347) Searching keyword: 'radicchio'
  (211/347) Searching keyword: 'radish'
  (212/347) Searching keyword: 'raspberry'
  (213/347) Searching keyword: 'red cabbage'
  (214/347) Searching keyword: 'red pepper'
  (215/347) Searching keyword: 'romaine lettuce'
  (216/347) Searching keyword: 'rutabaga'
  (217/347) Searching keyword: 'shallot'
  (218/347) Searching keyword: 'snap peas'
  (219/347) Searching keyword: 'snow peas'
  (220/347) Searching keyword: 'spinach'
  (221/347) Searching keyword: 'squash'
  (222/347) Searching keyword: 'strawberry'
  (223/347) Searching keyword: 'sweet potato'
  (224/347) Searching keyword: 'tomato'
  (225/347) Searching keyword: 'turnip'
  (226/347) Searching keyword: 'watermelon'
  (227/347) Searching keyword: 'yellow pepper'
  (228/347) Searching keyword: 'zucchini'
  (229/347) Searching keyword: 'Almond'
  (230/347) Searching keyword: 'Dressing'
  (231/347) Searching keyword: 'Bagel'
  (232/347) Searching keyword: 'Bean'
  (233/347) Searching keyword: 'Soup'
  (234/347) Searching keyword: 'Beef'
  (235/347) Searching keyword: 'Beverages'
  (236/347) Searching keyword: 'Juice'
  (237/347) Searching keyword: 'Bread'
  (238/347) Searching keyword: 'Breakfast bar'
  (239/347) Searching keyword: 'Burrito'
  (240/347) Searching keyword: 'Cactus'
  (241/347) Searching keyword: 'oil'
  (242/347) Searching keyword: 'Canola'
  (243/347) Searching keyword: 'dip'
  (244/347) Searching keyword: 'Cassava'
  (245/347) Searching keyword: 'granola bar'
  (246/347) Searching keyword: 'Cereal'
  (247/347) Searching keyword: 'Cheese'
  (248/347) Searching keyword: 'Chicken'
  (249/347) Searching keyword: 'Chickpea'
  (250/347) Searching keyword: 'Chili'
  (251/347) Searching keyword: 'Chip'
  (252/347) Searching keyword: 'Chocolate'
  (253/347) Searching keyword: 'syrup'
  (254/347) Searching keyword: 'hazelnut'
  (255/347) Searching keyword: 'Coconut'
  (256/347) Searching keyword: 'Cod'
  (257/347) Searching keyword: 'creamer'
  (258/347) Searching keyword: 'Coleslaw'
  (259/347) Searching keyword: 'Collard'
  (260/347) Searching keyword: 'cilantro'
  (261/347) Searching keyword: 'Corn'
  (262/347) Searching keyword: 'Cowpeas'
  (263/347) Searching keyword: 'Cracker'
  (264/347) Searching keyword: 'Cranberry'
  (265/347) Searching keyword: 'wheat'
  (266/347) Searching keyword: 'Cream'
  (267/347) Searching keyword: 'Egg'
  (268/347) Searching keyword: 'Eggnog'
  (269/347) Searching keyword: 'Fava'
  (270/347) Searching keyword: 'Fish'
  (271/347) Searching keyword: 'Flan'
  (272/347) Searching keyword: 'rice'
  (273/347) Searching keyword: 'hot dog'
  (274/347) Searching keyword: 'Frankfurter'
  (275/347) Searching keyword: 'cocktail'
  (276/347) Searching keyword: 'Fruit juice'
  (277/347) Searching keyword: 'Gelatin'
  (278/347) Searching keyword: 'Goat'
  (279/347) Searching keyword: 'Greens'
  (280/347) Searching keyword: 'Guava'
  (281/347) Searching keyword: 'Hominy'
  (282/347) Searching keyword: 'Honey'
  (283/347) Searching keyword: 'Ice'
  (284/347) Searching keyword: 'Icing'
  (285/347) Searching keyword: 'Italian dressing'
  (286/347) Searching keyword: 'preserve'
  (287/347) Searching keyword: 'Jam'
  (288/347) Searching keyword: 'Lard'
  (289/347) Searching keyword: 'Lentil'
  (290/347) Searching keyword: 'Macaroni'
  (291/347) Searching keyword: 'Margarine'
  (292/347) Searching keyword: 'Marmalade'
  (293/347) Searching keyword: 'Masa harina'
  (294/347) Searching keyword: 'Melon'
  (295/347) Searching keyword: 'Mozzarella'
  (296/347) Searching keyword: 'Multigrain'
  (297/347) Searching keyword: 'Noodle'
  (298/347) Searching keyword: 'Nopal'
  (299/347) Searching keyword: 'Nutrition bar'
  (300/347) Searching keyword: 'Nut'
  (301/347) Searching keyword: 'Oat bran'
  (302/347) Searching keyword: 'Oatmeal'
  (303/347) Searching keyword: 'Parsley'
  (304/347) Searching keyword: 'Passion fruit'
  (305/347) Searching keyword: 'Pasta'
  (306/347) Searching keyword: 'Peanut'
  (307/347) Searching keyword: 'Pea'
  (308/347) Searching keyword: 'Pepper'
  (309/347) Searching keyword: 'Persimmon'
  (310/347) Searching keyword: 'relish'
  (311/347) Searching keyword: 'Pinto'
  (312/347) Searching keyword: 'Pizza'
  (313/347) Searching keyword: 'Plantain'
  (314/347) Searching keyword: 'Poppy seed'
  (315/347) Searching keyword: 'Pork'
  (316/347) Searching keyword: 'Prune'
  (317/347) Searching keyword: 'Pudding'
  (318/347) Searching keyword: 'Ravioli'
  (319/347) Searching keyword: 'kidney'
  (320/347) Searching keyword: 'Roll'
  (321/347) Searching keyword: 'Salad'
  (322/347) Searching keyword: 'Salsa'
  (323/347) Searching keyword: 'Salt'
  (324/347) Searching keyword: 'Sandwich'
  (325/347) Searching keyword: 'Sauce'
  (326/347) Searching keyword: 'Sauerkraut'
  (327/347) Searching keyword: 'Seafood'
  (328/347) Searching keyword: 'Sesame'
  (329/347) Searching keyword: 'Sherbet'
  (330/347) Searching keyword: 'Snack'
  (331/347) Searching keyword: 'Soft drink'
  (332/347) Searching keyword: 'Soy'
  (333/347) Searching keyword: 'Soybean'
  (334/347) Searching keyword: 'Spice'
  (335/347) Searching keyword: 'Strawberries'
  (336/347) Searching keyword: 'Sweetener'
  (337/347) Searching keyword: 'Tahini'
  (338/347) Searching keyword: 'Tangerine'
  (339/347) Searching keyword: 'Topping'
  (340/347) Searching keyword: 'Tortilla'
  (341/347) Searching keyword: 'Tuna'
  (342/347) Searching keyword: 'Whipped'
  (343/347) Searching keyword: 'Whiting'
  (344/347) Searching keyword: 'jicama'
  (345/347) Searching keyword: 'Yellow'
  (346/347) Searching keyword: 'bottled water'
  (347/347) Searching keyword: 'bottled spring water'
  Saving and emailing results for store 375...
Payload results saved to G:\.shortcut-targets-by-id\10hwxlrEnEox7VqS6tvo44Q8rX59qZcSg\Drones_MV\UAV Rural Essential Goods Delivery\FOOD_PRICING\Data_Scraping\ACC\ACC_25_11\ACC_375_11_25.csv

Processing ZIP 99752 (store 395)
  (1/347) Searching keyword: 'Gold Medal Flour'
  (2/347) Searching keyword: 'Sugar granulated'
  (3/347) Searching keyword: 'Carnation Evaporated milk'
  (4/347) Searching keyword: 'Cereal Kellogg's corn flakes'
  (5/347) Searching keyword: 'Quaker Oatmeal 18 oz canister'
  (6/347) Searching keyword: 'rice long grain'
  (7/347) Searching keyword: 'White Bread loaf'
  (8/347) Searching keyword: 'Wheat Bread loaf'
  (9/347) Searching keyword: 'Spaghetti'
  (10/347) Searching keyword: 'Tortillas Mission soft taco'
  (11/347) Searching keyword: 'Pilot Bread'
  (12/347) Searching keyword: 'Nabisco saltine crackers'
  (13/347) Searching keyword: 'Ground beef lean'
  (14/347) Searching keyword: 'Chuck roast'
  (15/347) Searching keyword: 'Steak round'
  (16/347) Searching keyword: 'Steak New york'
  (17/347) Searching keyword: 'Chicken whole'
  (18/347) Searching keyword: 'Chicken breast'
  (19/347) Searching keyword: 'Bacon thick'
  (20/347) Searching keyword: 'Pork chops center'
  (21/347) Searching keyword: 'Ham boneless'
  (22/347) Searching keyword: 'Hot Dogs'
  (23/347) Searching keyword: 'Spam'
  (24/347) Searching keyword: 'Tuna light chunk oil'
  (25/347) Searching keyword: 'Eggs 18 count'
  (26/347) Searching keyword: 'Eggs Dozen'
  (27/347) Searching keyword: 'Milk whole 1 gallon'
  (28/347) Searching keyword: 'Milk 2% 1 gallon'
  (29/347) Searching keyword: 'Butter salted'
  (30/347) Searching keyword: 'Tillamook cheddar cheese 2 lb'
  (31/347) Searching keyword: 'Kraft American singles'
  (32/347) Searching keyword: 'Darigold Sour cream 17'
  (33/347) Searching keyword: 'Yoplait Yogurt blueberry'
  (34/347) Searching keyword: 'Vanilla Ice cream'
  (35/347) Searching keyword: 'Red Delicious Apples'
  (36/347) Searching keyword: 'Bananas'
  (37/347) Searching keyword: 'Oranges'
  (38/347) Searching keyword: 'Russet Potatoes'
  (39/347) Searching keyword: 'Iceberg Lettuce'
  (40/347) Searching keyword: 'Tomatoes large'
  (41/347) Searching keyword: 'yellow Onions'
  (42/347) Searching keyword: 'Canned Corn Del Monte'
  (43/347) Searching keyword: 'Canned green beans Del Monte'
  (44/347) Searching keyword: 'Dole Canned mandarin oranges'
  (45/347) Searching keyword: 'Orange juice frozen'
  (46/347) Searching keyword: 'Coke 13'
  (47/347) Searching keyword: 'Pepsi 13'
  (48/347) Searching keyword: '8 Up'
  (49/347) Searching keyword: 'Folgers Coffee'
  (50/347) Searching keyword: 'Lipton Tea bags'
  (51/347) Searching keyword: 'Top Ramen chicken'
  (52/347) Searching keyword: 'Heinz Ketchup'
  (53/347) Searching keyword: 'Smuckers Jelly strawberry'
  (54/347) Searching keyword: 'JIF Peanut Butter creamy'
  (55/347) Searching keyword: 'Vegetable'
  (56/347) Searching keyword: 'Infant Formula'
  (57/347) Searching keyword: 'ground beef'
  (58/347) Searching keyword: 'whole chicken'
  (59/347) Searching keyword: 'bacon'
  (60/347) Searching keyword: 'sausage'
  (61/347) Searching keyword: 'pork chops'
  (62/347) Searching keyword: 'deli meat'
  (63/347) Searching keyword: 'steak'
  (64/347) Searching keyword: 'turkey breast'
  (65/347) Searching keyword: 'ham'
  (66/347) Searching keyword: 'salami'
  (67/347) Searching keyword: 'meatballs'
  (68/347) Searching keyword: 'roast beef'
  (69/347) Searching keyword: 'frozen chicken nuggets'
  (70/347) Searching keyword: 'milk'
  (71/347) Searching keyword: 'eggs'
  (72/347) Searching keyword: 'butter'
  (73/347) Searching keyword: 'sour cream'
  (74/347) Searching keyword: 'shredded cheese'
  (75/347) Searching keyword: 'cream cheese'
  (76/347) Searching keyword: 'yogurt'
  (77/347) Searching keyword: 'cottage cheese'
  (78/347) Searching keyword: 'ice cream'
  (79/347) Searching keyword: 'half and half'
  (80/347) Searching keyword: 'apples'
  (81/347) Searching keyword: 'grapes'
  (82/347) Searching keyword: 'carrots'
  (83/347) Searching keyword: 'tomatoes'
  (84/347) Searching keyword: 'lettuce'
  (85/347) Searching keyword: 'broccoli'
  (86/347) Searching keyword: 'potatoes'
  (87/347) Searching keyword: 'onions'
  (88/347) Searching keyword: 'white bread'
  (89/347) Searching keyword: 'whole wheat bread'
  (90/347) Searching keyword: 'hamburger buns'
  (91/347) Searching keyword: 'tortillas'
  (92/347) Searching keyword: 'bagels'
  (93/347) Searching keyword: 'English muffins'
  (94/347) Searching keyword: 'pita bread'
  (95/347) Searching keyword: 'croissants'
  (96/347) Searching keyword: 'dinner rolls'
  (97/347) Searching keyword: 'gluten free bread'
  (98/347) Searching keyword: 'white rice'
  (99/347) Searching keyword: 'brown rice'
  (100/347) Searching keyword: 'elbow macaroni'
  (101/347) Searching keyword: 'lasagna noodles'
  (102/347) Searching keyword: 'instant rice'
  (103/347) Searching keyword: 'ramen'
  (104/347) Searching keyword: 'quinoa'
  (105/347) Searching keyword: 'couscous'
  (106/347) Searching keyword: 'flour'
  (107/347) Searching keyword: 'canned corn'
  (108/347) Searching keyword: 'canned beans'
  (109/347) Searching keyword: 'peanut butter'
  (110/347) Searching keyword: 'jelly'
  (111/347) Searching keyword: 'mayonnaise'
  (112/347) Searching keyword: 'ketchup'
  (113/347) Searching keyword: 'mustard'
  (114/347) Searching keyword: 'cooking oil'
  (115/347) Searching keyword: 'vinegar'
  (116/347) Searching keyword: 'sugar'
  (117/347) Searching keyword: 'toilet paper'
  (118/347) Searching keyword: 'paper towels'
  (119/347) Searching keyword: 'laundry detergent'
  (120/347) Searching keyword: 'dish soap'
  (121/347) Searching keyword: 'trash bags'
  (122/347) Searching keyword: 'cleaning wipes'
  (123/347) Searching keyword: 'air freshener'
  (124/347) Searching keyword: 'aluminum foil'
  (125/347) Searching keyword: 'ziplock bags'
  (126/347) Searching keyword: 'sponges'
  (127/347) Searching keyword: 'coffee'
  (128/347) Searching keyword: 'tea'
  (129/347) Searching keyword: 'orange juice'
  (130/347) Searching keyword: 'apple juice'
  (131/347) Searching keyword: 'soda'
  (132/347) Searching keyword: 'bottled water'
  (133/347) Searching keyword: 'energy drink'
  (134/347) Searching keyword: 'sports drink'
  (135/347) Searching keyword: 'lemonade'
  (136/347) Searching keyword: 'hot cocoa'
  (137/347) Searching keyword: 'potato chips'
  (138/347) Searching keyword: 'crackers'
  (139/347) Searching keyword: 'cookies'
  (140/347) Searching keyword: 'pretzels'
  (141/347) Searching keyword: 'granola bars'
  (142/347) Searching keyword: 'fruit snacks'
  (143/347) Searching keyword: 'popcorn'
  (144/347) Searching keyword: 'trail mix'
  (145/347) Searching keyword: 'jerky'
  (146/347) Searching keyword: 'nuts'
  (147/347) Searching keyword: 'toothpaste'
  (148/347) Searching keyword: 'shampoo'
  (149/347) Searching keyword: 'bar soap'
  (150/347) Searching keyword: 'deodorant'
  (151/347) Searching keyword: 'razor'
  (152/347) Searching keyword: 'apple'
  (153/347) Searching keyword: 'apricot'
  (154/347) Searching keyword: 'artichoke'
  (155/347) Searching keyword: 'arugula'
  (156/347) Searching keyword: 'asparagus'
  (157/347) Searching keyword: 'avocado'
  (158/347) Searching keyword: 'banana'
  (159/347) Searching keyword: 'beet'
  (160/347) Searching keyword: 'bell pepper'
  (161/347) Searching keyword: 'blackberry'
  (162/347) Searching keyword: 'blueberry'
  (163/347) Searching keyword: 'bok choy'
  (164/347) Searching keyword: 'brussels sprouts'
  (165/347) Searching keyword: 'cabbage'
  (166/347) Searching keyword: 'cantaloupe'
  (167/347) Searching keyword: 'carrot'
  (168/347) Searching keyword: 'cauliflower'
  (169/347) Searching keyword: 'celery'
  (170/347) Searching keyword: 'chard'
  (171/347) Searching keyword: 'cherry'
  (172/347) Searching keyword: 'chili pepper'
  (173/347) Searching keyword: 'collard greens'
  (174/347) Searching keyword: 'cucumber'
  (175/347) Searching keyword: 'eggplant'
  (176/347) Searching keyword: 'endive'
  (177/347) Searching keyword: 'escarole'
  (178/347) Searching keyword: 'fig'
  (179/347) Searching keyword: 'garlic'
  (180/347) Searching keyword: 'ginger'
  (181/347) Searching keyword: 'grape'
  (182/347) Searching keyword: 'grapefruit'
  (183/347) Searching keyword: 'green beans'
  (184/347) Searching keyword: 'green onion'
  (185/347) Searching keyword: 'green pepper'
  (186/347) Searching keyword: 'habanero'
  (187/347) Searching keyword: 'honeydew'
  (188/347) Searching keyword: 'jalapeno'
  (189/347) Searching keyword: 'kale'
  (190/347) Searching keyword: 'kiwi'
  (191/347) Searching keyword: 'leek'
  (192/347) Searching keyword: 'lemon'
  (193/347) Searching keyword: 'lime'
  (194/347) Searching keyword: 'mango'
  (195/347) Searching keyword: 'mushroom'
  (196/347) Searching keyword: 'mustard greens'
  (197/347) Searching keyword: 'nectarine'
  (198/347) Searching keyword: 'okra'
  (199/347) Searching keyword: 'onion'
  (200/347) Searching keyword: 'orange'
  (201/347) Searching keyword: 'papaya'
  (202/347) Searching keyword: 'parsnip'
  (203/347) Searching keyword: 'peach'
  (204/347) Searching keyword: 'pear'
  (205/347) Searching keyword: 'pineapple'
  (206/347) Searching keyword: 'plum'
  (207/347) Searching keyword: 'pomegranate'
  (208/347) Searching keyword: 'potato'
  (209/347) Searching keyword: 'pumpkin'
  (210/347) Searching keyword: 'radicchio'
  (211/347) Searching keyword: 'radish'
  (212/347) Searching keyword: 'raspberry'
  (213/347) Searching keyword: 'red cabbage'
  (214/347) Searching keyword: 'red pepper'
  (215/347) Searching keyword: 'romaine lettuce'
  (216/347) Searching keyword: 'rutabaga'
  (217/347) Searching keyword: 'shallot'
  (218/347) Searching keyword: 'snap peas'
  (219/347) Searching keyword: 'snow peas'
  (220/347) Searching keyword: 'spinach'
  (221/347) Searching keyword: 'squash'
  (222/347) Searching keyword: 'strawberry'
  (223/347) Searching keyword: 'sweet potato'
  (224/347) Searching keyword: 'tomato'
  (225/347) Searching keyword: 'turnip'
  (226/347) Searching keyword: 'watermelon'
  (227/347) Searching keyword: 'yellow pepper'
  (228/347) Searching keyword: 'zucchini'
  (229/347) Searching keyword: 'Almond'
  (230/347) Searching keyword: 'Dressing'
  (231/347) Searching keyword: 'Bagel'
  (232/347) Searching keyword: 'Bean'
  (233/347) Searching keyword: 'Soup'
  (234/347) Searching keyword: 'Beef'
  (235/347) Searching keyword: 'Beverages'
  (236/347) Searching keyword: 'Juice'
  (237/347) Searching keyword: 'Bread'
  (238/347) Searching keyword: 'Breakfast bar'
  (239/347) Searching keyword: 'Burrito'
  (240/347) Searching keyword: 'Cactus'
  (241/347) Searching keyword: 'oil'
  (242/347) Searching keyword: 'Canola'
  (243/347) Searching keyword: 'dip'
  (244/347) Searching keyword: 'Cassava'
  (245/347) Searching keyword: 'granola bar'
  (246/347) Searching keyword: 'Cereal'
  (247/347) Searching keyword: 'Cheese'
  (248/347) Searching keyword: 'Chicken'
  (249/347) Searching keyword: 'Chickpea'
  (250/347) Searching keyword: 'Chili'
  (251/347) Searching keyword: 'Chip'
  (252/347) Searching keyword: 'Chocolate'
  (253/347) Searching keyword: 'syrup'
  (254/347) Searching keyword: 'hazelnut'
  (255/347) Searching keyword: 'Coconut'
  (256/347) Searching keyword: 'Cod'
  (257/347) Searching keyword: 'creamer'
  (258/347) Searching keyword: 'Coleslaw'
  (259/347) Searching keyword: 'Collard'
  (260/347) Searching keyword: 'cilantro'
  (261/347) Searching keyword: 'Corn'
  (262/347) Searching keyword: 'Cowpeas'
  (263/347) Searching keyword: 'Cracker'
  (264/347) Searching keyword: 'Cranberry'
  (265/347) Searching keyword: 'wheat'
  (266/347) Searching keyword: 'Cream'
  (267/347) Searching keyword: 'Egg'
  (268/347) Searching keyword: 'Eggnog'
  (269/347) Searching keyword: 'Fava'
  (270/347) Searching keyword: 'Fish'
  (271/347) Searching keyword: 'Flan'
  (272/347) Searching keyword: 'rice'
  (273/347) Searching keyword: 'hot dog'
  (274/347) Searching keyword: 'Frankfurter'
  (275/347) Searching keyword: 'cocktail'
  (276/347) Searching keyword: 'Fruit juice'
  (277/347) Searching keyword: 'Gelatin'
  (278/347) Searching keyword: 'Goat'
  (279/347) Searching keyword: 'Greens'
  (280/347) Searching keyword: 'Guava'
  (281/347) Searching keyword: 'Hominy'
  (282/347) Searching keyword: 'Honey'
  (283/347) Searching keyword: 'Ice'
  (284/347) Searching keyword: 'Icing'
  (285/347) Searching keyword: 'Italian dressing'
  (286/347) Searching keyword: 'preserve'
  (287/347) Searching keyword: 'Jam'
  (288/347) Searching keyword: 'Lard'
  (289/347) Searching keyword: 'Lentil'
  (290/347) Searching keyword: 'Macaroni'
  (291/347) Searching keyword: 'Margarine'
  (292/347) Searching keyword: 'Marmalade'
  (293/347) Searching keyword: 'Masa harina'
  (294/347) Searching keyword: 'Melon'
  (295/347) Searching keyword: 'Mozzarella'
  (296/347) Searching keyword: 'Multigrain'
  (297/347) Searching keyword: 'Noodle'
  (298/347) Searching keyword: 'Nopal'
  (299/347) Searching keyword: 'Nutrition bar'
  (300/347) Searching keyword: 'Nut'
  (301/347) Searching keyword: 'Oat bran'
  (302/347) Searching keyword: 'Oatmeal'
  (303/347) Searching keyword: 'Parsley'
  (304/347) Searching keyword: 'Passion fruit'
  (305/347) Searching keyword: 'Pasta'
  (306/347) Searching keyword: 'Peanut'
  (307/347) Searching keyword: 'Pea'
  (308/347) Searching keyword: 'Pepper'
  (309/347) Searching keyword: 'Persimmon'
  (310/347) Searching keyword: 'relish'
  (311/347) Searching keyword: 'Pinto'
  (312/347) Searching keyword: 'Pizza'
  (313/347) Searching keyword: 'Plantain'
  (314/347) Searching keyword: 'Poppy seed'
  (315/347) Searching keyword: 'Pork'
  (316/347) Searching keyword: 'Prune'
  (317/347) Searching keyword: 'Pudding'
  (318/347) Searching keyword: 'Ravioli'
  (319/347) Searching keyword: 'kidney'
  (320/347) Searching keyword: 'Roll'
  (321/347) Searching keyword: 'Salad'
  (322/347) Searching keyword: 'Salsa'
  (323/347) Searching keyword: 'Salt'
  (324/347) Searching keyword: 'Sandwich'
  (325/347) Searching keyword: 'Sauce'
  (326/347) Searching keyword: 'Sauerkraut'
  (327/347) Searching keyword: 'Seafood'
  (328/347) Searching keyword: 'Sesame'
  (329/347) Searching keyword: 'Sherbet'
  (330/347) Searching keyword: 'Snack'
  (331/347) Searching keyword: 'Soft drink'
  (332/347) Searching keyword: 'Soy'
  (333/347) Searching keyword: 'Soybean'
  (334/347) Searching keyword: 'Spice'
  (335/347) Searching keyword: 'Strawberries'
  (336/347) Searching keyword: 'Sweetener'
  (337/347) Searching keyword: 'Tahini'
  (338/347) Searching keyword: 'Tangerine'
  (339/347) Searching keyword: 'Topping'
  (340/347) Searching keyword: 'Tortilla'
  (341/347) Searching keyword: 'Tuna'
  (342/347) Searching keyword: 'Whipped'
  (343/347) Searching keyword: 'Whiting'
  (344/347) Searching keyword: 'jicama'
  (345/347) Searching keyword: 'Yellow'
  (346/347) Searching keyword: 'bottled water'
  (347/347) Searching keyword: 'bottled spring water'
  Saving and emailing results for store 395...
Payload results saved to G:\.shortcut-targets-by-id\10hwxlrEnEox7VqS6tvo44Q8rX59qZcSg\Drones_MV\UAV Rural Essential Goods Delivery\FOOD_PRICING\Data_Scraping\ACC\ACC_25_11\ACC_395_11_25.csv
[2025-11-15 22:42:13] SUCCESS.
   ✔ ACC — 204m 17s
  |                                                                              |=======================                                               |  33%(2/3) FM — starting
[2025-11-15 22:42:13] START:   G:/.shortcut-targets-by-id/10hwxlrEnEox7VqS6tvo44Q8rX59qZcSg/Drones_MV/GITHUB/ISER/MJones/FOOD_SECURITY/FOOD_PRICING/DATA_PULL_SCRIPTS/FM/FM9_vc.py
[2025-11-15 22:42:13] ERROR:  RuntimeError: Token HTTP 401; ct=application/json; charset=utf-8; peek='{"error":"unauthorized","error_description":"invalid credentials"}'
Run `reticulate::py_last_error()` for details.
[2025-11-15 22:42:14]   py$type:   RuntimeError
[2025-11-15 22:42:14]   py$value:  Token HTTP 401; ct=application/json; charset=utf-8; peek='{"error":"unauthorized","error_description":"invalid credentials"}'
See log for full Python traceback: G:/.shortcut-targets-by-id/10hwxlrEnEox7VqS6tvo44Q8rX59qZcSg/Drones_MV/GITHUB/ISER/MJones/FOOD_SECURITY/FOOD_PRICING/DATA_PULL_SCRIPTS/Scraping_Logs/FM_20251115.log
   ✖ FM — 0.7s
  |                                                                              |===============================================                       |  67%(3/3) WM — starting
[2025-11-15 22:42:14] START:   G:/.shortcut-targets-by-id/10hwxlrEnEox7VqS6tvo44Q8rX59qZcSg/Drones_MV/GITHUB/ISER/MJones/FOOD_SECURITY/FOOD_PRICING/DATA_PULL_SCRIPTS/WM/Bright_Data/Scripts/Walmart_Bright_Data11.py
[2025-11-15 22:42:14] [OK] Triggered snapshot_id: sd_mi1er1j71vw5gpndr9
[2025-11-15 22:42:14] [INFO] Saved snapshot id → G:\.shortcut-targets-by-id\10hwxlrEnEox7VqS6tvo44Q8rX59qZcSg\Drones_MV\GITHUB\ISER\MJones\FOOD_SECURITY\FOOD_PRICING\DATA_PULL_SCRIPTS\WM\Bright_Data\Outputs\25_11\last_snapshot.txt
[2025-11-15 22:42:14] [POLL] snapshot=sd_mi1er1j71vw5gpndr9 status=running remaining=359m
Timeout: snapshot did not become ready within the polling window.
[2025-11-16 04:43:56] ERROR:  SystemExit: 1
Run `reticulate::py_last_error()` for details.
[2025-11-16 04:43:56]   py$type:   SystemExit
[2025-11-16 04:43:56]   py$value:  1
See log for full Python traceback: G:/.shortcut-targets-by-id/10hwxlrEnEox7VqS6tvo44Q8rX59qZcSg/Drones_MV/GITHUB/ISER/MJones/FOOD_SECURITY/FOOD_PRICING/DATA_PULL_SCRIPTS/Scraping_Logs/WM_20251116.log
   ✖ WM — 361m 43s
  |                                                                              |======================================================================| 100%
Error: 
One or more pulls failed. Check logs in: G:/.shortcut-targets-by-id/10hwxlrEnEox7VqS6tvo44Q8rX59qZcSg/Drones_MV/GITHUB/ISER/MJones/FOOD_SECURITY/FOOD_PRICING/DATA_PULL_SCRIPTS/Scraping_Logs
Execution halted
 
[SUMMARY] Walmart run: TIMEOUT/FAIL RC=1  (wait=360m, poll=120s) 
[HINT] Consider raising BRIGHTDATA_MAX_WAIT_MIN or set BRIGHTDATA_SNAPSHOT_ID to a ready snapshot. 
[INFO] Finished with exit code 1 at Sun 11/16/2025  4:43:56.76 
